profesi_id,program_id,gelombang_id,angkatan,tahun_program,kode_profesi,nama_profesi,jenjang,kota_rekrutmen,tgl_buka,tgl_tutup,min_ipk,umur_maks,sumber_rekrutmen,jenis_program,penempatan,status_sumber,kuota,diterima_target
F00001,P0001,G2019-007,7,2019,7.1,REKRUTMEN PRO HIRE PLN GROUP TAHUN 2019 - ASET PROPERTI,S2,Seluruh Indonesia,,,3.0,40,mandiri,PRO_HIRE,INDUK,DIMODELKAN,0,0
F00002,P0002,G2019-007,7,2019,7.2,REKRUTMEN PRO HIRE PLN GROUP TAHUN 2019 - JAKARTA,S2,Seluruh Indonesia,,,3.0,40,mandiri,PRO_HIRE,INDUK,DIMODELKAN,0,0
F00003,P0003,G2019-070,70,2019,70.3,REKRUTMEN PLN GROUP TINGKAT S1/D4 & D3 (2019) - DENPASAR,S1/D-IV,Seluruh Indonesia,,,3.0,27,mandiri,REGULER,SUBHOLDING,DIMODELKAN,81,81
F00004,P0003,G2019-070,70,2019,70.4,REKRUTMEN PLN GROUP TINGKAT S1/D4 & D3 (2019) - DENPASAR,D-III,Seluruh Indonesia,,,3.0,25,mandiri,REGULER,SUBHOLDING,DIMODELKAN,45,45
F00005,P0003,G2019-070,70,2019,70.5,REKRUTMEN PLN GROUP TINGKAT S1/D4 & D3 (2019) - DENPASAR,S2,Seluruh Indonesia,,,3.0,30,mandiri,REGULER,SUBHOLDING,DIMODELKAN,3,3
F00006,P0004,G2019-070,70,2019,70.6,REKRUTMEN PLN GROUP TINGKAT S1/D4 & D3 (2019) - MAKASSAR,S1/D-IV,Seluruh Indonesia,,,3.0,27,mandiri,REGULER,INDUK,DIMODELKAN,43,43
F00007,P0004,G2019-070,70,2019,70.7,REKRUTMEN PLN GROUP TINGKAT S1/D4 & D3 (2019) - MAKASSAR,D-III,Seluruh Indonesia,,,3.0,25,mandiri,REGULER,INDUK,DIMODELKAN,24,24
F00008,P0004,G2019-070,70,2019,70.8,REKRUTMEN PLN GROUP TINGKAT S1/D4 & D3 (2019) - MAKASSAR,S2,Seluruh Indonesia,,,3.0,30,mandiri,REGULER,INDUK,DIMODELKAN,2,2
F00009,P0005,G2019-070,70,2019,70.9,REKRUTMEN PLN GROUP TINGKAT S1/D4 & D3 (2019) - PADANG,S1/D-IV,Seluruh Indonesia,,,3.0,27,mandiri,REGULER,INDUK,DIMODELKAN,43,43
F00010,P0005,G2019-070,70,2019,70.10,REKRUTMEN PLN GROUP TINGKAT S1/D4 & D3 (2019) - PADANG,D-III,Seluruh Indonesia,,,3.0,25,mandiri,REGULER,INDUK,DIMODELKAN,24,24
F00011,P0005,G2019-070,70,2019,70.11,REKRUTMEN PLN GROUP TINGKAT S1/D4 & D3 (2019) - PADANG,S2,Seluruh Indonesia,,,3.0,30,mandiri,REGULER,INDUK,DIMODELKAN,2,2
F00012,P0006,G2019-071,71,2019,71.12,REKRUTMEN PLN GROUP S1/D4 & D3 - AIRLANGGA CAREER FAIR,S1/D-IV,Seluruh Indonesia,,,3.0,27,mandiri,CAMPUS,INDUK,DIMODELKAN,43,43
F00013,P0006,G2019-071,71,2019,71.13,REKRUTMEN PLN GROUP S1/D4 & D3 - AIRLANGGA CAREER FAIR,D-III,Seluruh Indonesia,,,3.0,25,mandiri,CAMPUS,INDUK,DIMODELKAN,24,24
F00014,P0006,G2019-071,71,2019,71.14,REKRUTMEN PLN GROUP S1/D4 & D3 - AIRLANGGA CAREER FAIR,S2,Seluruh Indonesia,,,3.0,30,mandiri,CAMPUS,INDUK,DIMODELKAN,2,2
F00015,P0007,G2019-071,71,2019,71.15,REKRUTMEN PLN GROUP TINGKAT S1/D4 & D3 (2019) - BALIKPAPAN,S1/D-IV,Seluruh Indonesia,,,3.0,27,mandiri,REGULER,INDUK,DIMODELKAN,43,43
F00016,P0007,G2019-071,71,2019,71.16,REKRUTMEN PLN GROUP TINGKAT S1/D4 & D3 (2019) - BALIKPAPAN,D-III,Seluruh Indonesia,,,3.0,25,mandiri,REGULER,INDUK,DIMODELKAN,24,24
F00017,P0007,G2019-071,71,2019,71.17,REKRUTMEN PLN GROUP TINGKAT S1/D4 & D3 (2019) - BALIKPAPAN,S2,Seluruh Indonesia,,,3.0,30,mandiri,REGULER,INDUK,DIMODELKAN,2,2
F00018,P0008,G2019-071,71,2019,71.18,REKRUTMEN PLN GROUP TINGKAT S1/D4 & D3 (2019) - BANDUNG,S1/D-IV,Seluruh Indonesia,,,3.0,27,mandiri,REGULER,SUBHOLDING,DIMODELKAN,80,80
F00019,P0008,G2019-071,71,2019,71.19,REKRUTMEN PLN GROUP TINGKAT S1/D4 & D3 (2019) - BANDUNG,D-III,Seluruh Indonesia,,,3.0,25,mandiri,REGULER,SUBHOLDING,DIMODELKAN,45,45
F00020,P0008,G2019-071,71,2019,71.20,REKRUTMEN PLN GROUP TINGKAT S1/D4 & D3 (2019) - BANDUNG,S2,Seluruh Indonesia,,,3.0,30,mandiri,REGULER,SUBHOLDING,DIMODELKAN,3,3
F00021,P0009,G2019-071,71,2019,71.21,REKRUTMEN PLN GROUP TINGKAT S1/D4 & D3 (2019) - JAKARTA,S1/D-IV,Seluruh Indonesia,,,3.0,27,mandiri,REGULER,INDUK,DIMODELKAN,43,43
F00022,P0009,G2019-071,71,2019,71.22,REKRUTMEN PLN GROUP TINGKAT S1/D4 & D3 (2019) - JAKARTA,D-III,Seluruh Indonesia,,,3.0,25,mandiri,REGULER,INDUK,DIMODELKAN,24,24
F00023,P0009,G2019-071,71,2019,71.23,REKRUTMEN PLN GROUP TINGKAT S1/D4 & D3 (2019) - JAKARTA,S2,Seluruh Indonesia,,,3.0,30,mandiri,REGULER,INDUK,DIMODELKAN,2,2
F00024,P0010,G2019-071,71,2019,71.24,REKRUTMEN PLN GROUP TINGKAT S1/D4 & D3 (2019) - MEDAN,S1/D-IV,Seluruh Indonesia,,,3.0,27,mandiri,REGULER,INDUK,DIMODELKAN,42,42
F00025,P0010,G2019-071,71,2019,71.25,REKRUTMEN PLN GROUP TINGKAT S1/D4 & D3 (2019) - MEDAN,D-III,Seluruh Indonesia,,,3.0,25,mandiri,REGULER,INDUK,DIMODELKAN,24,24
F00026,P0010,G2019-071,71,2019,71.26,REKRUTMEN PLN GROUP TINGKAT S1/D4 & D3 (2019) - MEDAN,S2,Seluruh Indonesia,,,3.0,30,mandiri,REGULER,INDUK,DIMODELKAN,2,2
F00027,P0011,G2019-071,71,2019,71.27,REKRUTMEN PLN GROUP TINGKAT S1/D4 & D3 (2019) - PALEMBANG,S1/D-IV,Seluruh Indonesia,,,3.0,27,mandiri,REGULER,INDUK,DIMODELKAN,42,42
F00028,P0011,G2019-071,71,2019,71.28,REKRUTMEN PLN GROUP TINGKAT S1/D4 & D3 (2019) - PALEMBANG,D-III,Seluruh Indonesia,,,3.0,25,mandiri,REGULER,INDUK,DIMODELKAN,24,24
F00029,P0011,G2019-071,71,2019,71.29,REKRUTMEN PLN GROUP TINGKAT S1/D4 & D3 (2019) - PALEMBANG,S2,Seluruh Indonesia,,,3.0,30,mandiri,REGULER,INDUK,DIMODELKAN,2,2
F00030,P0012,G2019-071,71,2019,71.30,REKRUTMEN PLN GROUP TINGKAT S1/D4 & D3 (2019) - YOGYAKARTA,S1/D-IV,Seluruh Indonesia,,,3.0,27,mandiri,REGULER,INDUK,DIMODELKAN,42,42
F00031,P0012,G2019-071,71,2019,71.31,REKRUTMEN PLN GROUP TINGKAT S1/D4 & D3 (2019) - YOGYAKARTA,D-III,Seluruh Indonesia,,,3.0,25,mandiri,REGULER,INDUK,DIMODELKAN,24,24
F00032,P0012,G2019-071,71,2019,71.32,REKRUTMEN PLN GROUP TINGKAT S1/D4 & D3 (2019) - YOGYAKARTA,S2,Seluruh Indonesia,,,3.0,30,mandiri,REGULER,INDUK,DIMODELKAN,2,2
F00033,P0013,G2019-071,71,2019,71.33,REKRUTMEN PLN GROUP TINGKAT S1/D4 &D3; (2019) - SURABAYA,S1/D-IV,Seluruh Indonesia,,,3.0,27,mandiri,REGULER,INDUK,DIMODELKAN,42,42
F00034,P0013,G2019-071,71,2019,71.34,REKRUTMEN PLN GROUP TINGKAT S1/D4 &D3; (2019) - SURABAYA,D-III,Seluruh Indonesia,,,3.0,25,mandiri,REGULER,INDUK,DIMODELKAN,24,24
F00035,P0013,G2019-071,71,2019,71.35,REKRUTMEN PLN GROUP TINGKAT S1/D4 &D3; (2019) - SURABAYA,S2,Seluruh Indonesia,,,3.0,30,mandiri,REGULER,INDUK,DIMODELKAN,2,2
F00036,P0014,G2019-072,72,2019,72.36,REKRUTMEN PLN GROUP S1/D-IV & D-III TAHUN 2019 LOKASI MEDAN,S1/D-IV,Seluruh Indonesia,,,3.0,27,mandiri,REGULER,INDUK,DIMODELKAN,42,42
F00037,P0014,G2019-072,72,2019,72.37,REKRUTMEN PLN GROUP S1/D-IV & D-III TAHUN 2019 LOKASI MEDAN,D-III,Seluruh Indonesia,,,3.0,25,mandiri,REGULER,INDUK,DIMODELKAN,24,24
F00038,P0014,G2019-072,72,2019,72.38,REKRUTMEN PLN GROUP S1/D-IV & D-III TAHUN 2019 LOKASI MEDAN,S2,Seluruh Indonesia,,,3.0,30,mandiri,REGULER,INDUK,DIMODELKAN,2,2
F00039,P0015,G2019-072,72,2019,72.39,REKRUTMEN PLN GROUP TINGKAT S1/D-IV & D-III LOKASI BANJARMASIN,S1/D-IV,Seluruh Indonesia,,,3.0,27,mandiri,REGULER,INDUK,DIMODELKAN,42,42
F00040,P0015,G2019-072,72,2019,72.40,REKRUTMEN PLN GROUP TINGKAT S1/D-IV & D-III LOKASI BANJARMASIN,D-III,Seluruh Indonesia,,,3.0,25,mandiri,REGULER,INDUK,DIMODELKAN,24,24
F00041,P0015,G2019-072,72,2019,72.41,REKRUTMEN PLN GROUP TINGKAT S1/D-IV & D-III LOKASI BANJARMASIN,S2,Seluruh Indonesia,,,3.0,30,mandiri,REGULER,INDUK,DIMODELKAN,2,2
F00042,P0016,G2019-072,72,2019,72.42,REKRUTMEN PLN GROUP TINGKAT S1/D-IV & D-III LOKASI JAKARTA,S1/D-IV,Seluruh Indonesia,,,3.0,27,mandiri,REGULER,INDUK,DIMODELKAN,42,42
F00043,P0016,G2019-072,72,2019,72.43,REKRUTMEN PLN GROUP TINGKAT S1/D-IV & D-III LOKASI JAKARTA,D-III,Seluruh Indonesia,,,3.0,25,mandiri,REGULER,INDUK,DIMODELKAN,24,24
F00044,P0016,G2019-072,72,2019,72.44,REKRUTMEN PLN GROUP TINGKAT S1/D-IV & D-III LOKASI JAKARTA,S2,Seluruh Indonesia,,,3.0,30,mandiri,REGULER,INDUK,DIMODELKAN,2,2
F00045,P0017,G2019-072,72,2019,72.45,REKRUTMEN PLN GROUP TINGKAT S1/D-IV & D-III LOKASI KUPANG,S1/D-IV,Seluruh Indonesia,,,3.0,27,mandiri,REGULER,INDUK,DIMODELKAN,42,42
F00046,P0017,G2019-072,72,2019,72.46,REKRUTMEN PLN GROUP TINGKAT S1/D-IV & D-III LOKASI KUPANG,D-III,Seluruh Indonesia,,,3.0,25,mandiri,REGULER,INDUK,DIMODELKAN,24,24
F00047,P0017,G2019-072,72,2019,72.47,REKRUTMEN PLN GROUP TINGKAT S1/D-IV & D-III LOKASI KUPANG,S2,Seluruh Indonesia,,,3.0,30,mandiri,REGULER,INDUK,DIMODELKAN,2,2
F00048,P0018,G2019-072,72,2019,72.48,REKRUTMEN PLN GROUP TINGKAT S1/D-IV & D-III LOKASI MAKASSAR,S1/D-IV,Seluruh Indonesia,,,3.0,27,mandiri,REGULER,INDUK,DIMODELKAN,42,42
F00049,P0018,G2019-072,72,2019,72.49,REKRUTMEN PLN GROUP TINGKAT S1/D-IV & D-III LOKASI MAKASSAR,D-III,Seluruh Indonesia,,,3.0,25,mandiri,REGULER,INDUK,DIMODELKAN,24,24
F00050,P0018,G2019-072,72,2019,72.50,REKRUTMEN PLN GROUP TINGKAT S1/D-IV & D-III LOKASI MAKASSAR,S2,Seluruh Indonesia,,,3.0,30,mandiri,REGULER,INDUK,DIMODELKAN,2,2
F00051,P0019,G2019-072,72,2019,72.51,REKRUTMEN PLN GROUP TINGKAT S1/D-IV & D3 LOKASI PALEMBANG,S1/D-IV,Seluruh Indonesia,,,3.0,27,mandiri,REGULER,INDUK,DIMODELKAN,42,42
F00052,P0019,G2019-072,72,2019,72.52,REKRUTMEN PLN GROUP TINGKAT S1/D-IV & D3 LOKASI PALEMBANG,D-III,Seluruh Indonesia,,,3.0,25,mandiri,REGULER,INDUK,DIMODELKAN,24,24
F00053,P0019,G2019-072,72,2019,72.53,REKRUTMEN PLN GROUP TINGKAT S1/D-IV & D3 LOKASI PALEMBANG,S2,Seluruh Indonesia,,,3.0,30,mandiri,REGULER,INDUK,DIMODELKAN,2,2
F00054,P0020,G2019-072,72,2019,72.54,REKRUTMEN PLN GROUP TINGKAT S1/D-IV & D3 LOKASI YOGYAKARTA,S1/D-IV,Seluruh Indonesia,,,3.0,27,mandiri,REGULER,INDUK,DIMODELKAN,42,42
F00055,P0020,G2019-072,72,2019,72.55,REKRUTMEN PLN GROUP TINGKAT S1/D-IV & D3 LOKASI YOGYAKARTA,D-III,Seluruh Indonesia,,,3.0,25,mandiri,REGULER,INDUK,DIMODELKAN,24,24
F00056,P0020,G2019-072,72,2019,72.56,REKRUTMEN PLN GROUP TINGKAT S1/D-IV & D3 LOKASI YOGYAKARTA,S2,Seluruh Indonesia,,,3.0,30,mandiri,REGULER,INDUK,DIMODELKAN,2,2
F00057,P0021,G2019-073,73,2019,73.57,REKRUTMEN PLN GROUP TINGKAT S2 INDONESIA CAREER EVENING 2019,S2,Seluruh Indonesia,,,3.0,30,mandiri,S2,SUBHOLDING,DIMODELKAN,3,3
F00058,P0022,G2020-074,74,2020,3.1.2.S1,Enjiniring Distribusi,S1/D-IV,Kota Jayapura,2020-12-30,2021-01-09,2.75,30,rbb,RBB,INDUK,NYATA,163,163
F00059,P0022,G2020-074,74,2020,2.1.2.S1,Enjiniring Transmisi dan Gardu Induk,S1/D-IV,Kota Jayapura,2020-12-30,2021-01-09,2.75,30,rbb,RBB,INDUK,NYATA,162,162
F00060,P0023,G2021-075,75,2021,75.60,Perekrutan Bersama BUMN Papua & Papua Barat 2021 (tidak terekam di katalog PLN),S1/D-IV,Seluruh Indonesia,,,3.0,30,rbb,RBB,INDUK,DIMODELKAN,468,468
F00061,P0023,G2021-075,75,2021,75.61,Perekrutan Bersama BUMN Papua & Papua Barat 2021 (tidak terekam di katalog PLN),D-III,Seluruh Indonesia,,,3.0,27,rbb,RBB,INDUK,DIMODELKAN,207,207
F00062,P0023,G2021-075,75,2021,75.62,Perekrutan Bersama BUMN Papua & Papua Barat 2021 (tidak terekam di katalog PLN),S2,Seluruh Indonesia,,,3.0,30,rbb,RBB,INDUK,DIMODELKAN,14,14
F00063,P0024,G2022-008,8,2022,ICON.15.S1,Pembangunan dan Aktivasi (Icon+),S1/D-IV,Kota Administrasi Jakarta Selatan,2022-03-30,2022-04-08,3.0,27,mandiri,REGULER,SUBHOLDING,NYATA,184,184
F00064,P0024,G2022-008,8,2022,ICON.14.S1,Pemeliharaan dan Aset (Icon+),S1/D-IV,Kota Administrasi Jakarta Selatan,2022-03-30,2022-04-08,3.0,27,mandiri,REGULER,SUBHOLDING,NYATA,184,184
F00065,P0025,G2022-009,9,2022,2.1.2.S2,Enjiniring Transmisi dan Gardu Induk,S2,Kota Administrasi Jakarta Selatan,2022-10-07,2022-10-16,3.0,40,mandiri,PRO_HIRE,SUBHOLDING,NYATA,0,0
F00066,P0025,G2022-009,9,2022,1.2.2.S2,Enjiniring Pembangkitan,S2,Kota Administrasi Jakarta Selatan,2022-10-07,2022-10-16,3.0,40,mandiri,PRO_HIRE,SUBHOLDING,NYATA,0,0
F00067,P0025,G2022-009,9,2022,4.4.1.S2,Teknologi Informasi,S2,Kota Administrasi Jakarta Selatan,2022-10-07,2022-10-16,3.0,40,mandiri,PRO_HIRE,SUBHOLDING,NYATA,0,0
F00068,P0025,G2022-009,9,2022,4.8.5.S2,Manajemen Perusahaan,S2,Kota Administrasi Jakarta Selatan,2022-10-07,2022-10-16,3.0,40,mandiri,PRO_HIRE,SUBHOLDING,NYATA,0,0
F00069,P0025,G2022-009,9,2022,3.2.1.S2,Niaga,S2,Kota Administrasi Jakarta Selatan,2022-10-07,2022-10-16,3.0,40,mandiri,PRO_HIRE,SUBHOLDING,NYATA,0,0
F00070,P0026,G2022-078,78,2022,4.3.1.S2,Hukum,S2,Kota Administrasi Jakarta Selatan,2022-10-07,2022-10-16,3.0,30,mandiri,S2,SUBHOLDING,NYATA,11,11
F00071,P0026,G2022-078,78,2022,4.4.1.S2,Teknologi Informasi,S2,Kota Administrasi Jakarta Selatan,2022-10-07,2022-10-16,3.0,30,mandiri,S2,SUBHOLDING,NYATA,11,11
F00072,P0026,G2022-078,78,2022,1.2.2.S2,Enjiniring Pembangkitan,S2,Kota Administrasi Jakarta Selatan,2022-10-07,2022-10-16,3.0,30,mandiri,S2,SUBHOLDING,NYATA,10,10
F00073,P0026,G2022-078,78,2022,4.4.3.S2,Data Analitik,S2,Kota Administrasi Jakarta Selatan,2022-10-07,2022-10-16,3.0,30,mandiri,S2,SUBHOLDING,NYATA,10,10
F00074,P0026,G2022-078,78,2022,4.4.2.S2,Manajemen Digital,S2,Kota Administrasi Jakarta Selatan,2022-10-07,2022-10-16,3.0,30,mandiri,S2,SUBHOLDING,NYATA,10,10
F00075,P0027,G2022-079,79,2022,79.75,Reguler D3 & S1/D4 2022 gelombang I (tidak terekam di katalog PLN),S1/D-IV,Seluruh Indonesia,,,3.0,27,mandiri,REGULER,INDUK,DIMODELKAN,221,221
F00076,P0027,G2022-079,79,2022,79.76,Reguler D3 & S1/D4 2022 gelombang I (tidak terekam di katalog PLN),D-III,Seluruh Indonesia,,,3.0,25,mandiri,REGULER,INDUK,DIMODELKAN,93,93
F00077,P0027,G2022-079,79,2022,79.77,Reguler D3 & S1/D4 2022 gelombang I (tidak terekam di katalog PLN),S2,Seluruh Indonesia,,,3.0,30,mandiri,REGULER,INDUK,DIMODELKAN,31,31
F00078,P0028,G2022-080,80,2022,80.78,Reguler D3 & S1/D4 2022 gelombang II (tidak terekam di katalog PLN),S1/D-IV,Seluruh Indonesia,,,3.0,27,mandiri,REGULER,INDUK,DIMODELKAN,220,220
F00079,P0028,G2022-080,80,2022,80.79,Reguler D3 & S1/D4 2022 gelombang II (tidak terekam di katalog PLN),D-III,Seluruh Indonesia,,,3.0,25,mandiri,REGULER,INDUK,DIMODELKAN,93,93
F00080,P0028,G2022-080,80,2022,80.80,Reguler D3 & S1/D4 2022 gelombang II (tidak terekam di katalog PLN),S2,Seluruh Indonesia,,,3.0,30,mandiri,REGULER,INDUK,DIMODELKAN,31,31
F00081,P0031,G2023-081,81,2023,3.1.4.S1,Pemeliharaan Distribusi,S1/D-IV,Kabupaten Manokwari,2023-05-22,2023-06-02,2.5,27,mandiri,AFIRMASI,INDUK,NYATA,13,13
F00082,P0031,G2023-081,81,2023,2.1.4.S1,Pemeliharaan Transmisi dan Gardu Induk,S1/D-IV,Kabupaten Manokwari,2023-05-22,2023-06-02,2.5,27,mandiri,AFIRMASI,INDUK,NYATA,13,13
F00083,P0031,G2023-081,81,2023,4.2.5.S1,Manajemen Konstruksi,S1/D-IV,Kabupaten Manokwari,2023-05-22,2023-06-02,2.5,27,mandiri,AFIRMASI,INDUK,NYATA,13,13
F00084,P0031,G2023-081,81,2023,1.2.4.S1,Pemeliharaan Pembangkitan,S1/D-IV,Kabupaten Manokwari,2023-05-22,2023-06-02,2.5,27,mandiri,AFIRMASI,INDUK,NYATA,13,13
F00085,P0031,G2023-081,81,2023,3.2.2.S1,Pemasaran dan Pelayanan Pelanggan,S1/D-IV,Kabupaten Manokwari,2023-05-22,2023-06-02,2.5,27,mandiri,AFIRMASI,INDUK,NYATA,13,13
F00086,P0031,G2023-081,81,2023,4.8.2.S1,Akuntansi,S1/D-IV,Kabupaten Manokwari,2023-05-22,2023-06-02,2.5,27,mandiri,AFIRMASI,INDUK,NYATA,13,13
F00087,P0030,G2023-081,81,2023,3.1.4.S1,Pemeliharaan Distribusi,S1/D-IV,Kota Jayapura,2023-05-22,2023-06-02,2.5,27,mandiri,AFIRMASI,INDUK,NYATA,13,13
F00088,P0030,G2023-081,81,2023,2.1.4.S1,Pemeliharaan Transmisi dan Gardu Induk,S1/D-IV,Kota Jayapura,2023-05-22,2023-06-02,2.5,27,mandiri,AFIRMASI,INDUK,NYATA,13,13
F00089,P0030,G2023-081,81,2023,4.2.5.S1,Manajemen Konstruksi,S1/D-IV,Kota Jayapura,2023-05-22,2023-06-02,2.5,27,mandiri,AFIRMASI,INDUK,NYATA,13,13
F00090,P0030,G2023-081,81,2023,3.2.2.S1,Pemasaran dan Pelayanan Pelanggan,S1/D-IV,Kota Jayapura,2023-05-22,2023-06-02,2.5,27,mandiri,AFIRMASI,INDUK,NYATA,13,13
F00091,P0030,G2023-081,81,2023,1.2.4.S1,Pemeliharaan Pembangkitan,S1/D-IV,Kota Jayapura,2023-05-22,2023-06-02,2.5,27,mandiri,AFIRMASI,INDUK,NYATA,13,13
F00092,P0030,G2023-081,81,2023,4.8.2.S1,Akuntansi,S1/D-IV,Kota Jayapura,2023-05-22,2023-06-02,2.5,27,mandiri,AFIRMASI,INDUK,NYATA,13,13
F00093,P0032,G2023-081,81,2023,3.1.4.S1,Pemeliharaan Distribusi,S1/D-IV,Kabupaten Merauke,2023-05-22,2023-06-02,2.5,27,mandiri,AFIRMASI,INDUK,NYATA,13,13
F00094,P0032,G2023-081,81,2023,2.1.4.S1,Pemeliharaan Transmisi dan Gardu Induk,S1/D-IV,Kabupaten Merauke,2023-05-22,2023-06-02,2.5,27,mandiri,AFIRMASI,INDUK,NYATA,13,13
F00095,P0032,G2023-081,81,2023,4.2.5.S1,Manajemen Konstruksi,S1/D-IV,Kabupaten Merauke,2023-05-22,2023-06-02,2.5,27,mandiri,AFIRMASI,INDUK,NYATA,13,13
F00096,P0032,G2023-081,81,2023,1.2.1.S1,Perencanaan Pembangkitan,S1/D-IV,Kabupaten Merauke,2023-05-22,2023-06-02,2.5,27,mandiri,AFIRMASI,INDUK,NYATA,13,13
F00097,P0032,G2023-081,81,2023,3.2.2.S1,Pemasaran dan Pelayanan Pelanggan,S1/D-IV,Kabupaten Merauke,2023-05-22,2023-06-02,2.5,27,mandiri,AFIRMASI,INDUK,NYATA,13,13
F00098,P0032,G2023-081,81,2023,4.8.2.S1,Akuntansi,S1/D-IV,Kabupaten Merauke,2023-05-22,2023-06-02,2.5,27,mandiri,AFIRMASI,INDUK,NYATA,13,13
F00099,P0033,G2023-081,81,2023,2.1.4.S1,Pemeliharaan Transmisi dan Gardu Induk,S1/D-IV,Kota Nabire,2023-05-22,2023-06-02,2.5,27,mandiri,AFIRMASI,INDUK,NYATA,13,13
F00100,P0033,G2023-081,81,2023,3.1.4.S1,Pemeliharaan Distribusi,S1/D-IV,Kota Nabire,2023-05-22,2023-06-02,2.5,27,mandiri,AFIRMASI,INDUK,NYATA,13,13
F00101,P0033,G2023-081,81,2023,4.2.5.S1,Manajemen Konstruksi,S1/D-IV,Kota Nabire,2023-05-22,2023-06-02,2.5,27,mandiri,AFIRMASI,INDUK,NYATA,13,13
F00102,P0033,G2023-081,81,2023,1.2.4.S1,Pemeliharaan Pembangkitan,S1/D-IV,Kota Nabire,2023-05-22,2023-06-02,2.5,27,mandiri,AFIRMASI,INDUK,NYATA,13,13
F00103,P0033,G2023-081,81,2023,3.2.2.S1,Pemasaran dan Pelayanan Pelanggan,S1/D-IV,Kota Nabire,2023-05-22,2023-06-02,2.5,27,mandiri,AFIRMASI,INDUK,NYATA,13,13
F00104,P0033,G2023-081,81,2023,4.8.2.S1,Akuntansi,S1/D-IV,Kota Nabire,2023-05-22,2023-06-02,2.5,27,mandiri,AFIRMASI,INDUK,NYATA,13,13
F00105,P0029,G2023-081,81,2023,3.1.4.S1,Pemeliharaan Distribusi,S1/D-IV,Kabupaten Biak Numfor,2023-05-22,2023-06-02,2.5,27,mandiri,AFIRMASI,INDUK,NYATA,13,13
F00106,P0029,G2023-081,81,2023,2.1.4.S1,Pemeliharaan Transmisi dan Gardu Induk,S1/D-IV,Kabupaten Biak Numfor,2023-05-22,2023-06-02,2.5,27,mandiri,AFIRMASI,INDUK,NYATA,13,13
F00107,P0029,G2023-081,81,2023,1.2.4.S1,Pemeliharaan Pembangkitan,S1/D-IV,Kabupaten Biak Numfor,2023-05-22,2023-06-02,2.5,27,mandiri,AFIRMASI,INDUK,NYATA,13,13
F00108,P0029,G2023-081,81,2023,4.2.5.S1,Manajemen Konstruksi,S1/D-IV,Kabupaten Biak Numfor,2023-05-22,2023-06-02,2.5,27,mandiri,AFIRMASI,INDUK,NYATA,13,13
F00109,P0029,G2023-081,81,2023,4.8.2.S1,Akuntansi,S1/D-IV,Kabupaten Biak Numfor,2023-05-22,2023-06-02,2.5,27,mandiri,AFIRMASI,INDUK,NYATA,13,13
F00110,P0029,G2023-081,81,2023,3.2.2.S1,Pemasaran dan Pelayanan Pelanggan,S1/D-IV,Kabupaten Biak Numfor,2023-05-22,2023-06-02,2.5,27,mandiri,AFIRMASI,INDUK,NYATA,13,13
F00111,P0034,G2023-081,81,2023,3.1.4.S1,Pemeliharaan Distribusi,S1/D-IV,Kota Sorong,2023-05-22,2023-06-02,2.5,27,mandiri,AFIRMASI,INDUK,NYATA,13,13
F00112,P0034,G2023-081,81,2023,2.1.4.S1,Pemeliharaan Transmisi dan Gardu Induk,S1/D-IV,Kota Sorong,2023-05-22,2023-06-02,2.5,27,mandiri,AFIRMASI,INDUK,NYATA,13,13
F00113,P0034,G2023-081,81,2023,4.2.5.S1,Manajemen Konstruksi,S1/D-IV,Kota Sorong,2023-05-22,2023-06-02,2.5,27,mandiri,AFIRMASI,INDUK,NYATA,13,13
F00114,P0034,G2023-081,81,2023,1.2.4.S1,Pemeliharaan Pembangkitan,S1/D-IV,Kota Sorong,2023-05-22,2023-06-02,2.5,27,mandiri,AFIRMASI,INDUK,NYATA,13,13
F00115,P0034,G2023-081,81,2023,3.2.2.S1,Pemasaran dan Pelayanan Pelanggan,S1/D-IV,Kota Sorong,2023-05-22,2023-06-02,2.5,27,mandiri,AFIRMASI,INDUK,NYATA,13,13
F00116,P0034,G2023-081,81,2023,4.8.2.S1,Akuntansi,S1/D-IV,Kota Sorong,2023-05-22,2023-06-02,2.5,27,mandiri,AFIRMASI,INDUK,NYATA,13,13
F00117,P0035,G2023-081,81,2023,3.1.4.S1,Pemeliharaan Distribusi,S1/D-IV,Kabupaten Mimika,2023-05-22,2023-06-02,2.5,27,mandiri,AFIRMASI,INDUK,NYATA,13,13
F00118,P0035,G2023-081,81,2023,2.1.4.S1,Pemeliharaan Transmisi dan Gardu Induk,S1/D-IV,Kabupaten Mimika,2023-05-22,2023-06-02,2.5,27,mandiri,AFIRMASI,INDUK,NYATA,13,13
F00119,P0035,G2023-081,81,2023,4.2.5.S1,Manajemen Konstruksi,S1/D-IV,Kabupaten Mimika,2023-05-22,2023-06-02,2.5,27,mandiri,AFIRMASI,INDUK,NYATA,13,13
F00120,P0035,G2023-081,81,2023,1.2.4.S1,Pemeliharaan Pembangkitan,S1/D-IV,Kabupaten Mimika,2023-05-22,2023-06-02,2.5,27,mandiri,AFIRMASI,INDUK,NYATA,13,13
F00121,P0035,G2023-081,81,2023,3.2.2.S1,Pemasaran dan Pelayanan Pelanggan,S1/D-IV,Kabupaten Mimika,2023-05-22,2023-06-02,2.5,27,mandiri,AFIRMASI,INDUK,NYATA,13,13
F00122,P0035,G2023-081,81,2023,4.8.2.S1,Akuntansi,S1/D-IV,Kabupaten Mimika,2023-05-22,2023-06-02,2.5,27,mandiri,AFIRMASI,INDUK,NYATA,13,13
F00123,P0036,G2023-081,81,2023,3.1.4.S1,Pemeliharaan Distribusi,S1/D-IV,Kabupaten Jayawijaya,2023-05-22,2023-06-02,2.5,27,mandiri,AFIRMASI,INDUK,NYATA,13,13
F00124,P0036,G2023-081,81,2023,2.1.4.S1,Pemeliharaan Transmisi dan Gardu Induk,S1/D-IV,Kabupaten Jayawijaya,2023-05-22,2023-06-02,2.5,27,mandiri,AFIRMASI,INDUK,NYATA,13,13
F00125,P0036,G2023-081,81,2023,1.2.4.S1,Pemeliharaan Pembangkitan,S1/D-IV,Kabupaten Jayawijaya,2023-05-22,2023-06-02,2.5,27,mandiri,AFIRMASI,INDUK,NYATA,13,13
F00126,P0036,G2023-081,81,2023,4.2.5.S1,Manajemen Konstruksi,S1/D-IV,Kabupaten Jayawijaya,2023-05-22,2023-06-02,2.5,27,mandiri,AFIRMASI,INDUK,NYATA,13,13
F00127,P0036,G2023-081,81,2023,3.2.2.S1,Pemasaran dan Pelayanan Pelanggan,S1/D-IV,Kabupaten Jayawijaya,2023-05-22,2023-06-02,2.5,27,mandiri,AFIRMASI,INDUK,NYATA,13,13
F00128,P0036,G2023-081,81,2023,4.8.2.S1,Akuntansi,S1/D-IV,Kabupaten Jayawijaya,2023-05-22,2023-06-02,2.5,27,mandiri,AFIRMASI,INDUK,NYATA,13,13
F00129,P0037,G2023-082,82,2023,82.129,REKRUTMEN PLN GROUP TINGKAT S1 DIASPORA FRESH GRADUATE TAHUN 2023,S1/D-IV,Administrasi Jakarta Pusat,2023-07-03,2023-07-17,3.0,27,mandiri,DIASPORA,SUBHOLDING,DIMODELKAN,182,182
F00130,P0037,G2023-082,82,2023,82.130,REKRUTMEN PLN GROUP TINGKAT S1 DIASPORA FRESH GRADUATE TAHUN 2023,D-III,Administrasi Jakarta Pusat,2023-07-03,2023-07-17,3.0,25,mandiri,DIASPORA,SUBHOLDING,DIMODELKAN,68,68
F00131,P0037,G2023-082,82,2023,82.131,REKRUTMEN PLN GROUP TINGKAT S1 DIASPORA FRESH GRADUATE TAHUN 2023,S2,Administrasi Jakarta Pusat,2023-07-03,2023-07-17,3.0,30,mandiri,DIASPORA,SUBHOLDING,DIMODELKAN,10,10
F00132,P0038,G2023-082,82,2023,82.132,REKRUTMEN PLN GROUP TINGKAT S2 DIASPORA EXPERIENCED TAHUN 2023,S1/D-IV,Administrasi Jakarta Selatan,2023-07-03,2023-07-17,3.0,27,mandiri,DIASPORA,INDUK,DIMODELKAN,13,13
F00133,P0038,G2023-082,82,2023,82.133,REKRUTMEN PLN GROUP TINGKAT S2 DIASPORA EXPERIENCED TAHUN 2023,D-III,Administrasi Jakarta Selatan,2023-07-03,2023-07-17,3.0,25,mandiri,DIASPORA,INDUK,DIMODELKAN,83,83
F00134,P0038,G2023-082,82,2023,82.134,REKRUTMEN PLN GROUP TINGKAT S2 DIASPORA EXPERIENCED TAHUN 2023,S2,Administrasi Jakarta Selatan,2023-07-03,2023-07-17,3.0,30,mandiri,DIASPORA,INDUK,DIMODELKAN,51,51
F00135,P0039,G2023-082,82,2023,82.135,REKRUTMEN PLN GROUP TINGKAT S2 DIASPORA FRESH GRADUATE TAHUN 2023,S1/D-IV,Administrasi Jakarta Selatan,2023-07-03,2023-07-17,3.0,27,mandiri,DIASPORA,SUBHOLDING,DIMODELKAN,182,182
F00136,P0039,G2023-082,82,2023,82.136,REKRUTMEN PLN GROUP TINGKAT S2 DIASPORA FRESH GRADUATE TAHUN 2023,D-III,Administrasi Jakarta Selatan,2023-07-03,2023-07-17,3.0,25,mandiri,DIASPORA,SUBHOLDING,DIMODELKAN,68,68
F00137,P0039,G2023-082,82,2023,82.137,REKRUTMEN PLN GROUP TINGKAT S2 DIASPORA FRESH GRADUATE TAHUN 2023,S2,Administrasi Jakarta Selatan,2023-07-03,2023-07-17,3.0,30,mandiri,DIASPORA,SUBHOLDING,DIMODELKAN,10,10
F00138,P0042,G2023-086,86,2023,2.1.4.S1,Pemeliharaan Transmisi dan Gardu Induk,S1/D-IV,Kota Kupang,2023-10-16,2023-10-25,2.75,27,mandiri,AFIRMASI,INDUK,NYATA,13,13
F00139,P0042,G2023-086,86,2023,4.8.4.S1,Manajemen Keuangan,S1/D-IV,Kota Kupang,2023-10-16,2023-10-25,2.75,27,mandiri,AFIRMASI,INDUK,NYATA,13,13
F00140,P0042,G2023-086,86,2023,3.1.4.D3,Pemeliharaan Distribusi,D-III,Kota Kupang,2023-10-16,2023-10-25,2.75,25,mandiri,AFIRMASI,INDUK,NYATA,83,83
F00141,P0042,G2023-086,86,2023,4.8.2.S1,Akuntansi,S1/D-IV,Kota Kupang,2023-10-16,2023-10-25,2.75,27,mandiri,AFIRMASI,INDUK,NYATA,13,13
F00142,P0042,G2023-086,86,2023,3.2.2.S1,Pemasaran dan Pelayanan Pelanggan,S1/D-IV,Kota Kupang,2023-10-16,2023-10-25,2.75,27,mandiri,AFIRMASI,INDUK,NYATA,13,13
F00143,P0042,G2023-086,86,2023,4.2.5.S1,Manajemen Konstruksi,S1/D-IV,Kota Kupang,2023-10-16,2023-10-25,2.75,27,mandiri,AFIRMASI,INDUK,NYATA,13,13
F00144,P0042,G2023-086,86,2023,3.1.4.S1,Pemeliharaan Distribusi,S1/D-IV,Kota Kupang,2023-10-16,2023-10-25,2.75,27,mandiri,AFIRMASI,INDUK,NYATA,12,12
F00145,P0042,G2023-086,86,2023,1.2.4.S1,Pemeliharaan Pembangkitan,S1/D-IV,Kota Kupang,2023-10-16,2023-10-25,2.75,27,mandiri,AFIRMASI,INDUK,NYATA,12,12
F00146,P0041,G2023-086,86,2023,2.1.4.S1,Pemeliharaan Transmisi dan Gardu Induk,S1/D-IV,Kota Mataram,2023-10-16,2023-10-25,2.75,27,mandiri,AFIRMASI,INDUK,NYATA,12,12
F00147,P0041,G2023-086,86,2023,3.1.4.S1,Pemeliharaan Distribusi,S1/D-IV,Kota Mataram,2023-10-16,2023-10-25,2.75,27,mandiri,AFIRMASI,INDUK,NYATA,12,12
F00148,P0041,G2023-086,86,2023,4.2.5.S1,Manajemen Konstruksi,S1/D-IV,Kota Mataram,2023-10-16,2023-10-25,2.75,27,mandiri,AFIRMASI,INDUK,NYATA,12,12
F00149,P0041,G2023-086,86,2023,3.2.2.S1,Pemasaran dan Pelayanan Pelanggan,S1/D-IV,Kota Mataram,2023-10-16,2023-10-25,2.75,27,mandiri,AFIRMASI,INDUK,NYATA,12,12
F00150,P0041,G2023-086,86,2023,4.8.2.S1,Akuntansi,S1/D-IV,Kota Mataram,2023-10-16,2023-10-25,2.75,27,mandiri,AFIRMASI,INDUK,NYATA,12,12
F00151,P0041,G2023-086,86,2023,4.8.4.S1,Manajemen Keuangan,S1/D-IV,Kota Mataram,2023-10-16,2023-10-25,2.75,27,mandiri,AFIRMASI,INDUK,NYATA,12,12
F00152,P0041,G2023-086,86,2023,3.1.4.D3,Pemeliharaan Distribusi,D-III,Kota Mataram,2023-10-16,2023-10-25,2.75,25,mandiri,AFIRMASI,INDUK,NYATA,83,83
F00153,P0041,G2023-086,86,2023,1.2.4.S1,Pemeliharaan Pembangkitan,S1/D-IV,Kota Mataram,2023-10-16,2023-10-25,2.75,27,mandiri,AFIRMASI,INDUK,NYATA,12,12
F00154,P0040,G2023-086,86,2023,2.1.4.S1,Pemeliharaan Transmisi dan Gardu Induk,S1/D-IV,Kota Ambon,2023-10-16,2023-10-25,2.75,27,mandiri,AFIRMASI,INDUK,NYATA,12,12
F00155,P0040,G2023-086,86,2023,3.1.4.S1,Pemeliharaan Distribusi,S1/D-IV,Kota Ambon,2023-10-16,2023-10-25,2.75,27,mandiri,AFIRMASI,INDUK,NYATA,12,12
F00156,P0040,G2023-086,86,2023,4.2.5.S1,Manajemen Konstruksi,S1/D-IV,Kota Ambon,2023-10-16,2023-10-25,2.75,27,mandiri,AFIRMASI,INDUK,NYATA,12,12
F00157,P0040,G2023-086,86,2023,1.2.4.S1,Pemeliharaan Pembangkitan,S1/D-IV,Kota Ambon,2023-10-16,2023-10-25,2.75,27,mandiri,AFIRMASI,INDUK,NYATA,12,12
F00158,P0040,G2023-086,86,2023,3.2.2.S1,Pemasaran dan Pelayanan Pelanggan,S1/D-IV,Kota Ambon,2023-10-16,2023-10-25,2.75,27,mandiri,AFIRMASI,INDUK,NYATA,12,12
F00159,P0040,G2023-086,86,2023,4.8.2.S1,Akuntansi,S1/D-IV,Kota Ambon,2023-10-16,2023-10-25,2.75,27,mandiri,AFIRMASI,INDUK,NYATA,12,12
F00160,P0040,G2023-086,86,2023,4.8.4.S1,Manajemen Keuangan,S1/D-IV,Kota Ambon,2023-10-16,2023-10-25,2.75,27,mandiri,AFIRMASI,INDUK,NYATA,12,12
F00161,P0040,G2023-086,86,2023,3.1.4.D3,Pemeliharaan Distribusi,D-III,Kota Ambon,2023-10-16,2023-10-25,2.75,25,mandiri,AFIRMASI,INDUK,NYATA,83,83
F00162,P0043,G2024-087,87,2024,87.162,"Junior Technician Operasi, Maintenance Sistem Transmisi dan Distribusi Tenaga Listrik",D-III,Seluruh Indonesia,,,3.0,27,rbb,RBB,INDUK,NYATA_RBB,148,148
F00163,P0044,G2024-087,87,2024,87.163,"Junior Technician Pengelolaan Operasi, Pemeliharaan dan Manajemen Aset",D-III,Seluruh Indonesia,,,3.0,27,rbb,RBB,SUBHOLDING,NYATA_RBB,131,131
F00164,P0045,G2024-087,87,2024,87.164,Officer Marketing dan pengelolaan Pelanggan,S1/D-IV,Seluruh Indonesia,,,3.0,30,rbb,RBB,INDUK,NYATA_RBB,198,198
F00165,P0046,G2024-087,87,2024,87.165,Officer Pengelolaan Akuntansi,S1/D-IV,Seluruh Indonesia,,,3.0,30,rbb,RBB,INDUK,NYATA_RBB,198,198
F00166,P0047,G2024-087,87,2024,87.166,Officer Pengelolaan Akuntansi,S1/D-IV,Seluruh Indonesia,,,3.0,30,rbb,RBB,SUBHOLDING,NYATA_RBB,24,24
F00167,P0048,G2024-087,87,2024,87.167,Officer Pengembangan Bisnis,S1/D-IV,Seluruh Indonesia,,,3.0,30,rbb,RBB,SUBHOLDING,NYATA_RBB,24,24
F00168,P0049,G2024-087,87,2024,87.168,Officer Pengembangan Bisnis dan Perencanaan Korporat,S1/D-IV,Seluruh Indonesia,,,3.0,30,rbb,RBB,SUBHOLDING,NYATA_RBB,24,24
F00169,P0050,G2024-087,87,2024,87.169,Technician Desain dan Lifecycle System,S1/D-IV,Seluruh Indonesia,,,3.0,30,rbb,RBB,SUBHOLDING,NYATA_RBB,24,24
F00170,P0051,G2024-087,87,2024,87.170,Technician Desain dan Pengembangan Aplikasi,S1/D-IV,Seluruh Indonesia,,,3.0,30,rbb,RBB,SUBHOLDING,NYATA_RBB,23,23
F00171,P0052,G2024-087,87,2024,87.171,Technician Evaluasi dan Kinerja Layanan,S1/D-IV,Seluruh Indonesia,,,3.0,30,rbb,RBB,SUBHOLDING,NYATA_RBB,23,23
F00172,P0053,G2024-087,87,2024,87.172,Technician Operasi dan Pemeliharaan Sistem Meter PLN,S1/D-IV,Seluruh Indonesia,,,3.0,30,rbb,RBB,SUBHOLDING,NYATA_RBB,23,23
F00173,P0054,G2024-087,87,2024,87.173,"Technician Pengelolaan Operasi, Pemeliharaan dan Manajemen Aset",S1/D-IV,Seluruh Indonesia,,,3.0,30,rbb,RBB,SUBHOLDING,NYATA_RBB,23,23
F00174,P0055,G2024-087,87,2024,87.174,"Technician Pengelolaan Operasi, Pemeliharaan dan Manajemen Mesin",S1/D-IV,Seluruh Indonesia,,,3.0,30,rbb,RBB,SUBHOLDING,NYATA_RBB,23,23
F00175,P0056,G2024-087,87,2024,87.175,Technician Pengelolaan Proyek,S1/D-IV,Seluruh Indonesia,,,3.0,30,rbb,RBB,INDUK,NYATA_RBB,198,198
F00176,P0057,G2024-087,87,2024,87.176,"Technician Pengelolaan operasi, pemeliharaan dan manajemen aset",S1/D-IV,Seluruh Indonesia,,,3.0,30,rbb,RBB,SUBHOLDING,NYATA_RBB,23,23
F00177,P0058,G2024-087,87,2024,87.177,"Technician Pengelolaan operasi, pemeliharaan dan manajemen mesin",S1/D-IV,Seluruh Indonesia,,,3.0,30,rbb,RBB,SUBHOLDING,NYATA_RBB,23,23
F00178,P0059,G2024-087,87,2024,87.178,Technician Pengelolaan project dan aset,S1/D-IV,Seluruh Indonesia,,,3.0,30,rbb,RBB,SUBHOLDING,NYATA_RBB,23,23
F00179,P0060,G2024-087,87,2024,87.179,Technician Pengembangan Sistem,S1/D-IV,Seluruh Indonesia,,,3.0,30,rbb,RBB,SUBHOLDING,NYATA_RBB,23,23
F00180,P0061,G2024-087,87,2024,87.180,Technician Perencanaan dan Implementasi Sistem Meter PLN,S1/D-IV,Seluruh Indonesia,,,3.0,30,rbb,RBB,SUBHOLDING,NYATA_RBB,23,23
F00181,P0062,G2024-087,87,2024,87.181,Technician Testing Acceptance dan Service Transition,S1/D-IV,Seluruh Indonesia,,,3.0,30,rbb,RBB,SUBHOLDING,NYATA_RBB,23,23
F00182,P0063,G2024-088,88,2024,88.182,RBB 2024 batch II (tidak terekam di katalog PLN),S1/D-IV,Seluruh Indonesia,,,3.0,30,rbb,RBB,INDUK,DIMODELKAN,197,197
F00183,P0063,G2024-088,88,2024,88.183,RBB 2024 batch II (tidak terekam di katalog PLN),D-III,Seluruh Indonesia,,,3.0,27,rbb,RBB,INDUK,DIMODELKAN,148,148
F00184,P0063,G2024-088,88,2024,88.184,RBB 2024 batch II (tidak terekam di katalog PLN),S2,Seluruh Indonesia,,,3.0,30,rbb,RBB,INDUK,DIMODELKAN,11,11
F00185,P0065,G2025-091,91,2025,PLN.OAP.D3,Proyeksi PT PLN (PERSERO) - Lokasi Penempatan Seluruh Indonesia,D-III,Kabupaten Merauke,2025-09-08,2025-09-21,2.5,25,mandiri,AFIRMASI,INDUK,NYATA,23,23
F00186,P0065,G2025-091,91,2025,PLN.OAP.S1,Proyeksi PT PLN (PERSERO) - Lokasi Penempatan Seluruh Indonesia,S1/D-IV,Kabupaten Merauke,2025-09-08,2025-09-21,2.5,27,mandiri,AFIRMASI,INDUK,NYATA,40,40
F00187,P0065,G2025-091,91,2025,IP.OAP.S1,Proyeksi PT PLN Indonesia Power - Pengangkatan Di Papua,S1/D-IV,Kabupaten Merauke,2025-09-08,2025-09-21,2.5,27,mandiri,AFIRMASI,INDUK,NYATA,39,39
F00188,P0065,G2025-091,91,2025,NP.OAP.S1,Proyeksi PT PLN Nusantara Power - Lokasi Penempatan Seluruh Indonesia,S1/D-IV,Kabupaten Merauke,2025-09-08,2025-09-21,2.5,27,mandiri,AFIRMASI,INDUK,NYATA,39,39
F00189,P0065,G2025-091,91,2025,IP.OAP.D3,Proyeksi PT PLN Indonesia Power - Pengangkatan Di Papua,D-III,Kabupaten Merauke,2025-09-08,2025-09-21,2.5,25,mandiri,AFIRMASI,INDUK,NYATA,23,23
F00190,P0069,G2025-091,91,2025,PLN.OAP.D3,Proyeksi PT PLN (PERSERO) - Lokasi Penempatan Seluruh Indonesia,D-III,Kota Wamena,2025-09-08,2025-09-21,2.5,25,mandiri,AFIRMASI,INDUK,NYATA,23,23
F00191,P0069,G2025-091,91,2025,PLN.OAP.S1,Proyeksi PT PLN (PERSERO) - Lokasi Penempatan Seluruh Indonesia,S1/D-IV,Kota Wamena,2025-09-08,2025-09-21,2.5,27,mandiri,AFIRMASI,INDUK,NYATA,39,39
F00192,P0069,G2025-091,91,2025,IP.OAP.S1,Proyeksi PT PLN Indonesia Power - Pengangkatan Di Papua,S1/D-IV,Kota Wamena,2025-09-08,2025-09-21,2.5,27,mandiri,AFIRMASI,INDUK,NYATA,39,39
F00193,P0069,G2025-091,91,2025,NP.OAP.S1,Proyeksi PT PLN Nusantara Power - Lokasi Penempatan Seluruh Indonesia,S1/D-IV,Kota Wamena,2025-09-08,2025-09-21,2.5,27,mandiri,AFIRMASI,INDUK,NYATA,39,39
F00194,P0069,G2025-091,91,2025,IP.OAP.D3,Proyeksi PT PLN Indonesia Power - Pengangkatan Di Papua,D-III,Kota Wamena,2025-09-08,2025-09-21,2.5,25,mandiri,AFIRMASI,INDUK,NYATA,23,23
F00195,P0068,G2025-091,91,2025,PLN.OAP.D3,Proyeksi PT PLN (PERSERO) - Lokasi Penempatan Seluruh Indonesia,D-III,Kota Timika,2025-09-08,2025-09-21,2.5,25,mandiri,AFIRMASI,INDUK,NYATA,23,23
F00196,P0068,G2025-091,91,2025,PLN.OAP.S1,Proyeksi PT PLN (PERSERO) - Lokasi Penempatan Seluruh Indonesia,S1/D-IV,Kota Timika,2025-09-08,2025-09-21,2.5,27,mandiri,AFIRMASI,INDUK,NYATA,39,39
F00197,P0068,G2025-091,91,2025,IP.OAP.S1,Proyeksi PT PLN Indonesia Power - Pengangkatan Di Papua,S1/D-IV,Kota Timika,2025-09-08,2025-09-21,2.5,27,mandiri,AFIRMASI,INDUK,NYATA,39,39
F00198,P0068,G2025-091,91,2025,NP.OAP.S1,Proyeksi PT PLN Nusantara Power - Lokasi Penempatan Seluruh Indonesia,S1/D-IV,Kota Timika,2025-09-08,2025-09-21,2.5,27,mandiri,AFIRMASI,INDUK,NYATA,39,39
F00199,P0068,G2025-091,91,2025,IP.OAP.D3,Proyeksi PT PLN Indonesia Power - Pengangkatan Di Papua,D-III,Kota Timika,2025-09-08,2025-09-21,2.5,25,mandiri,AFIRMASI,INDUK,NYATA,23,23
F00200,P0064,G2025-091,91,2025,PLN.OAP.D3,Proyeksi PT PLN (PERSERO) - Lokasi Penempatan Seluruh Indonesia,D-III,Kabupaten Biak Numfor,2025-09-08,2025-09-21,2.5,25,mandiri,AFIRMASI,INDUK,NYATA,23,23
F00201,P0064,G2025-091,91,2025,PLN.OAP.S1,Proyeksi PT PLN (PERSERO) - Lokasi Penempatan Seluruh Indonesia,S1/D-IV,Kabupaten Biak Numfor,2025-09-08,2025-09-21,2.5,27,mandiri,AFIRMASI,INDUK,NYATA,39,39
F00202,P0064,G2025-091,91,2025,IP.OAP.S1,Proyeksi PT PLN Indonesia Power - Pengangkatan Di Papua,S1/D-IV,Kabupaten Biak Numfor,2025-09-08,2025-09-21,2.5,27,mandiri,AFIRMASI,INDUK,NYATA,39,39
F00203,P0064,G2025-091,91,2025,NP.OAP.S1,Proyeksi PT PLN Nusantara Power - Lokasi Penempatan Seluruh Indonesia,S1/D-IV,Kabupaten Biak Numfor,2025-09-08,2025-09-21,2.5,27,mandiri,AFIRMASI,INDUK,NYATA,39,39
F00204,P0064,G2025-091,91,2025,IP.OAP.D3,Proyeksi PT PLN Indonesia Power - Pengangkatan Di Papua,D-III,Kabupaten Biak Numfor,2025-09-08,2025-09-21,2.5,25,mandiri,AFIRMASI,INDUK,NYATA,23,23
F00205,P0067,G2025-091,91,2025,PLN.OAP.D3,Proyeksi PT PLN (PERSERO) - Lokasi Penempatan Seluruh Indonesia,D-III,Kota Sorong,2025-09-08,2025-09-21,2.5,25,mandiri,AFIRMASI,INDUK,NYATA,23,23
F00206,P0067,G2025-091,91,2025,PLN.OAP.S1,Proyeksi PT PLN (PERSERO) - Lokasi Penempatan Seluruh Indonesia,S1/D-IV,Kota Sorong,2025-09-08,2025-09-21,2.5,27,mandiri,AFIRMASI,INDUK,NYATA,39,39
F00207,P0067,G2025-091,91,2025,IP.OAP.S1,Proyeksi PT PLN Indonesia Power - Pengangkatan Di Papua,S1/D-IV,Kota Sorong,2025-09-08,2025-09-21,2.5,27,mandiri,AFIRMASI,INDUK,NYATA,39,39
F00208,P0067,G2025-091,91,2025,NP.OAP.S1,Proyeksi PT PLN Nusantara Power - Lokasi Penempatan Seluruh Indonesia,S1/D-IV,Kota Sorong,2025-09-08,2025-09-21,2.5,27,mandiri,AFIRMASI,INDUK,NYATA,39,39
F00209,P0067,G2025-091,91,2025,IP.OAP.D3,Proyeksi PT PLN Indonesia Power - Pengangkatan Di Papua,D-III,Kota Sorong,2025-09-08,2025-09-21,2.5,25,mandiri,AFIRMASI,INDUK,NYATA,23,23
F00210,P0066,G2025-091,91,2025,PLN.OAP.D3,Proyeksi PT PLN (PERSERO) - Lokasi Penempatan Seluruh Indonesia,D-III,Kota Nabire,2025-09-08,2025-09-21,2.5,25,mandiri,AFIRMASI,INDUK,NYATA,23,23
F00211,P0066,G2025-091,91,2025,PLN.OAP.S1,Proyeksi PT PLN (PERSERO) - Lokasi Penempatan Seluruh Indonesia,S1/D-IV,Kota Nabire,2025-09-08,2025-09-21,2.5,27,mandiri,AFIRMASI,INDUK,NYATA,39,39
F00212,P0066,G2025-091,91,2025,IP.OAP.S1,Proyeksi PT PLN Indonesia Power - Pengangkatan Di Papua,S1/D-IV,Kota Nabire,2025-09-08,2025-09-21,2.5,27,mandiri,AFIRMASI,INDUK,NYATA,39,39
F00213,P0066,G2025-091,91,2025,NP.OAP.S1,Proyeksi PT PLN Nusantara Power - Lokasi Penempatan Seluruh Indonesia,S1/D-IV,Kota Nabire,2025-09-08,2025-09-21,2.5,27,mandiri,AFIRMASI,INDUK,NYATA,39,39
F00214,P0066,G2025-091,91,2025,IP.OAP.D3,Proyeksi PT PLN Indonesia Power - Pengangkatan Di Papua,D-III,Kota Nabire,2025-09-08,2025-09-21,2.5,25,mandiri,AFIRMASI,INDUK,NYATA,23,23
F00215,P0074,G2025-092,92,2025,IP.UM.D3,Proyeksi PT PLN Indonesia Power - Lokasi Penempatan Seluruh Indonesia (Jurusan Teknik),D-III,Seluruh Indonesia,2025-10-01,2025-10-05,3.0,25,mandiri,REGULER,SUBHOLDING,NYATA,64,64
F00216,P0074,G2025-092,92,2025,IP.UM.S1,Proyeksi PT PLN Indonesia Power - Lokasi Penempatan Seluruh Indonesia (Jurusan Teknik),S1/D-IV,Seluruh Indonesia,2025-10-01,2025-10-05,3.0,27,mandiri,REGULER,SUBHOLDING,NYATA,139,139
F00217,P0074,G2025-092,92,2025,IP.UM.S1.1,Proyeksi PT PLN Indonesia Power - Lokasi Penempatan Seluruh Indonesia (Jurusan Non Teknik),S1/D-IV,Seluruh Indonesia,2025-10-01,2025-10-05,3.0,27,mandiri,REGULER,SUBHOLDING,NYATA,139,139
F00218,P0075,G2025-092,92,2025,ND.UM.D3,Proyeksi PT PLN Nusa Daya - Lokasi Penempatan Seluruh Indonesia,D-III,Seluruh Indonesia,2025-10-01,2025-10-05,3.0,25,mandiri,REGULER,SUBHOLDING,NYATA,64,64
F00219,P0075,G2025-092,92,2025,ND.UM.S1,Proyeksi PT PLN Nusa Daya - Lokasi Penempatan Seluruh Indonesia,S1/D-IV,Seluruh Indonesia,2025-10-01,2025-10-05,3.0,27,mandiri,REGULER,SUBHOLDING,NYATA,139,139
F00220,P0070,G2025-092,92,2025,S1.HK,Proyeksi PLN GROUP - S1 Hukum - Lokasi Penempatan Seluruh Indonesia,S1/D-IV,Seluruh Indonesia,2025-10-01,2025-10-05,3.0,27,mandiri,BIDANG,INDUK,NYATA,39,39
F00221,P0070,G2025-092,92,2025,S2.HK,Proyeksi PLN GROUP - S2 Hukum/Public Policy Diaspora - Lokasi Pengangkatan Jakarta,S2,Seluruh Indonesia,2025-10-01,2025-10-05,3.0,30,mandiri,BIDANG,INDUK,NYATA,16,16
F00222,P0070,G2025-092,92,2025,S2EX.HK,Proyeksi PLN GROUP - S2 Hukum/Non Hukum dengan Latar Belakang S1 Hukum - Lokasi Pengangkatan Jakarta,S2,Seluruh Indonesia,2025-10-01,2025-10-05,3.25,30,mandiri,BIDANG,INDUK,NYATA,16,16
F00223,P0076,G2025-092,92,2025,NP.UM.D3,Proyeksi PT PLN Nusantara Power - Lokasi Penempatan Seluruh Indonesia,D-III,Seluruh Indonesia,2025-10-01,2025-10-05,3.0,25,mandiri,REGULER,SUBHOLDING,NYATA,64,64
F00224,P0076,G2025-092,92,2025,NP.UM.S1,Proyeksi PT PLN Nusantara Power - Lokasi Penempatan Seluruh Indonesia,S1/D-IV,Seluruh Indonesia,2025-10-01,2025-10-05,3.0,27,mandiri,REGULER,SUBHOLDING,NYATA,139,139
F00225,P0072,G2025-092,92,2025,ES.UM.D3,Proyeksi PT PLN Electricity Services - Lokasi Penempatan Seluruh Indonesia,D-III,Seluruh Indonesia,2025-10-01,2025-10-05,3.0,25,mandiri,REGULER,SUBHOLDING,NYATA,63,63
F00226,P0072,G2025-092,92,2025,ES.UM.S1,Proyeksi PT PLN Electricity Services - Lokasi Penempatan Seluruh Indonesia,S1/D-IV,Seluruh Indonesia,2025-10-01,2025-10-05,3.0,27,mandiri,REGULER,SUBHOLDING,NYATA,139,139
