program_studi,rumpun,bidang,kata_kunci_pemicu,n_profesi,n_program,sumber
ACCOUNTING,Akuntansi dan Perpajakan,NON-TEKNIK,ACCOUNTING,0,0,rbb
ADM.PERKANTORAN,Administrasi,NON-TEKNIK,ADM.,0,0,rbb
ADMINISITRASI BISNIS DAN PEMASARAN,Pemasaran dan Niaga,NON-TEKNIK,PEMASARAN,0,0,rbb
ADMINISTRASI,Administrasi,NON-TEKNIK,ADMINISTRASI,25,7,profesi|programs|rbb
ADMINISTRASI AKUNTANSI,Akuntansi dan Perpajakan,NON-TEKNIK,AKUNTANSI,0,0,rbb
ADMINISTRASI AKUNTANSI PERPAJAKAN,Akuntansi dan Perpajakan,NON-TEKNIK,PERPAJAKAN,0,0,rbb
ADMINISTRASI ASURANSI DAN AKTUARIA,Administrasi,NON-TEKNIK,ADMINISTRASI,0,0,rbb
ADMINISTRASI BISNIS,Manajemen dan Bisnis,NON-TEKNIK,ADMINISTRASI BISNIS,4,6,profesi|programs|rbb
ADMINISTRASI BISNIS DAN EKONOMI,Manajemen dan Bisnis,NON-TEKNIK,ADMINISTRASI BISNIS,0,0,rbb
ADMINISTRASI BISNIS DAN PEMASARAN,Pemasaran dan Niaga,NON-TEKNIK,PEMASARAN,0,0,rbb
ADMINISTRASI BISNIS OTOMOTIF,Mesin dan Konversi Energi,TEKNIK,OTOMOTIF,0,0,rbb
ADMINISTRASI BISNIS USAHA PERJALANAN WISATA,Manajemen dan Bisnis,NON-TEKNIK,ADMINISTRASI BISNIS,0,0,rbb
ADMINISTRASI FISKAL,Akuntansi dan Perpajakan,NON-TEKNIK,ADMINISTRASI FISKAL,1,1,profesi|programs|rbb
ADMINISTRASI HOTEL,Administrasi,NON-TEKNIK,ADMINISTRASI,0,0,rbb
ADMINISTRASI ILMU PENGETAHUAN SOSIAL,Administrasi,NON-TEKNIK,ADMINISTRASI,0,0,rbb
ADMINISTRASI KANTOR DAN SEKRETARIS,Administrasi,NON-TEKNIK,ADMINISTRASI,0,0,rbb
ADMINISTRASI KEBIJAKAN KESEHATAN,Administrasi,NON-TEKNIK,ADMINISTRASI,0,0,rbb
ADMINISTRASI KESEHATAN,Administrasi,NON-TEKNIK,ADMINISTRASI,0,0,rbb
ADMINISTRASI KEUANGAN,Keuangan,NON-TEKNIK,KEUANGAN,0,0,rbb
ADMINISTRASI KEUANGAN DAN PERBANKAN,Keuangan,NON-TEKNIK,KEUANGAN,0,0,rbb
ADMINISTRASI KEUANGAN PUBLIK,Keuangan,NON-TEKNIK,KEUANGAN,0,0,rbb
ADMINISTRASI LOGISTIK,Logistik dan Rantai Pasok,NON-TEKNIK,LOGISTIK,0,0,rbb
ADMINISTRASI NEGARA,Hukum,NON-TEKNIK,ADMINISTRASI NEGARA,0,0,rbb
ADMINISTRASI NIAGA,Administrasi,NON-TEKNIK,ADMINISTRASI,0,0,rbb
ADMINISTRASI PEMBANGUNAN NEGARA,Administrasi,NON-TEKNIK,ADMINISTRASI,0,0,rbb
ADMINISTRASI PEMERINTAHAN,Administrasi,NON-TEKNIK,ADMINISTRASI,0,0,rbb
ADMINISTRASI PENDIDIKAN,Administrasi,NON-TEKNIK,ADMINISTRASI,0,0,rbb
ADMINISTRASI PENDIDIKAN OLAHRAGA,Administrasi,NON-TEKNIK,ADMINISTRASI,0,0,rbb
ADMINISTRASI PERADILAN,Administrasi,NON-TEKNIK,ADMINISTRASI,0,0,rbb
ADMINISTRASI PERHOTELAN,Administrasi,NON-TEKNIK,ADMINISTRASI,0,0,rbb
ADMINISTRASI PERKANTORAN,Administrasi,NON-TEKNIK,ADMINISTRASI,0,0,rbb
ADMINISTRASI PERKANTORAN DAN SEKRETARI,Administrasi,NON-TEKNIK,ADMINISTRASI,0,0,rbb
ADMINISTRASI PERPAJAKAN,Akuntansi dan Perpajakan,NON-TEKNIK,PERPAJAKAN,0,0,rbb
ADMINISTRASI PERTANAHAN,Administrasi,NON-TEKNIK,ADMINISTRASI,0,0,rbb
ADMINISTRASI PUBLIK,Hukum,NON-TEKNIK,ADMINISTRASI PUBLIK,0,0,rbb
ADMINISTRASI RUMAH SAKIT,Administrasi,NON-TEKNIK,ADMINISTRASI,0,0,rbb
ADMINISTRASI SEKRETARIAT,Administrasi,NON-TEKNIK,ADMINISTRASI,0,0,rbb
ADMINITRASI PENDIDIKAN,Administrasi,NON-TEKNIK,ADMINITRASI,0,0,rbb
ADMINITRASI PERKANTORAN,Administrasi,NON-TEKNIK,ADMINITRASI,0,0,rbb
ADMINITRASI RUMAH SAKIT,Administrasi,NON-TEKNIK,ADMINITRASI,0,0,rbb
ADMINSITRASI BISNIS DAN PEMASARAN,Pemasaran dan Niaga,NON-TEKNIK,PEMASARAN,0,0,rbb
ADMINSITRASI KEUANGAN,Keuangan,NON-TEKNIK,KEUANGAN,0,0,rbb
ADVERTISING,Pemasaran dan Niaga,NON-TEKNIK,ADVERTISING,0,0,rbb
ADVERTISING PERIKLANAN,Pemasaran dan Niaga,NON-TEKNIK,ADVERTISING,0,0,rbb
AKUNTANSI,Akuntansi dan Perpajakan,NON-TEKNIK,AKUNTANSI,33,22,profesi|programs|rbb
AKUNTANSI DAN KEUANGAN LEMBAGA,Akuntansi dan Perpajakan,NON-TEKNIK,AKUNTANSI,0,0,rbb
AKUNTANSI DAN MANAGEMENT,Akuntansi dan Perpajakan,NON-TEKNIK,AKUNTANSI,0,0,rbb
AKUNTANSI DAN MANAJEMEN,Akuntansi dan Perpajakan,NON-TEKNIK,AKUNTANSI,0,0,rbb
AKUNTANSI KEUANGAN,Akuntansi dan Perpajakan,NON-TEKNIK,AKUNTANSI,0,0,rbb
AKUNTANSI KEUANGAN DAN PERBANKAN,Akuntansi dan Perpajakan,NON-TEKNIK,AKUNTANSI,0,0,rbb
AKUNTANSI LEMBAGA KEUANGAN SYARIAH,Akuntansi dan Perpajakan,NON-TEKNIK,AKUNTANSI,0,0,rbb
AKUNTANSI MANAJEMEN,Akuntansi dan Perpajakan,NON-TEKNIK,AKUNTANSI,0,0,rbb
AKUNTANSI MANAJERIAL,Akuntansi dan Perpajakan,NON-TEKNIK,AKUNTANSI,0,0,rbb
AKUNTANSI PERBANKAN,Akuntansi dan Perpajakan,NON-TEKNIK,AKUNTANSI,0,0,rbb
AKUNTANSI PERPAJAKAN,Akuntansi dan Perpajakan,NON-TEKNIK,PERPAJAKAN,0,0,rbb
AKUNTANSI SEKTOR PUBLIK,Akuntansi dan Perpajakan,NON-TEKNIK,AKUNTANSI,0,0,rbb
AKUNTANSI SYARIAH,Akuntansi dan Perpajakan,NON-TEKNIK,AKUNTANSI,0,0,rbb
AKUNTANSI TERAPAN,Akuntansi dan Perpajakan,NON-TEKNIK,AKUNTANSI,0,0,rbb
APPLICATION DEVELOPMENT PROFESIONAL,Informatika dan Data,TEKNIK,APPLICATION DEVELOPMENT,0,0,rbb
ART AND COMPUTER SCIENCE,Informatika dan Data,TEKNIK,COMPUTER,0,0,rbb
ARTIFICIAL INTELLIGENCE BUSINESS ANALYTICS,Informatika dan Data,TEKNIK,ARTIFICIAL INTELLIGENCE,0,0,rbb
AUDITING DAN PELAPORAN KEUANGAN,Keuangan,NON-TEKNIK,KEUANGAN,0,0,rbb
BIG DATA DAN BUSINESS INTELLIGENCE,Informatika dan Data,TEKNIK,BIG DATA,1,1,profesi|programs
BIOMANAJEMEN,Manajemen dan Bisnis,NON-TEKNIK,MANAJEMEN,0,0,rbb
BIOMEDICAL ENGINEERING,Kimia dan Lingkungan,TEKNIK,BIOMEDI,0,0,rbb
BIOTEKNOLOGI DALAM INDUSTRI,Kimia dan Lingkungan,TEKNIK,BIOTEKNOLOGI,0,0,rbb
BISNIS,Manajemen dan Bisnis,NON-TEKNIK,BISNIS,7,7,profesi|programs|rbb
BISNIS ANALIS,Manajemen dan Bisnis,NON-TEKNIK,BISNIS ANALIS,1,1,profesi|programs
BISNIS DARING DAN PEMASARAN,Pemasaran dan Niaga,NON-TEKNIK,PEMASARAN,0,0,rbb
BISNIS DIGITAL,Manajemen dan Bisnis,NON-TEKNIK,BISNIS,0,0,rbb
BISNIS DIGITAL ECOMMERCE,Manajemen dan Bisnis,NON-TEKNIK,BISNIS,0,0,rbb
BISNIS HOSPITALITI,Manajemen dan Bisnis,NON-TEKNIK,BISNIS,0,0,rbb
BISNIS INTERNASIONAL,Manajemen dan Bisnis,NON-TEKNIK,BISNIS,0,0,rbb
BISNIS ISLAM,Manajemen dan Bisnis,NON-TEKNIK,BISNIS,0,0,rbb
BISNIS JASA MAKANAN,Manajemen dan Bisnis,NON-TEKNIK,BISNIS,0,0,rbb
BISNIS KEUANGAN,Keuangan,NON-TEKNIK,KEUANGAN,0,0,rbb
BISNIS KEWIRAUSAHAAN,Manajemen dan Bisnis,NON-TEKNIK,BISNIS,0,0,rbb
BISNIS KONTRUKSI DAN PROPERTI,Manajemen dan Bisnis,NON-TEKNIK,BISNIS,0,0,rbb
BISNIS KULINER,Manajemen dan Bisnis,NON-TEKNIK,BISNIS,0,0,rbb
BISNIS MANAJEMEN,Manajemen dan Bisnis,NON-TEKNIK,BISNIS,0,0,rbb
BISNIS NIAGA PEMASARAN,Pemasaran dan Niaga,NON-TEKNIK,PEMASARAN,0,0,rbb
BISNIS PARIWISATA,Manajemen dan Bisnis,NON-TEKNIK,BISNIS,0,0,rbb
BISNIS PARIWISATA DAN PERHOTELAN,Manajemen dan Bisnis,NON-TEKNIK,BISNIS,0,0,rbb
BISNIS PERHOTELAN DAN PARIWISATA,Manajemen dan Bisnis,NON-TEKNIK,BISNIS,0,0,rbb
BISNIS PERJALANAN WISATA,Manajemen dan Bisnis,NON-TEKNIK,BISNIS,0,0,rbb
BUSINESS ADMINISTRATION,Manajemen dan Bisnis,NON-TEKNIK,BUSINESS,0,0,rbb
BUSINESS CREATION,Manajemen dan Bisnis,NON-TEKNIK,BUSINESS,0,0,rbb
BUSINESS INFORMATION TECHNOLOGY,Informatika dan Data,TEKNIK,INFORMATION TECHNOLOGY,0,0,rbb
COMPUTER AIDED INDUSTRIAL DESIGN,Informatika dan Data,TEKNIK,COMPUTER,0,0,rbb
COMPUTERIZED ACCOUNTING,Akuntansi dan Perpajakan,NON-TEKNIK,ACCOUNTING,0,0,rbb
CREATIVEPRENEURSHIP,Manajemen dan Bisnis,NON-TEKNIK,CREATIVEPRENEUR,0,0,rbb
CULINARY BUSINESS,Manajemen dan Bisnis,NON-TEKNIK,BUSINESS,0,0,rbb
CULINARY MANAGEMENT,Manajemen dan Bisnis,NON-TEKNIK,CULINARY,0,0,rbb
DATA SCIENCE,Informatika dan Data,TEKNIK,DATA SCIENCE,3,4,profesi|programs
DESAIN DAN MANAJEMEN PRODUK,Manajemen dan Bisnis,NON-TEKNIK,MANAJEMEN,0,0,rbb
DIGITAL MARKETING DAN ANALYTICS,Pemasaran dan Niaga,NON-TEKNIK,DIGITAL MARKETING,1,1,profesi|programs
EKONOMI,Manajemen dan Bisnis,NON-TEKNIK,EKONOMI,0,0,rbb
EKONOMI ADMINISTRASI,Manajemen dan Bisnis,NON-TEKNIK,EKONOMI,0,0,rbb
EKONOMI AKUNTANSI,Akuntansi dan Perpajakan,NON-TEKNIK,AKUNTANSI,0,0,rbb
EKONOMI AKUNTANSI SYARIAH,Akuntansi dan Perpajakan,NON-TEKNIK,AKUNTANSI,0,0,rbb
EKONOMI BISNIS,Manajemen dan Bisnis,NON-TEKNIK,BISNIS,0,0,rbb
EKONOMI DAN ADMINISTRASI,Manajemen dan Bisnis,NON-TEKNIK,EKONOMI,0,0,rbb
EKONOMI DAN BISNIS,Manajemen dan Bisnis,NON-TEKNIK,BISNIS,0,0,rbb
EKONOMI DAN BISNIS INTERNASIONAL,Manajemen dan Bisnis,NON-TEKNIK,BISNIS,0,0,rbb
EKONOMI DAN BISNIS ISLAM,Manajemen dan Bisnis,NON-TEKNIK,BISNIS,0,0,rbb
EKONOMI DAN BISNIS ISLAM PERBANKAN SYARIAH,Keuangan,NON-TEKNIK,PERBANKAN,0,0,rbb
EKONOMI DAN BISNIS SYARIAH,Manajemen dan Bisnis,NON-TEKNIK,BISNIS,0,0,rbb
EKONOMI DAN HUKUM BISNIS INTERNASIONAL,Manajemen dan Bisnis,NON-TEKNIK,BISNIS,0,0,rbb
EKONOMI DAN KEUANGAN ISLAM,Keuangan,NON-TEKNIK,KEUANGAN,0,0,rbb
EKONOMI DAN KEUANGAN SYARIAH,Keuangan,NON-TEKNIK,KEUANGAN,0,0,rbb
EKONOMI DAN PERBANKAN ISLAM,Keuangan,NON-TEKNIK,PERBANKAN,0,0,rbb
EKONOMI DAN STUDI PEMBANGUNAN,Manajemen dan Bisnis,NON-TEKNIK,EKONOMI,0,0,rbb
EKONOMI GEOGRAFI,Manajemen dan Bisnis,NON-TEKNIK,EKONOMI,0,0,rbb
EKONOMI INDUSTRI,Manajemen dan Bisnis,NON-TEKNIK,EKONOMI,0,0,rbb
EKONOMI INTERNASIONAL,Manajemen dan Bisnis,NON-TEKNIK,EKONOMI,0,0,rbb
EKONOMI ISLAM,Manajemen dan Bisnis,NON-TEKNIK,EKONOMI,0,0,rbb
EKONOMI ISLAM KONSENTRASI MANAJEMEN KEUANGAN ISLAM,Keuangan,NON-TEKNIK,MANAJEMEN KEUANGAN,0,0,rbb
EKONOMI KEUANGAN,Keuangan,NON-TEKNIK,KEUANGAN,0,0,rbb
EKONOMI MANAJEMEN,Manajemen dan Bisnis,NON-TEKNIK,EKONOMI,0,0,rbb
EKONOMI MONETER,Manajemen dan Bisnis,NON-TEKNIK,EKONOMI,0,0,rbb
EKONOMI PEMBANGUNAN,Manajemen dan Bisnis,NON-TEKNIK,EKONOMI,0,0,rbb
EKONOMI PEMBANGUNAN DAN PERENCANAAN,Manajemen dan Bisnis,NON-TEKNIK,EKONOMI,0,0,rbb
EKONOMI PEMERINTAHAN,Manajemen dan Bisnis,NON-TEKNIK,EKONOMI,0,0,rbb
EKONOMI PENDIDIKAN,Manajemen dan Bisnis,NON-TEKNIK,EKONOMI,0,0,rbb
EKONOMI PERBANKAN,Keuangan,NON-TEKNIK,PERBANKAN,0,0,rbb
EKONOMI PERUSAHAAN,Manajemen dan Bisnis,NON-TEKNIK,EKONOMI,0,0,rbb
EKONOMI POLITIK,Manajemen dan Bisnis,NON-TEKNIK,EKONOMI,0,0,rbb
EKONOMI PUBLIK,Manajemen dan Bisnis,NON-TEKNIK,EKONOMI,0,0,rbb
EKONOMI REGIONAL,Manajemen dan Bisnis,NON-TEKNIK,EKONOMI,0,0,rbb
EKONOMI SOSIAL,Manajemen dan Bisnis,NON-TEKNIK,EKONOMI,0,0,rbb
EKONOMI SUMBER DAYA ALAM DAN LINGKUNGAN,Manajemen dan Bisnis,NON-TEKNIK,EKONOMI,0,0,rbb
EKONOMI SUMBER DAYA MANUSIA,Manajemen dan Bisnis,NON-TEKNIK,EKONOMI,0,0,rbb
EKONOMI SUMBERDAYA DAN LINGKUNGAN,Manajemen dan Bisnis,NON-TEKNIK,EKONOMI,0,0,rbb
EKONOMI SYARIAH,Manajemen dan Bisnis,NON-TEKNIK,EKONOMI,0,0,rbb
EKONOMI TERAPAN,Manajemen dan Bisnis,NON-TEKNIK,EKONOMI,0,0,rbb
EKONOMI UMUM,Manajemen dan Bisnis,NON-TEKNIK,EKONOMI,0,0,rbb
ELEKTRONIKA DAN INSTRUMENTASI,Elektro dan Ketenagalistrikan,TEKNIK,INSTRUMENTASI,0,1,programs
ENERGI BARU TERBARUKAN,Mesin dan Konversi Energi,TEKNIK,ENERGI BARU TERBARUKAN,3,3,profesi|programs
HOSPITALITI ADMINISTRASI HOTEL,Administrasi,NON-TEKNIK,ADMINISTRASI,0,0,rbb
HOSPITALITY MANAJEMEN PASTRY,Manajemen dan Bisnis,NON-TEKNIK,MANAJEMEN,0,0,rbb
HOSPITALITY MANAJEMEN TATA HIDANGAN,Manajemen dan Bisnis,NON-TEKNIK,MANAJEMEN,0,0,rbb
HUBUNGAN MASYARAKAT,Komunikasi dan Humas,NON-TEKNIK,HUBUNGAN MASYARAKAT,7,7,profesi|programs
HUKUM,Hukum,NON-TEKNIK,HUKUM,10,10,profesi|programs
ILMU ADMINISTRASI,Administrasi,NON-TEKNIK,ADMINISTRASI,0,0,rbb
ILMU ADMINISTRASI JURUSAN USAHA PERJALANAN WISATA,Administrasi,NON-TEKNIK,ADMINISTRASI,0,0,rbb
ILMU ADMINISTRASI NEGARA,Hukum,NON-TEKNIK,ADMINISTRASI NEGARA,0,0,rbb
ILMU ADMINISTRASI PUBLIK,Hukum,NON-TEKNIK,ADMINISTRASI PUBLIK,0,0,rbb
ILMU AKUNTANSI,Akuntansi dan Perpajakan,NON-TEKNIK,AKUNTANSI,0,0,rbb
ILMU EKONOMI ISLAM,Manajemen dan Bisnis,NON-TEKNIK,EKONOMI,0,0,rbb
ILMU EKONOMI PERTANIAN,Manajemen dan Bisnis,NON-TEKNIK,EKONOMI,0,0,rbb
ILMU EKONOMI SYARIAH,Manajemen dan Bisnis,NON-TEKNIK,EKONOMI,0,0,rbb
ILMU KOMPUTER,Informatika dan Data,TEKNIK,ILMU KOMPUTER,0,0,rbb
ILMU MANAJEMEN,Manajemen dan Bisnis,NON-TEKNIK,MANAJEMEN,0,0,rbb
ILMU MANAJEMEN BISNIS,Manajemen dan Bisnis,NON-TEKNIK,MANAJEMEN BISNIS,0,0,rbb
ILMU MANAJEMEN KOMUNIKASI,Manajemen dan Bisnis,NON-TEKNIK,MANAJEMEN,0,0,rbb
ILMU MANAJEMEN PERBANKAN,Keuangan,NON-TEKNIK,PERBANKAN,0,0,rbb
ILMU MANAJEMEN STRATEJIK,Manajemen dan Bisnis,NON-TEKNIK,MANAJEMEN,0,0,rbb
INFORMASI SYSTEM,Informatika dan Data,TEKNIK,INFORMASI SYSTEM,0,0,rbb
INSTRUMENTASI FISIK,Elektro dan Ketenagalistrikan,TEKNIK,INSTRUMENTASI,0,0,rbb
KEAMANAN SIBER,Informatika dan Data,TEKNIK,KEAMANAN SIBER,0,0,rbb
KEBIJAKAN DAN MANAJEMEN PUBLIK,Manajemen dan Bisnis,NON-TEKNIK,MANAJEMEN,0,0,rbb
KEPEGAWAIAN,Psikologi dan SDM,NON-TEKNIK,KEPEGAWAIAN,0,0,rbb
KESEHATAN MASYARAKAT K3,K3,TEKNIK,KESEHATAN MASYARAKAT K3,1,1,profesi|programs
KESEKRETARIATAN,Administrasi,NON-TEKNIK,KESEKRETARIATAN,0,0,rbb
KESEKRETARIATAN KONSENTRASI PERPUSTAKAAN DAN ARSIP,Administrasi,NON-TEKNIK,KESEKRETARIATAN,0,0,rbb
KESEKRETARIATAN PERPUSTAKAAN DAN ARSIP,Administrasi,NON-TEKNIK,KESEKRETARIATAN,0,0,rbb
KESELAMATAN DAN KESEHATAN KERJA,K3,TEKNIK,KESELAMATAN DAN KESEHATAN KERJA,8,8,profesi|programs
KEUANGAN,Keuangan,NON-TEKNIK,KEUANGAN,6,6,profesi|programs|rbb
KEUANGAN DAN PERBANKAN,Keuangan,NON-TEKNIK,KEUANGAN,0,0,rbb
KEWIRAUSAHAAN ISLAM,Manajemen dan Bisnis,NON-TEKNIK,KEWIRAUSAHAAN,0,0,rbb
KOMPUTER AKUNTANSI,Akuntansi dan Perpajakan,NON-TEKNIK,AKUNTANSI,0,0,rbb
KOMPUTERISASI AKUNTANSI,Akuntansi dan Perpajakan,NON-TEKNIK,AKUNTANSI,0,0,rbb
KOMUNIKASI,Komunikasi dan Humas,NON-TEKNIK,KOMUNIKASI,8,8,profesi|programs
KONVERSI ENERGI,Mesin dan Konversi Energi,TEKNIK,KONVERSI ENERGI,7,7,profesi|programs
LINGKUNGAN,Kimia dan Lingkungan,NON-TEKNIK,LINGKUNGAN,1,1,profesi|programs
LOGISTIK,Logistik dan Rantai Pasok,NON-TEKNIK,LOGISTIK,1,1,profesi|programs
MANAJEMEN,Manajemen dan Bisnis,NON-TEKNIK,MANAJEMEN,35,20,profesi|programs|rbb
MANAJEMEN ADMINISTRASI,Manajemen dan Bisnis,NON-TEKNIK,MANAJEMEN,0,0,rbb
MANAJEMEN ADMINISTRASI AKUNTANSI,Akuntansi dan Perpajakan,NON-TEKNIK,AKUNTANSI,0,0,rbb
MANAJEMEN ADMINISTRASI NIAGA,Manajemen dan Bisnis,NON-TEKNIK,MANAJEMEN,0,0,rbb
MANAJEMEN ADMINISTRASI PERHOTELAN,Manajemen dan Bisnis,NON-TEKNIK,MANAJEMEN,0,0,rbb
MANAJEMEN AGAMA,Manajemen dan Bisnis,NON-TEKNIK,MANAJEMEN,0,0,rbb
MANAJEMEN AGROINDUSTRI,Manajemen dan Bisnis,NON-TEKNIK,MANAJEMEN,0,0,rbb
MANAJEMEN AKUNTANSI,Akuntansi dan Perpajakan,NON-TEKNIK,AKUNTANSI,0,0,rbb
MANAJEMEN ASET,Manajemen dan Bisnis,NON-TEKNIK,MANAJEMEN ASET,1,3,profesi|programs|rbb
MANAJEMEN ASURANSI,Manajemen dan Bisnis,NON-TEKNIK,MANAJEMEN,0,0,rbb
MANAJEMEN BANDAR UDARA,Sipil dan Geodesi,TEKNIK,BANDAR UDARA,0,0,rbb
MANAJEMEN BENCANA,Manajemen dan Bisnis,NON-TEKNIK,MANAJEMEN,0,0,rbb
MANAJEMEN BERITA,Manajemen dan Bisnis,NON-TEKNIK,MANAJEMEN,0,0,rbb
MANAJEMEN BISNIS,Manajemen dan Bisnis,NON-TEKNIK,MANAJEMEN BISNIS,14,17,profesi|programs|rbb
MANAJEMEN BISNIS INDUSTRI,Manajemen dan Bisnis,NON-TEKNIK,MANAJEMEN BISNIS,0,0,rbb
MANAJEMEN BISNIS INTERNASIONAL,Manajemen dan Bisnis,NON-TEKNIK,MANAJEMEN BISNIS,0,0,rbb
MANAJEMEN BISNIS JASA PERJALANAN WISATA,Manajemen dan Bisnis,NON-TEKNIK,MANAJEMEN BISNIS,0,0,rbb
MANAJEMEN BISNIS KONVENSI DAN EVENT,Manajemen dan Bisnis,NON-TEKNIK,MANAJEMEN BISNIS,0,0,rbb
MANAJEMEN BISNIS KONVENSI DAN PERHELATAN,Manajemen dan Bisnis,NON-TEKNIK,MANAJEMEN BISNIS,0,0,rbb
MANAJEMEN BISNIS PARIWISATA,Manajemen dan Bisnis,NON-TEKNIK,MANAJEMEN BISNIS,0,0,rbb
MANAJEMEN BISNIS PERJALANAN,Manajemen dan Bisnis,NON-TEKNIK,MANAJEMEN BISNIS,0,0,rbb
MANAJEMEN BISNIS PERJALANAN WISATA,Manajemen dan Bisnis,NON-TEKNIK,MANAJEMEN BISNIS,0,0,rbb
MANAJEMEN BISNIS SYARIAH,Manajemen dan Bisnis,NON-TEKNIK,MANAJEMEN BISNIS,0,0,rbb
MANAJEMEN BISNIS TELEKOMUNIKASI DAN INFORMATIKA,Informatika dan Data,TEKNIK,INFORMATIKA,0,0,rbb
MANAJEMEN BISNIS UNGGAS,Manajemen dan Bisnis,NON-TEKNIK,MANAJEMEN BISNIS,0,0,rbb
MANAJEMEN DAKWAH,Manajemen dan Bisnis,NON-TEKNIK,MANAJEMEN,0,0,rbb
MANAJEMEN DAKWAH ISLAM,Manajemen dan Bisnis,NON-TEKNIK,MANAJEMEN,0,0,rbb
MANAJEMEN DAKWAH KOMUNIKASI,Manajemen dan Bisnis,NON-TEKNIK,MANAJEMEN,0,0,rbb
MANAJEMEN DAN ADMINISTRASI,Manajemen dan Bisnis,NON-TEKNIK,MANAJEMEN,0,0,rbb
MANAJEMEN DAN BISNIS,Manajemen dan Bisnis,NON-TEKNIK,BISNIS,0,0,rbb
MANAJEMEN DAN EKONOMI ALAM,Manajemen dan Bisnis,NON-TEKNIK,EKONOMI,0,0,rbb
MANAJEMEN DAN KEBIJAKAN PUBLIK,Manajemen dan Bisnis,NON-TEKNIK,MANAJEMEN,0,0,rbb
MANAJEMEN DESTINASI PARIWISATA,Manajemen dan Bisnis,NON-TEKNIK,MANAJEMEN,0,0,rbb
MANAJEMEN DIVISI KAMAR,Manajemen dan Bisnis,NON-TEKNIK,MANAJEMEN,0,0,rbb
MANAJEMEN EKONOMI,Manajemen dan Bisnis,NON-TEKNIK,EKONOMI,0,0,rbb
MANAJEMEN EKONOMI DAN BISNIS,Manajemen dan Bisnis,NON-TEKNIK,BISNIS,0,0,rbb
MANAJEMEN EVENT,Manajemen dan Bisnis,NON-TEKNIK,MANAJEMEN,0,0,rbb
MANAJEMEN FINANSIAL,Manajemen dan Bisnis,NON-TEKNIK,MANAJEMEN,0,0,rbb
MANAJEMEN HAJI DAN UMRAH,Manajemen dan Bisnis,NON-TEKNIK,MANAJEMEN,0,0,rbb
MANAJEMEN HOSPITALITY,Manajemen dan Bisnis,NON-TEKNIK,MANAJEMEN,0,0,rbb
MANAJEMEN HOTEL,Manajemen dan Bisnis,NON-TEKNIK,MANAJEMEN,0,0,rbb
MANAJEMEN HUTAN,Manajemen dan Bisnis,NON-TEKNIK,MANAJEMEN,0,0,rbb
MANAJEMEN INDUSTRI,Manajemen dan Bisnis,NON-TEKNIK,MANAJEMEN,0,0,rbb
MANAJEMEN INDUSTRI JASA MAKAN DAN GIZI,Manajemen dan Bisnis,NON-TEKNIK,MANAJEMEN,0,0,rbb
MANAJEMEN INDUSTRI KATERING,Manajemen dan Bisnis,NON-TEKNIK,MANAJEMEN,0,0,rbb
MANAJEMEN INDUSTRI PANGAN,Manajemen dan Bisnis,NON-TEKNIK,MANAJEMEN,0,0,rbb
MANAJEMEN INFORMASI,Manajemen dan Bisnis,NON-TEKNIK,MANAJEMEN,0,0,rbb
MANAJEMEN INFORMASI DAN DOKUMEN,Manajemen dan Bisnis,NON-TEKNIK,MANAJEMEN,0,0,rbb
MANAJEMEN INFORMASI DAN KOMUNIKASI,Manajemen dan Bisnis,NON-TEKNIK,MANAJEMEN,0,0,rbb
MANAJEMEN INFORMASI KESEHATAN,Manajemen dan Bisnis,NON-TEKNIK,MANAJEMEN,0,0,rbb
MANAJEMEN INFORMATIKA,Informatika dan Data,TEKNIK,INFORMATIKA,0,0,rbb
MANAJEMEN INFORMATIKA DAN TEKNIK KOMPUTER,Informatika dan Data,TEKNIK,TEKNIK KOMPUTER,0,0,rbb
MANAJEMEN INTERNASIONAL,Manajemen dan Bisnis,NON-TEKNIK,MANAJEMEN,0,0,rbb
MANAJEMEN INVESTASI BANK,Keuangan,NON-TEKNIK,MANAJEMEN INVESTASI,1,3,profesi|programs
MANAJEMEN ISI KAMAR,Manajemen dan Bisnis,NON-TEKNIK,MANAJEMEN,0,0,rbb
MANAJEMEN ISI KAMAR PERHOTELAN,Manajemen dan Bisnis,NON-TEKNIK,MANAJEMEN,0,0,rbb
MANAJEMEN ISLAM,Manajemen dan Bisnis,NON-TEKNIK,MANAJEMEN,0,0,rbb
MANAJEMEN KEBIJAKAN PUBLIK,Manajemen dan Bisnis,NON-TEKNIK,MANAJEMEN,0,0,rbb
MANAJEMEN KEPARIWISATAAN,Manajemen dan Bisnis,NON-TEKNIK,MANAJEMEN,0,0,rbb
MANAJEMEN KEPELABUHAN DAN PELAYARAN,Manajemen dan Bisnis,NON-TEKNIK,MANAJEMEN,0,0,rbb
MANAJEMEN KESEHATAN,Manajemen dan Bisnis,NON-TEKNIK,MANAJEMEN,0,0,rbb
MANAJEMEN KESELAMATAN TRANSPORTASI JALAN,Manajemen dan Bisnis,NON-TEKNIK,MANAJEMEN,0,0,rbb
MANAJEMEN KETAHANAN PANGAN,Manajemen dan Bisnis,NON-TEKNIK,MANAJEMEN,0,0,rbb
MANAJEMEN KEUANGAN,Keuangan,NON-TEKNIK,MANAJEMEN KEUANGAN,5,8,profesi|programs|rbb
MANAJEMEN KEUANGAN DAN BANK,Keuangan,NON-TEKNIK,MANAJEMEN KEUANGAN,0,0,rbb
MANAJEMEN KEUANGAN DAN INVESTASI,Keuangan,NON-TEKNIK,MANAJEMEN KEUANGAN,0,0,rbb
MANAJEMEN KEUANGAN ISLAM,Keuangan,NON-TEKNIK,MANAJEMEN KEUANGAN,0,0,rbb
MANAJEMEN KEUANGAN SYARIAH,Keuangan,NON-TEKNIK,MANAJEMEN KEUANGAN,0,0,rbb
MANAJEMEN KEWIRAUSAHAAN,Manajemen dan Bisnis,NON-TEKNIK,MANAJEMEN,0,0,rbb
MANAJEMEN KOMUNIKASI,Manajemen dan Bisnis,NON-TEKNIK,MANAJEMEN,0,0,rbb
MANAJEMEN KONSTRUKSI,Manajemen dan Bisnis,NON-TEKNIK,MANAJEMEN,0,0,rbb
MANAJEMEN KONVENSI DAN ACARA,Manajemen dan Bisnis,NON-TEKNIK,MANAJEMEN,0,0,rbb
MANAJEMEN KONVENSI DAN PERHELATAN,Manajemen dan Bisnis,NON-TEKNIK,MANAJEMEN,0,0,rbb
MANAJEMEN KULINER,Manajemen dan Bisnis,NON-TEKNIK,MANAJEMEN,0,0,rbb
MANAJEMEN LALU LINTAS UDARA,Manajemen dan Bisnis,NON-TEKNIK,MANAJEMEN,0,0,rbb
MANAJEMEN LEMBAGA KEUANGAN SYARIAH,Keuangan,NON-TEKNIK,KEUANGAN,0,0,rbb
MANAJEMEN LOGISTIK,Logistik dan Rantai Pasok,NON-TEKNIK,LOGISTIK,0,0,rbb
MANAJEMEN LOGISTIK INDUSTRI AGRO,Logistik dan Rantai Pasok,NON-TEKNIK,LOGISTIK,0,0,rbb
MANAJEMEN LOGISTIK INDUSTRI ELEKTRONIKA,Elektro dan Ketenagalistrikan,TEKNIK,ELEKTRONIKA,0,0,rbb
MANAJEMEN MATERIAL,Manajemen dan Bisnis,NON-TEKNIK,MANAJEMEN,0,0,rbb
MANAJEMEN MICE,Manajemen dan Bisnis,NON-TEKNIK,MANAJEMEN,0,0,rbb
MANAJEMEN OBAT DAN FARMASI,Manajemen dan Bisnis,NON-TEKNIK,MANAJEMEN,0,0,rbb
MANAJEMEN OPERASI DAN PRODUKSI,Manajemen dan Bisnis,NON-TEKNIK,MANAJEMEN,0,0,rbb
MANAJEMEN OPERASIONAL,Manajemen dan Bisnis,NON-TEKNIK,MANAJEMEN,0,0,rbb
MANAJEMEN PAJAK,Akuntansi dan Perpajakan,NON-TEKNIK,PAJAK,0,0,rbb
MANAJEMEN PARIWISATA,Manajemen dan Bisnis,NON-TEKNIK,MANAJEMEN,0,0,rbb
MANAJEMEN PATISERI,Manajemen dan Bisnis,NON-TEKNIK,MANAJEMEN,0,0,rbb
MANAJEMEN PELABUHAN,Manajemen dan Bisnis,NON-TEKNIK,MANAJEMEN,0,0,rbb
MANAJEMEN PELAYANAN RUMAH SAKIT,Manajemen dan Bisnis,NON-TEKNIK,MANAJEMEN,0,0,rbb
MANAJEMEN PEMASARAN,Pemasaran dan Niaga,NON-TEKNIK,MANAJEMEN PEMASARAN,11,14,profesi|programs|rbb
MANAJEMEN PEMASARAN INDUSTRI ELEKTRONIKA,Elektro dan Ketenagalistrikan,TEKNIK,ELEKTRONIKA,0,0,rbb
MANAJEMEN PEMASARAN PARIWISATA,Pemasaran dan Niaga,NON-TEKNIK,MANAJEMEN PEMASARAN,0,0,rbb
MANAJEMEN PEMBANGUNAN DAERAH,Manajemen dan Bisnis,NON-TEKNIK,MANAJEMEN,0,0,rbb
MANAJEMEN PEMERINTAHAN,Manajemen dan Bisnis,NON-TEKNIK,MANAJEMEN,0,0,rbb
MANAJEMEN PENDIDIKAN,Manajemen dan Bisnis,NON-TEKNIK,MANAJEMEN,0,0,rbb
MANAJEMEN PENDIDIKAN ISIAM,Manajemen dan Bisnis,NON-TEKNIK,MANAJEMEN,0,0,rbb
MANAJEMEN PENDIDIKAN ISLAM,Manajemen dan Bisnis,NON-TEKNIK,MANAJEMEN,0,0,rbb
MANAJEMEN PENDIDIKAN ISLAM BIMBINGAN DAN KONSELING ISLAM,Manajemen dan Bisnis,NON-TEKNIK,MANAJEMEN,0,0,rbb
MANAJEMEN PENDIDIKAN KRISTEN,Manajemen dan Bisnis,NON-TEKNIK,MANAJEMEN,0,0,rbb
MANAJEMEN PENERBANGAN,Mesin dan Konversi Energi,TEKNIK,PENERBANGAN,0,0,rbb
MANAJEMEN PENGATURAN PERJALANAN,Manajemen dan Bisnis,NON-TEKNIK,MANAJEMEN,0,0,rbb
MANAJEMEN PENGELOLAAN PERHOTELAN,Manajemen dan Bisnis,NON-TEKNIK,MANAJEMEN,0,0,rbb
MANAJEMEN PENGELOLAAN SUMBERDAYA PERAIRAN,Manajemen dan Bisnis,NON-TEKNIK,MANAJEMEN,0,0,rbb
MANAJEMEN PERBANKAN,Keuangan,NON-TEKNIK,PERBANKAN,0,0,rbb
MANAJEMEN PERBANKAN DAN KEUANGAN SYARIAH,Keuangan,NON-TEKNIK,KEUANGAN,0,0,rbb
MANAJEMEN PERBANKAN SYARIAH,Keuangan,NON-TEKNIK,PERBANKAN,0,0,rbb
MANAJEMEN PERDAGANGAN,Manajemen dan Bisnis,NON-TEKNIK,MANAJEMEN,0,0,rbb
MANAJEMEN PERENCANAAN DAN PEMASARAN PARIWISATA,Pemasaran dan Niaga,NON-TEKNIK,PEMASARAN,0,0,rbb
MANAJEMEN PERHOTELAN DAN PARIWISATA,Manajemen dan Bisnis,NON-TEKNIK,MANAJEMEN,0,0,rbb
MANAJEMEN PERJALANAN WISATA,Manajemen dan Bisnis,NON-TEKNIK,MANAJEMEN,0,0,rbb
MANAJEMEN PERKANTORAN,Manajemen dan Bisnis,NON-TEKNIK,MANAJEMEN,0,0,rbb
MANAJEMEN PERPAJAKAN,Akuntansi dan Perpajakan,NON-TEKNIK,PERPAJAKAN,0,0,rbb
MANAJEMEN PERTANIAN LAHAN KERING,Manajemen dan Bisnis,NON-TEKNIK,MANAJEMEN,0,0,rbb
MANAJEMEN PERUSAHAAN,Manajemen dan Bisnis,NON-TEKNIK,MANAJEMEN,0,0,rbb
MANAJEMEN PRODUKSI,Manajemen dan Bisnis,NON-TEKNIK,MANAJEMEN,0,0,rbb
MANAJEMEN PRODUKSI MEDIA,Manajemen dan Bisnis,NON-TEKNIK,MANAJEMEN,0,0,rbb
MANAJEMEN PRODUKSI SIARAN,Manajemen dan Bisnis,NON-TEKNIK,MANAJEMEN,0,0,rbb
MANAJEMEN PRODUKSI SIARAN RADIO DAN TELEVISI,Manajemen dan Bisnis,NON-TEKNIK,MANAJEMEN,0,0,rbb
MANAJEMEN PROYEK,Manajemen dan Bisnis,NON-TEKNIK,MANAJEMEN,0,3,programs|rbb
MANAJEMEN REKAYASA,Manajemen dan Bisnis,NON-TEKNIK,MANAJEMEN,0,0,rbb
MANAJEMEN REKAYASA INDUSTRI,Manajemen dan Bisnis,NON-TEKNIK,MANAJEMEN,0,0,rbb
MANAJEMEN REKAYASA PERIKANAN TANGKAP,Manajemen dan Bisnis,NON-TEKNIK,MANAJEMEN,0,0,rbb
MANAJEMEN REKOD DAN ARSIP,Manajemen dan Bisnis,NON-TEKNIK,MANAJEMEN,0,0,rbb
MANAJEMEN RESIKO,Manajemen dan Bisnis,NON-TEKNIK,MANAJEMEN,0,0,rbb
MANAJEMEN RESORT DAN LEISURE,Manajemen dan Bisnis,NON-TEKNIK,MANAJEMEN,0,0,rbb
MANAJEMEN RISIKO,Manajemen dan Bisnis,NON-TEKNIK,MANAJEMEN,0,2,programs|rbb
MANAJEMEN RUMAH SAKIT,Manajemen dan Bisnis,NON-TEKNIK,MANAJEMEN,0,0,rbb
MANAJEMEN SEKTOR PUBLIK,Manajemen dan Bisnis,NON-TEKNIK,MANAJEMEN,0,0,rbb
MANAJEMEN SISTEM INFORMASI,Informatika dan Data,TEKNIK,SISTEM INFORMASI,0,0,rbb
MANAJEMEN STRATEGIK DAN PERENCANAAN,Manajemen dan Bisnis,NON-TEKNIK,MANAJEMEN,0,0,rbb
MANAJEMEN STRATEJIK,Manajemen dan Bisnis,NON-TEKNIK,MANAJEMEN,0,0,rbb
MANAJEMEN SUMBER DAYA,Manajemen dan Bisnis,NON-TEKNIK,MANAJEMEN,0,0,rbb
MANAJEMEN SUMBER DAYA AIR,Manajemen dan Bisnis,NON-TEKNIK,MANAJEMEN,0,0,rbb
MANAJEMEN SUMBER DAYA AKUATIK,Manajemen dan Bisnis,NON-TEKNIK,MANAJEMEN,0,0,rbb
MANAJEMEN SUMBER DAYA LAHAN,Manajemen dan Bisnis,NON-TEKNIK,MANAJEMEN,0,0,rbb
MANAJEMEN SUMBER DAYA MANUSIA,Manajemen dan Bisnis,NON-TEKNIK,MANAJEMEN,0,0,rbb
MANAJEMEN SUMBER DAYA MANUSIA APARATUR,Manajemen dan Bisnis,NON-TEKNIK,MANAJEMEN,0,0,rbb
MANAJEMEN SUMBER DAYA PERAIRAN,Manajemen dan Bisnis,NON-TEKNIK,MANAJEMEN,0,0,rbb
MANAJEMEN SUMBER DAYA PERIKANAN,Manajemen dan Bisnis,NON-TEKNIK,MANAJEMEN,0,0,rbb
MANAJEMEN TATA BOGA,Manajemen dan Bisnis,NON-TEKNIK,MANAJEMEN,0,0,rbb
MANAJEMEN TATA HIDANGAN,Manajemen dan Bisnis,NON-TEKNIK,MANAJEMEN,0,0,rbb
MANAJEMEN TEKNIK,Manajemen dan Bisnis,NON-TEKNIK,MANAJEMEN,0,0,rbb
MANAJEMEN TEKNIK INDUSTRI,Industri dan Rekayasa,TEKNIK,TEKNIK INDUSTRI,0,0,rbb
MANAJEMEN TEKNIK STUDIO PRODUKSI,Manajemen dan Bisnis,NON-TEKNIK,MANAJEMEN,0,0,rbb
MANAJEMEN TEKNOLOGI,Manajemen dan Bisnis,NON-TEKNIK,MANAJEMEN,0,0,rbb
MANAJEMEN TEKNOLOGI INFORMASI,Informatika dan Data,TEKNIK,TEKNOLOGI INFORMASI,0,0,rbb
MANAJEMEN TEKNOLOGI PERIKANAN TANGKAP,Manajemen dan Bisnis,NON-TEKNIK,MANAJEMEN,0,0,rbb
MANAJEMEN TENAGA EKONOMI,Manajemen dan Bisnis,NON-TEKNIK,EKONOMI,0,0,rbb
MANAJEMEN TRANSPOR UDARA,Manajemen dan Bisnis,NON-TEKNIK,MANAJEMEN,0,0,rbb
MANAJEMEN TRANSPORT LAUT,Manajemen dan Bisnis,NON-TEKNIK,MANAJEMEN,0,0,rbb
MANAJEMEN TRANSPORTASI,Manajemen dan Bisnis,NON-TEKNIK,MANAJEMEN,0,0,rbb
MANAJEMEN TRANSPORTASI DAN LOGISTIK,Logistik dan Rantai Pasok,NON-TEKNIK,LOGISTIK,0,0,rbb
MANAJEMEN TRANSPORTASI DARAT,Manajemen dan Bisnis,NON-TEKNIK,MANAJEMEN,0,0,rbb
MANAJEMEN TRANSPORTASI LAUT,Manajemen dan Bisnis,NON-TEKNIK,MANAJEMEN,0,0,rbb
MANAJEMEN TRANSPORTASI LOGISTIK,Logistik dan Rantai Pasok,NON-TEKNIK,LOGISTIK,0,0,rbb
MANAJEMEN TRANSPORTASI LOGISTIK MATERIAL,Logistik dan Rantai Pasok,NON-TEKNIK,LOGISTIK,0,0,rbb
MANAJEMEN TRANSPORTASI PERKERETAAPIAN,Mesin dan Konversi Energi,TEKNIK,PERKERETAAPIAN,0,0,rbb
MANAJEMEN TRANSPORTASI UDARA,Manajemen dan Bisnis,NON-TEKNIK,MANAJEMEN,0,0,rbb
MANAJEMEN UMUM,Manajemen dan Bisnis,NON-TEKNIK,MANAJEMEN,0,0,rbb
MANAJEMEN USAHA PERJALANAN,Manajemen dan Bisnis,NON-TEKNIK,MANAJEMEN,0,0,rbb
MANAJEMEN USAHA PERJALANAN WISATA,Manajemen dan Bisnis,NON-TEKNIK,MANAJEMEN,0,0,rbb
MANAJEMEN USAHA PETERNAKAN,Manajemen dan Bisnis,NON-TEKNIK,MANAJEMEN,0,0,rbb
MANAJEMEN ZAKAT WAKAF,Manajemen dan Bisnis,NON-TEKNIK,MANAJEMEN,0,0,rbb
MATEMATIKA,Informatika dan Data,TEKNIK,MATEMATIKA,0,1,programs
PAJAK DAN PABEAN,Akuntansi dan Perpajakan,NON-TEKNIK,PAJAK,0,0,rbb
PASAR DAN PRILAKU KONSUMEN,Pemasaran dan Niaga,NON-TEKNIK,PRILAKU KONSUMEN,0,0,rbb
PEMASARAN,Pemasaran dan Niaga,NON-TEKNIK,PEMASARAN,0,0,rbb
PEMASARAN DALAM NEGERI,Pemasaran dan Niaga,NON-TEKNIK,PEMASARAN,0,0,rbb
PEMASARAN DAN NIAGA,Pemasaran dan Niaga,NON-TEKNIK,PEMASARAN,0,0,rbb
PEMASARAN INTERNASIONAL,Pemasaran dan Niaga,NON-TEKNIK,PEMASARAN,0,0,rbb
PENERBANGAN/AERONOTIKA DAN ASTRONOTIKA,Mesin dan Konversi Energi,TEKNIK,AERONOTIKA,0,0,rbb
PENGENDALIAN MANAGEMENT,Manajemen dan Bisnis,NON-TEKNIK,MANAGEMENT,0,0,rbb
PENGINDERAAN JAUH,Sipil dan Geodesi,TEKNIK,PENGINDERAAN JAUH,0,0,rbb
PERBANKAN,Keuangan,NON-TEKNIK,PERBANKAN,0,0,rbb
PERBANKAN SYARIAH,Keuangan,NON-TEKNIK,PERBANKAN,0,0,rbb
PERBANKAN SYARIAH KEBIJAKAN MAKRO ISLAM,Keuangan,NON-TEKNIK,PERBANKAN,0,0,rbb
PERENCANAAN DAN KEBIJAKAN PUBLIK,Hukum,NON-TEKNIK,KEBIJAKAN PUBLIK,0,0,rbb
PERENCANAAN WILAYAH DAN KOTA,Sipil dan Geodesi,TEKNIK,PERENCANAAN WILAYAH,0,0,rbb
PERMEREKAN,Pemasaran dan Niaga,NON-TEKNIK,PERMEREKAN,0,0,rbb
PERPAJAKAN/PAJAK,Akuntansi dan Perpajakan,NON-TEKNIK,PERPAJAKAN,0,0,rbb
PERUBAHAN DAN PENGEMBANGAN ORGANISASI,Psikologi dan SDM,NON-TEKNIK,ORGANISASI,0,0,rbb
PLANOLOGI,Sipil dan Geodesi,TEKNIK,PLANOLOGI,0,0,rbb
PROGRAM STUDI LAINNYA NON TEKNIK,Lainnya Non-Teknik,NON-TEKNIK,PROGRAM STUDI LAINNYA NON TEKNIK,25,7,profesi|programs
PROGRAM STUDI LAINNYA TEKNIK,Lainnya Teknik,TEKNIK,PROGRAM STUDI LAINNYA TEKNIK,25,7,profesi|programs
PSIKOLOGI,Psikologi dan SDM,NON-TEKNIK,PSIKOLOGI,8,8,profesi|programs
PUBLIC POLICY,Hukum,NON-TEKNIK,PUBLIC POLICY,1,1,profesi|programs
RANCANG KOTA,Sipil dan Geodesi,TEKNIK,RANCANG KOTA,0,0,rbb
REKAYASA PERANGKAT LUNAK,Informatika dan Data,TEKNIK,PERANGKAT LUNAK,0,0,rbb
SAFETY ENGINEERING,K3,TEKNIK,SAFETY ENGINEERING,1,1,profesi|programs
SEKRETARIS,Administrasi,NON-TEKNIK,SEKRETARIS,0,0,rbb
SISTEM INFORMASI,Informatika dan Data,TEKNIK,SISTEM INFORMASI,0,0,rbb
STRATEGIC MANAGEMENT,Manajemen dan Bisnis,NON-TEKNIK,MANAGEMENT,0,0,rbb
SUPPLY CHAIN MANAGEMENT,Logistik dan Rantai Pasok,NON-TEKNIK,SUPPLY CHAIN,1,5,profesi|programs
TAXATION,Akuntansi dan Perpajakan,NON-TEKNIK,TAXATION,0,0,rbb
TEKNIK AERONAUTICA,Mesin dan Konversi Energi,TEKNIK,AERONAUTI,0,0,rbb
TEKNIK AERONAUTIKA,Mesin dan Konversi Energi,TEKNIK,AERONAUTI,0,0,rbb
TEKNIK ARSITEKTUR,Sipil dan Geodesi,TEKNIK,ARSITEKTUR,0,0,rbb
TEKNIK ARSITEKTUR DAN PERENCANAAN,Sipil dan Geodesi,TEKNIK,ARSITEKTUR,0,0,rbb
TEKNIK ARSITEKTUR LANSEKAP,Sipil dan Geodesi,TEKNIK,ARSITEKTUR,0,0,rbb
TEKNIK ARSITEKTUR PERANCANGAN KOTA,Sipil dan Geodesi,TEKNIK,ARSITEKTUR,0,0,rbb
TEKNIK ARSITEKTUR REAL ESTATE,Sipil dan Geodesi,TEKNIK,ARSITEKTUR,0,0,rbb
TEKNIK ARSITEKTUR TEKNOLOGI BANGUNAN,Sipil dan Geodesi,TEKNIK,ARSITEKTUR,0,0,rbb
TEKNIK ARSITEKTUR TEORI DAN PERANCANAAN,Sipil dan Geodesi,TEKNIK,ARSITEKTUR,0,0,rbb
TEKNIK ARSITEKTUR TEORI DAN SEJARAH,Sipil dan Geodesi,TEKNIK,ARSITEKTUR,0,0,rbb
TEKNIK BANDAR UDARA,Sipil dan Geodesi,TEKNIK,BANDAR UDARA,0,0,rbb
TEKNIK BIOENERGI,Mesin dan Konversi Energi,TEKNIK,BIOENERGI,0,3,programs
TEKNIK BIOMEDIK,Kimia dan Lingkungan,TEKNIK,BIOMEDI,0,0,rbb
TEKNIK BIOMEDIKA,Kimia dan Lingkungan,TEKNIK,BIOMEDI,0,0,rbb
TEKNIK BIOMEDIS,Kimia dan Lingkungan,TEKNIK,BIOMEDI,0,0,rbb
TEKNIK BIOPROSES,Kimia dan Lingkungan,TEKNIK,BIOPROSES,0,0,rbb
TEKNIK BIOSISTEM,Kimia dan Lingkungan,TEKNIK,BIOSISTEM,0,0,rbb
TEKNIK DIRGANTARA,Mesin dan Konversi Energi,TEKNIK,DIRGANTARA,0,0,rbb
TEKNIK ELEKTONIKA,Elektro dan Ketenagalistrikan,TEKNIK,ELEKTONIKA,0,0,rbb
TEKNIK ELEKTRO,Elektro dan Ketenagalistrikan,TEKNIK,TEKNIK ELEKTRO,58,23,profesi|programs|rbb
TEKNIK ELEKTRO APLIKASI MIKROPROSESOR,Elektro dan Ketenagalistrikan,TEKNIK,TEKNIK ELEKTRO,0,0,rbb
TEKNIK ELEKTRO DAN INFORMATIKA,Informatika dan Data,TEKNIK,INFORMATIKA,0,0,rbb
TEKNIK ELEKTRO ELEKTRONIKS DIVAIS,Elektro dan Ketenagalistrikan,TEKNIK,TEKNIK ELEKTRO,0,0,rbb
TEKNIK ELEKTRO INDUSTRI,Elektro dan Ketenagalistrikan,TEKNIK,TEKNIK ELEKTRO,0,0,rbb
TEKNIK ELEKTRO KOMUNIKASI,Elektro dan Ketenagalistrikan,TEKNIK,TEKNIK ELEKTRO,0,0,rbb
TEKNIK ELEKTRO MANAJEMEN TELEKOMUNIKASI,Elektro dan Ketenagalistrikan,TEKNIK,TEKNIK ELEKTRO,0,0,rbb
TEKNIK ELEKTRO MULTIMEDIA DAN JARINGAN,Elektro dan Ketenagalistrikan,TEKNIK,TEKNIK ELEKTRO,0,0,rbb
TEKNIK ELEKTRO NAVIGASI DAN KOMUNIKASI PENERBANGAN,Mesin dan Konversi Energi,TEKNIK,PENERBANGAN,0,0,rbb
TEKNIK ELEKTRO OTOMASI,Elektro dan Ketenagalistrikan,TEKNIK,OTOMASI,0,0,rbb
TEKNIK ELEKTRO PERANCANGAN VLSI,Elektro dan Ketenagalistrikan,TEKNIK,TEKNIK ELEKTRO,0,0,rbb
TEKNIK ELEKTRO TEKNIK KONTROL INDUSTRI,Elektro dan Ketenagalistrikan,TEKNIK,TEKNIK ELEKTRO,0,0,rbb
TEKNIK ELEKTRO TELEKOMUNIKASI,Elektro dan Ketenagalistrikan,TEKNIK,TEKNIK ELEKTRO,0,0,rbb
TEKNIK ELEKTRO TENAGA LISTRIK,Elektro dan Ketenagalistrikan,TEKNIK,TENAGA LISTRIK,0,0,rbb
TEKNIK ELEKTROMEDIS,Elektro dan Ketenagalistrikan,TEKNIK,TEKNIK ELEKTRO,0,0,rbb
TEKNIK ELEKTRONIKA,Elektro dan Ketenagalistrikan,TEKNIK,TEKNIK ELEKTRO,0,0,rbb
TEKNIK ELEKTRONIKA INDUSTRI,Elektro dan Ketenagalistrikan,TEKNIK,TEKNIK ELEKTRO,0,0,rbb
TEKNIK ELEKTRONIKA PESAWAT UDARA,Elektro dan Ketenagalistrikan,TEKNIK,TEKNIK ELEKTRO,0,0,rbb
TEKNIK ELEKTRONIKA TELEKOMUNIKASI,Elektro dan Ketenagalistrikan,TEKNIK,TEKNIK ELEKTRO,0,0,rbb
TEKNIK ELETROMEDIK,Elektro dan Ketenagalistrikan,TEKNIK,ELETROMEDIK,0,0,rbb
TEKNIK ENERJI,Mesin dan Konversi Energi,TEKNIK,ENERJI,0,0,rbb
TEKNIK FISIKA,Elektro dan Ketenagalistrikan,TEKNIK,TEKNIK FISIKA,0,0,rbb
TEKNIK GEODESI,Sipil dan Geodesi,TEKNIK,TEKNIK GEODESI,1,1,profesi|programs
TEKNIK GEOLOGI,Sipil dan Geodesi,TEKNIK,TEKNIK GEOLOGI,0,1,programs
TEKNIK INDUSTRI,Industri dan Rekayasa,TEKNIK,TEKNIK INDUSTRI,32,22,profesi|programs|rbb
TEKNIK INDUSTRI AGRO,Industri dan Rekayasa,TEKNIK,TEKNIK INDUSTRI,0,0,rbb
TEKNIK INDUSTRI DAN MANAJEMEN,Industri dan Rekayasa,TEKNIK,TEKNIK INDUSTRI,0,0,rbb
TEKNIK INDUSTRI FARMASI,Industri dan Rekayasa,TEKNIK,TEKNIK INDUSTRI,0,0,rbb
TEKNIK INDUSTRI OTOMOTIF,Industri dan Rekayasa,TEKNIK,TEKNIK INDUSTRI,0,0,rbb
TEKNIK INDUSTRI PERTANIAN,Industri dan Rekayasa,TEKNIK,TEKNIK INDUSTRI,0,0,rbb
TEKNIK INFORMATIKA,Informatika dan Data,TEKNIK,TEKNIK INFORMATIKA,3,4,profesi|programs|rbb
TEKNIK INFORMATIKA DAN KOMPUTER,Informatika dan Data,TEKNIK,TEKNIK INFORMATIKA,0,0,rbb
TEKNIK INFORMATIKA KONSENTRASI REKAM MEDIS DAN INFORMASI KESEHATAN,Informatika dan Data,TEKNIK,TEKNIK INFORMATIKA,0,0,rbb
TEKNIK INFORMATIKA MULTIMEDIA,Informatika dan Data,TEKNIK,TEKNIK INFORMATIKA,0,0,rbb
TEKNIK INSTALASI PEMANFAATAN TENAGA LISTRIK,Elektro dan Ketenagalistrikan,TEKNIK,TENAGA LISTRIK,0,0,rbb
TEKNIK INSTALASI TENAGA LISTRIK,Elektro dan Ketenagalistrikan,TEKNIK,TENAGA LISTRIK,0,0,rbb
TEKNIK INSTRUMENTASI,Elektro dan Ketenagalistrikan,TEKNIK,INSTRUMENTASI,0,0,rbb
TEKNIK KEDIRGANTARAAN,Mesin dan Konversi Energi,TEKNIK,DIRGANTARA,0,0,rbb
TEKNIK KENDALI (ATAU INSTRUMENTASI DAN KONTROL),Elektro dan Ketenagalistrikan,TEKNIK,INSTRUMENTASI,0,0,rbb
TEKNIK KETENAGALISTRIKAN,Elektro dan Ketenagalistrikan,TEKNIK,KETENAGALISTRIKAN,0,0,rbb
TEKNIK KIMIA,Kimia dan Lingkungan,TEKNIK,TEKNIK KIMIA,3,3,profesi|programs|rbb
TEKNIK KIMIA INDUSTRI,Kimia dan Lingkungan,TEKNIK,TEKNIK KIMIA,0,0,rbb
TEKNIK KIMIA KATALISIS INDUSTRI,Kimia dan Lingkungan,TEKNIK,TEKNIK KIMIA,0,0,rbb
TEKNIK KIMIA MANAJEMEN GAS,Kimia dan Lingkungan,TEKNIK,TEKNIK KIMIA,0,0,rbb
TEKNIK KIMIA PERANCANGAN PRODUK,Kimia dan Lingkungan,TEKNIK,TEKNIK KIMIA,0,0,rbb
TEKNIK KIMIA PERLINDUNGAN LINGKUNGA,Kimia dan Lingkungan,TEKNIK,TEKNIK KIMIA,0,0,rbb
TEKNIK KIMIA PERLINDUNGAN LINGKUNGAN,Kimia dan Lingkungan,TEKNIK,TEKNIK KIMIA,0,0,rbb
TEKNIK KIMIA TEKNOLOGI GAS,Kimia dan Lingkungan,TEKNIK,TEKNIK KIMIA,0,0,rbb
TEKNIK KIMIA TEKSTIL,Kimia dan Lingkungan,TEKNIK,TEKNIK KIMIA,0,0,rbb
TEKNIK KOMPUTER,Informatika dan Data,TEKNIK,TEKNIK KOMPUTER,0,0,rbb
TEKNIK KOMPUTER DAN INFORMATIKA,Informatika dan Data,TEKNIK,TEKNIK KOMPUTER,0,0,rbb
TEKNIK KOMPUTER DAN JARINGAN,Informatika dan Data,TEKNIK,TEKNIK KOMPUTER,0,0,rbb
TEKNIK KOMPUTER DAN KOMUNIKASI,Informatika dan Data,TEKNIK,TEKNIK KOMPUTER,0,0,rbb
TEKNIK KOMPUTER JARINGAN,Informatika dan Data,TEKNIK,TEKNIK KOMPUTER,0,0,rbb
TEKNIK KOMPUTER KONTROL,Informatika dan Data,TEKNIK,TEKNIK KOMPUTER,0,0,rbb
TEKNIK KOMPUTER MULTIMEDIA,Informatika dan Data,TEKNIK,TEKNIK KOMPUTER,0,0,rbb
TEKNIK KOMUNIKASI DAN NAVIGASI UDARA,Komunikasi dan Humas,NON-TEKNIK,KOMUNIKASI,0,0,rbb
TEKNIK LINGKUNGAN,Kimia dan Lingkungan,TEKNIK,TEKNIK LINGKUNGAN,2,2,profesi|programs|rbb
TEKNIK LISTRIK,Elektro dan Ketenagalistrikan,TEKNIK,TEKNIK LISTRIK,2,1,profesi|programs|rbb
TEKNIK LISTRIK ARUS KUAT,Elektro dan Ketenagalistrikan,TEKNIK,TEKNIK LISTRIK,0,0,rbb
TEKNIK LISTRIK ARUS LEMAH,Elektro dan Ketenagalistrikan,TEKNIK,TEKNIK LISTRIK,0,0,rbb
TEKNIK LISTRIK BANDAR UDARA,Sipil dan Geodesi,TEKNIK,BANDAR UDARA,0,0,rbb
TEKNIK LISTRIK BANDARA,Elektro dan Ketenagalistrikan,TEKNIK,TEKNIK LISTRIK,0,0,rbb
TEKNIK LISTRIK DAN ELEKTRONIK,Elektro dan Ketenagalistrikan,TEKNIK,TEKNIK LISTRIK,0,0,rbb
TEKNIK MANUFAKTUR,Industri dan Rekayasa,TEKNIK,MANUFAKTUR,0,0,rbb
TEKNIK MATERIAL,Industri dan Rekayasa,TEKNIK,TEKNIK MATERIAL,1,1,profesi|programs|rbb
TEKNIK MATERIAL (ILMU BAHAN),Industri dan Rekayasa,TEKNIK,TEKNIK MATERIAL,0,0,rbb
TEKNIK MEKANIK,Mesin dan Konversi Energi,TEKNIK,MEKANIK,0,0,rbb
TEKNIK MEKANIK INDUSTRI,Mesin dan Konversi Energi,TEKNIK,MEKANIK,0,0,rbb
TEKNIK MEKANIKA,Mesin dan Konversi Energi,TEKNIK,MEKANIKA,0,0,rbb
TEKNIK MEKANIKAL BANDARA,Mesin dan Konversi Energi,TEKNIK,MEKANIKAL,0,0,rbb
TEKNIK MEKANISASI PERTANIAN,Mesin dan Konversi Energi,TEKNIK,MEKANISASI,0,0,rbb
TEKNIK MEKATRONIKA,Elektro dan Ketenagalistrikan,TEKNIK,MEKATRONIKA,0,0,rbb
TEKNIK MESIN,Mesin dan Konversi Energi,TEKNIK,TEKNIK MESIN,35,22,profesi|programs|rbb
TEKNIK MESIN AERONUTIKA,Mesin dan Konversi Energi,TEKNIK,TEKNIK MESIN,0,0,rbb
TEKNIK MESIN ALAT BERAT,Mesin dan Konversi Energi,TEKNIK,TEKNIK MESIN,0,0,rbb
TEKNIK MESIN DAN BIOSISTEM,Mesin dan Konversi Energi,TEKNIK,TEKNIK MESIN,0,0,rbb
TEKNIK MESIN DAN DIRGANTARA,Mesin dan Konversi Energi,TEKNIK,DIRGANTARA,0,0,rbb
TEKNIK MESIN DAN INDUSTRI,Mesin dan Konversi Energi,TEKNIK,TEKNIK MESIN,0,0,rbb
TEKNIK MESIN KILANG,Mesin dan Konversi Energi,TEKNIK,TEKNIK MESIN,0,0,rbb
TEKNIK MESIN PERTANIAN DAN PANGAN,Mesin dan Konversi Energi,TEKNIK,TEKNIK MESIN,0,0,rbb
TEKNIK MESIN PESAWAT UDARA,Mesin dan Konversi Energi,TEKNIK,TEKNIK MESIN,0,0,rbb
TEKNIK MESIN/OTOMOTIF,Mesin dan Konversi Energi,TEKNIK,OTOMOTIF,0,0,rbb
TEKNIK MESIN/PRODUKSI,Mesin dan Konversi Energi,TEKNIK,TEKNIK MESIN,0,0,rbb
TEKNIK MOTOR PESAWAT,Mesin dan Konversi Energi,TEKNIK,MOTOR PESAWAT,0,0,rbb
TEKNIK NAVIGASI DAN TELEKOMUNIKASI UDARA,Komunikasi dan Humas,NON-TEKNIK,KOMUNIKASI,0,0,rbb
TEKNIK NAVIGASI PENERBANGAN,Mesin dan Konversi Energi,TEKNIK,PENERBANGAN,0,0,rbb
TEKNIK NUKLIR,Mesin dan Konversi Energi,TEKNIK,NUKLIR,0,0,rbb
TEKNIK OTOMASI,Elektro dan Ketenagalistrikan,TEKNIK,OTOMASI,0,0,rbb
TEKNIK OTOMASI MANUFAKTUR DAN MEKATRONIKA,Elektro dan Ketenagalistrikan,TEKNIK,OTOMASI,0,0,rbb
TEKNIK OTOMOTIF,Mesin dan Konversi Energi,TEKNIK,OTOMOTIF,0,0,rbb
TEKNIK OTOMOTIF DAN ROBOTIKA,Mesin dan Konversi Energi,TEKNIK,OTOMOTIF,0,0,rbb
TEKNIK PENDINGIN DAN TATA UDARA,Mesin dan Konversi Energi,TEKNIK,PENDINGIN,0,0,rbb
TEKNIK PENERBANGAN,Mesin dan Konversi Energi,TEKNIK,PENERBANGAN,0,0,rbb
TEKNIK PENERBANGAN MESIN,Mesin dan Konversi Energi,TEKNIK,PENERBANGAN,0,0,rbb
TEKNIK PENGAIRAN,Sipil dan Geodesi,TEKNIK,PENGAIRAN,0,0,rbb
TEKNIK PENGOLAHAN KARET DAN PLASTIK,Kimia dan Lingkungan,TEKNIK,KARET DAN PLASTIK,0,0,rbb
TEKNIK PERANCANGAN JALAN DAN JEMBATAN,Sipil dan Geodesi,TEKNIK,JALAN DAN JEMBATAN,0,0,rbb
TEKNIK PERANGKAT LUNAK,Informatika dan Data,TEKNIK,PERANGKAT LUNAK,0,0,rbb
TEKNIK PERECANAAN WILAYAH DAN KOTA,Sipil dan Geodesi,TEKNIK,PERECANAAN WILAYAH,0,0,rbb
TEKNIK PERENCANAAN DAN KONSTRUKSI,Sipil dan Geodesi,TEKNIK,PERENCANAAN DAN KONSTRUKSI,0,0,rbb
TEKNIK PERENCANAAN WILAYAH DAN KOTA,Sipil dan Geodesi,TEKNIK,PERENCANAAN WILAYAH,0,0,rbb
TEKNIK PERENCANAAN WILAYAH DAN KOTA PLANOLOGI,Sipil dan Geodesi,TEKNIK,PLANOLOGI,0,0,rbb
TEKNIK PERKERETAAPIAN,Mesin dan Konversi Energi,TEKNIK,PERKERETAAPIAN,0,0,rbb
TEKNIK PERMESINAN,Mesin dan Konversi Energi,TEKNIK,PERMESINAN,0,0,rbb
TEKNIK PERTAMBANGAN,Mesin dan Konversi Energi,TEKNIK,PERTAMBANGAN,0,2,programs
TEKNIK PERTEKSTILAN (TEKSTIL),Industri dan Rekayasa,TEKNIK,TEKSTIL,0,0,rbb
TEKNIK PESAWAT UDARA,Mesin dan Konversi Energi,TEKNIK,PESAWAT UDARA,0,0,rbb
TEKNIK PLANOLOGI,Sipil dan Geodesi,TEKNIK,PLANOLOGI,0,0,rbb
TEKNIK PRODUKSI,Industri dan Rekayasa,TEKNIK,PRODUKSI,0,0,rbb
TEKNIK PRODUKSI DAN PROSES MANUFAKTUR,Industri dan Rekayasa,TEKNIK,MANUFAKTUR,0,0,rbb
TEKNIK PRODUKSI PROSES MANUFAKTUR,Industri dan Rekayasa,TEKNIK,MANUFAKTUR,0,0,rbb
TEKNIK RANGKA PESAWAT,Mesin dan Konversi Energi,TEKNIK,RANGKA PESAWAT,0,0,rbb
TEKNIK REFRIGERASI,Mesin dan Konversi Energi,TEKNIK,REFRIGERASI,0,0,rbb
TEKNIK REKAYASA PERANGKAT LUNAK,Informatika dan Data,TEKNIK,PERANGKAT LUNAK,0,0,rbb
TEKNIK SIPIL,Sipil dan Geodesi,TEKNIK,TEKNIK SIPIL,32,19,profesi|programs|rbb
TEKNIK SIPIL ARSITEKTUR,Sipil dan Geodesi,TEKNIK,TEKNIK SIPIL,0,0,rbb
TEKNIK SIPIL BANGUNAN GEDUNG,Sipil dan Geodesi,TEKNIK,TEKNIK SIPIL,0,0,rbb
TEKNIK SIPIL DAN LINGKUNGAN,Sipil dan Geodesi,TEKNIK,TEKNIK SIPIL,0,0,rbb
TEKNIK SIPIL DAN PERENCANAAN,Sipil dan Geodesi,TEKNIK,TEKNIK SIPIL,0,0,rbb
TEKNIK SIPIL GEOTEKNIK,Sipil dan Geodesi,TEKNIK,TEKNIK SIPIL,0,0,rbb
TEKNIK SIPIL INFRASTRUKTUR PERKOTAAN,Sipil dan Geodesi,TEKNIK,TEKNIK SIPIL,0,0,rbb
TEKNIK SIPIL MANAJEMEN KONSTRUKSI,Sipil dan Geodesi,TEKNIK,TEKNIK SIPIL,0,0,rbb
TEKNIK SIPIL MANAJEMEN PROYEK,Sipil dan Geodesi,TEKNIK,TEKNIK SIPIL,0,0,rbb
TEKNIK SIPIL MANAJEMEN SDA,Sipil dan Geodesi,TEKNIK,TEKNIK SIPIL,0,0,rbb
TEKNIK SIPIL PERANCANGAN JALAN DAN JEMBATAN,Sipil dan Geodesi,TEKNIK,TEKNIK SIPIL,0,0,rbb
TEKNIK SIPIL SDA,Sipil dan Geodesi,TEKNIK,TEKNIK SIPIL,0,0,rbb
TEKNIK SIPIL STRUKTUR,Sipil dan Geodesi,TEKNIK,TEKNIK SIPIL,0,0,rbb
TEKNIK SIPIL TRANSPORTASI,Sipil dan Geodesi,TEKNIK,TEKNIK SIPIL,0,0,rbb
TEKNIK SYNTH FIBER,Industri dan Rekayasa,TEKNIK,SYNTH FIBER,0,0,rbb
TEKNIK TEKSTIL,Industri dan Rekayasa,TEKNIK,TEKSTIL,0,0,rbb
TEKNIK TELEKOMUNIKASI,Informatika dan Data,TEKNIK,TEKNIK TELEKOMUNIKASI,2,1,profesi|programs|rbb
TEKNIK TELEKOMUNIKASI DAN NAVIGASI PENERBANGAN,Informatika dan Data,TEKNIK,TEKNIK TELEKOMUNIKASI,0,0,rbb
TEKNIK TELEKOMUNIKASI DAN NAVIGASI PESAWAT,Informatika dan Data,TEKNIK,TEKNIK TELEKOMUNIKASI,0,0,rbb
TEKNIK TELEKOMUNIKASI DAN NAVIGASI UDARA,Informatika dan Data,TEKNIK,TEKNIK TELEKOMUNIKASI,0,0,rbb
TEKNIK TENAGA ELEKTRIK,Elektro dan Ketenagalistrikan,TEKNIK,TENAGA ELEKTRIK,0,0,rbb
TEKNIK TENAGA LISTRIK,Elektro dan Ketenagalistrikan,TEKNIK,TENAGA LISTRIK,0,0,rbb
TEKNOLOGI ALAT BERAT,Mesin dan Konversi Energi,TEKNIK,ALAT BERAT,0,0,rbb
TEKNOLOGI DAN APLIKASI MOBILE,Informatika dan Data,TEKNIK,APLIKASI MOBILE,0,0,rbb
TEKNOLOGI DAN MANAJEMEN BUDIDAYA PERAIRAN,Manajemen dan Bisnis,NON-TEKNIK,MANAJEMEN,0,0,rbb
TEKNOLOGI DAN MANAJEMEN PERIKANAN BUDIDAYA,Manajemen dan Bisnis,NON-TEKNIK,MANAJEMEN,0,0,rbb
TEKNOLOGI DAN MANAJEMEN PERIKANAN BUDIDAYA AIR TAWAR,Manajemen dan Bisnis,NON-TEKNIK,MANAJEMEN,0,0,rbb
TEKNOLOGI DAN MANAJEMEN PERIKANAN TANGKAP,Manajemen dan Bisnis,NON-TEKNIK,MANAJEMEN,0,0,rbb
TEKNOLOGI DAN MANAJEMEN PETERNAKAN,Manajemen dan Bisnis,NON-TEKNIK,MANAJEMEN,0,0,rbb
TEKNOLOGI DAN MANAJEMEN PRODUKSI PERKEBUNAN,Manajemen dan Bisnis,NON-TEKNIK,MANAJEMEN,0,0,rbb
TEKNOLOGI INFORMASI,Informatika dan Data,TEKNIK,TEKNOLOGI INFORMASI,0,0,rbb
TEKNOLOGI INFRASTRUKTUR DAN KEWILAYAHAN,Sipil dan Geodesi,TEKNIK,INFRASTRUKTUR,0,0,rbb
TEKNOLOGI INSTRUMENTASI,Elektro dan Ketenagalistrikan,TEKNIK,INSTRUMENTASI,0,0,rbb
TEKNOLOGI KIMIA TEKSTIL,Industri dan Rekayasa,TEKNIK,TEKSTIL,0,0,rbb
TEKNOLOGI MANAJEMEN PERIKANAN,Manajemen dan Bisnis,NON-TEKNIK,MANAJEMEN,0,0,rbb
TEKNOLOGI PENERBANGAN,Mesin dan Konversi Energi,TEKNIK,PENERBANGAN,0,0,rbb
TEKNOLOGI PRODUKSI DAN MANAJEMEN PERIKANAN BUDIDAYA,Manajemen dan Bisnis,NON-TEKNIK,MANAJEMEN,0,0,rbb
TEKNOLOGI PRODUKSI TEKSTIL,Industri dan Rekayasa,TEKNIK,TEKSTIL,0,0,rbb
TEKNOLOGI REKAYASA PERANCANGAN MANUFAKTUR,Industri dan Rekayasa,TEKNIK,MANUFAKTUR,0,0,rbb
TEKNOLOGI TEKSTIL,Industri dan Rekayasa,TEKNIK,TEKSTIL,0,0,rbb
TEST MAJOR PAGI,,,,0,0,rbb
TRANSPORTASI,Sipil dan Geodesi,TEKNIK,TRANSPORTASI,0,0,rbb
