unit_induk,nama_pendek,bulan,realisasi
PT PLN (PERSERO) KANTOR PUSAT,Kantor Pusat,2024-12,3859
PT PLN (PERSERO) KANTOR PUSAT,Kantor Pusat,2025-11,3854
PT PLN (PERSERO) KANTOR PUSAT,Kantor Pusat,2025-12,3890
PT PLN (PERSERO) KANTOR PUSAT,Kantor Pusat,2026-01,3967
PT PLN (PERSERO) KANTOR PUSAT,Kantor Pusat,2026-02,3959
PT PLN (PERSERO) KANTOR PUSAT,Kantor Pusat,2026-03,3939
PT PLN (PERSERO) KANTOR PUSAT,Kantor Pusat,2026-04,3920
PT PLN (PERSERO) PUSAT PENDIDIKAN DAN PELATIHAN (CORPORATE UNIVERSITY),PUSDIKLAT,2024-12,434
PT PLN (PERSERO) PUSAT PENDIDIKAN DAN PELATIHAN (CORPORATE UNIVERSITY),PUSDIKLAT,2025-01,433
PT PLN (PERSERO) PUSAT PENDIDIKAN DAN PELATIHAN (CORPORATE UNIVERSITY),PUSDIKLAT,2025-02,442
PT PLN (PERSERO) PUSAT PENDIDIKAN DAN PELATIHAN (CORPORATE UNIVERSITY),PUSDIKLAT,2025-03,441
PT PLN (PERSERO) PUSAT PENDIDIKAN DAN PELATIHAN (CORPORATE UNIVERSITY),PUSDIKLAT,2025-04,440
PT PLN (PERSERO) PUSAT PENDIDIKAN DAN PELATIHAN (CORPORATE UNIVERSITY),PUSDIKLAT,2025-05,439
PT PLN (PERSERO) PUSAT PENDIDIKAN DAN PELATIHAN (CORPORATE UNIVERSITY),PUSDIKLAT,2025-06,439
PT PLN (PERSERO) PUSAT PENDIDIKAN DAN PELATIHAN (CORPORATE UNIVERSITY),PUSDIKLAT,2025-07,434
PT PLN (PERSERO) PUSAT PENDIDIKAN DAN PELATIHAN (CORPORATE UNIVERSITY),PUSDIKLAT,2025-08,434
PT PLN (PERSERO) PUSAT PENDIDIKAN DAN PELATIHAN (CORPORATE UNIVERSITY),PUSDIKLAT,2025-11,436
PT PLN (PERSERO) PUSAT PENDIDIKAN DAN PELATIHAN (CORPORATE UNIVERSITY),PUSDIKLAT,2025-12,433
PT PLN (PERSERO) PUSAT PENDIDIKAN DAN PELATIHAN (CORPORATE UNIVERSITY),PUSDIKLAT,2026-01,433
PT PLN (PERSERO) PUSAT PENDIDIKAN DAN PELATIHAN (CORPORATE UNIVERSITY),PUSDIKLAT,2026-02,433
PT PLN (PERSERO) PUSAT PENDIDIKAN DAN PELATIHAN (CORPORATE UNIVERSITY),PUSDIKLAT,2026-03,432
PT PLN (PERSERO) PUSAT SERTIFIKASI,PUSERTIF,2024-12,265
PT PLN (PERSERO) PUSAT SERTIFIKASI,PUSERTIF,2025-01,264
PT PLN (PERSERO) PUSAT SERTIFIKASI,PUSERTIF,2025-02,265
PT PLN (PERSERO) PUSAT SERTIFIKASI,PUSERTIF,2025-03,265
PT PLN (PERSERO) PUSAT SERTIFIKASI,PUSERTIF,2025-04,264
PT PLN (PERSERO) PUSAT SERTIFIKASI,PUSERTIF,2025-05,262
PT PLN (PERSERO) PUSAT SERTIFIKASI,PUSERTIF,2025-06,260
PT PLN (PERSERO) PUSAT SERTIFIKASI,PUSERTIF,2025-07,260
PT PLN (PERSERO) PUSAT SERTIFIKASI,PUSERTIF,2025-08,259
PT PLN (PERSERO) PUSAT SERTIFIKASI,PUSERTIF,2025-11,260
PT PLN (PERSERO) PUSAT SERTIFIKASI,PUSERTIF,2025-12,260
PT PLN (PERSERO) PUSAT SERTIFIKASI,PUSERTIF,2026-01,260
PT PLN (PERSERO) PUSAT SERTIFIKASI,PUSERTIF,2026-02,261
PT PLN (PERSERO) PUSAT SERTIFIKASI,PUSERTIF,2026-03,260
PT PLN (PERSERO) PUSAT PEMELIHARAAN KETENAGALISTRIKAN,PUSHARLIS,2024-12,235
PT PLN (PERSERO) PUSAT PEMELIHARAAN KETENAGALISTRIKAN,PUSHARLIS,2025-01,235
PT PLN (PERSERO) PUSAT PEMELIHARAAN KETENAGALISTRIKAN,PUSHARLIS,2025-02,235
PT PLN (PERSERO) PUSAT PEMELIHARAAN KETENAGALISTRIKAN,PUSHARLIS,2025-03,233
PT PLN (PERSERO) PUSAT PEMELIHARAAN KETENAGALISTRIKAN,PUSHARLIS,2025-04,234
PT PLN (PERSERO) PUSAT PEMELIHARAAN KETENAGALISTRIKAN,PUSHARLIS,2025-05,233
PT PLN (PERSERO) PUSAT PEMELIHARAAN KETENAGALISTRIKAN,PUSHARLIS,2025-06,233
PT PLN (PERSERO) PUSAT PEMELIHARAAN KETENAGALISTRIKAN,PUSHARLIS,2025-07,233
PT PLN (PERSERO) PUSAT PEMELIHARAAN KETENAGALISTRIKAN,PUSHARLIS,2025-08,232
PT PLN (PERSERO) PUSAT PEMELIHARAAN KETENAGALISTRIKAN,PUSHARLIS,2025-11,233
PT PLN (PERSERO) PUSAT PEMELIHARAAN KETENAGALISTRIKAN,PUSHARLIS,2025-12,232
PT PLN (PERSERO) PUSAT PEMELIHARAAN KETENAGALISTRIKAN,PUSHARLIS,2026-01,234
PT PLN (PERSERO) PUSAT PEMELIHARAAN KETENAGALISTRIKAN,PUSHARLIS,2026-02,234
PT PLN (PERSERO) PUSAT PEMELIHARAAN KETENAGALISTRIKAN,PUSHARLIS,2026-03,235
PT PLN (PERSERO) PUSAT PENELITIAN DAN PENGEMBANGAN KETENAGALISTRIKAN,PUSLITBANG,2024-12,101
PT PLN (PERSERO) PUSAT PENELITIAN DAN PENGEMBANGAN KETENAGALISTRIKAN,PUSLITBANG,2025-01,101
PT PLN (PERSERO) PUSAT PENELITIAN DAN PENGEMBANGAN KETENAGALISTRIKAN,PUSLITBANG,2025-02,100
PT PLN (PERSERO) PUSAT PENELITIAN DAN PENGEMBANGAN KETENAGALISTRIKAN,PUSLITBANG,2025-03,100
PT PLN (PERSERO) PUSAT PENELITIAN DAN PENGEMBANGAN KETENAGALISTRIKAN,PUSLITBANG,2025-04,100
PT PLN (PERSERO) PUSAT PENELITIAN DAN PENGEMBANGAN KETENAGALISTRIKAN,PUSLITBANG,2025-05,99
PT PLN (PERSERO) PUSAT PENELITIAN DAN PENGEMBANGAN KETENAGALISTRIKAN,PUSLITBANG,2025-06,99
PT PLN (PERSERO) PUSAT PENELITIAN DAN PENGEMBANGAN KETENAGALISTRIKAN,PUSLITBANG,2025-07,99
PT PLN (PERSERO) PUSAT PENELITIAN DAN PENGEMBANGAN KETENAGALISTRIKAN,PUSLITBANG,2025-08,98
PT PLN (PERSERO) PUSAT PENELITIAN DAN PENGEMBANGAN KETENAGALISTRIKAN,PUSLITBANG,2025-11,98
PT PLN (PERSERO) PUSAT PENELITIAN DAN PENGEMBANGAN KETENAGALISTRIKAN,PUSLITBANG,2025-12,98
PT PLN (PERSERO) PUSAT PENELITIAN DAN PENGEMBANGAN KETENAGALISTRIKAN,PUSLITBANG,2026-01,97
PT PLN (PERSERO) PUSAT PENELITIAN DAN PENGEMBANGAN KETENAGALISTRIKAN,PUSLITBANG,2026-02,96
PT PLN (PERSERO) PUSAT PENELITIAN DAN PENGEMBANGAN KETENAGALISTRIKAN,PUSLITBANG,2026-03,96
PT PLN (PERSERO) PUSAT MANAJEMEN PROYEK,PUSMANPRO,2024-12,377
PT PLN (PERSERO) PUSAT MANAJEMEN PROYEK,PUSMANPRO,2025-01,377
PT PLN (PERSERO) PUSAT MANAJEMEN PROYEK,PUSMANPRO,2025-02,376
PT PLN (PERSERO) PUSAT MANAJEMEN PROYEK,PUSMANPRO,2025-03,376
PT PLN (PERSERO) PUSAT MANAJEMEN PROYEK,PUSMANPRO,2025-04,376
PT PLN (PERSERO) PUSAT MANAJEMEN PROYEK,PUSMANPRO,2025-05,372
PT PLN (PERSERO) PUSAT MANAJEMEN PROYEK,PUSMANPRO,2025-06,371
PT PLN (PERSERO) PUSAT MANAJEMEN PROYEK,PUSMANPRO,2025-07,371
PT PLN (PERSERO) PUSAT MANAJEMEN PROYEK,PUSMANPRO,2025-08,371
PT PLN (PERSERO) PUSAT MANAJEMEN PROYEK,PUSMANPRO,2025-11,369
PT PLN (PERSERO) PUSAT MANAJEMEN PROYEK,PUSMANPRO,2025-12,367
PT PLN (PERSERO) PUSAT MANAJEMEN PROYEK,PUSMANPRO,2026-01,365
PT PLN (PERSERO) PUSAT MANAJEMEN PROYEK,PUSMANPRO,2026-02,365
PT PLN (PERSERO) PUSAT MANAJEMEN PROYEK,PUSMANPRO,2026-03,367
PT PLN (PERSERO) UNIT INDUK DISTRIBUSI ACEH,UID Aceh,2024-12,811
PT PLN (PERSERO) UNIT INDUK DISTRIBUSI ACEH,UID Aceh,2025-01,810
PT PLN (PERSERO) UNIT INDUK DISTRIBUSI ACEH,UID Aceh,2025-02,821
PT PLN (PERSERO) UNIT INDUK DISTRIBUSI ACEH,UID Aceh,2025-03,824
PT PLN (PERSERO) UNIT INDUK DISTRIBUSI ACEH,UID Aceh,2025-04,820
PT PLN (PERSERO) UNIT INDUK DISTRIBUSI ACEH,UID Aceh,2025-05,818
PT PLN (PERSERO) UNIT INDUK DISTRIBUSI ACEH,UID Aceh,2025-06,820
PT PLN (PERSERO) UNIT INDUK DISTRIBUSI ACEH,UID Aceh,2025-07,818
PT PLN (PERSERO) UNIT INDUK DISTRIBUSI ACEH,UID Aceh,2025-08,818
PT PLN (PERSERO) UNIT INDUK DISTRIBUSI ACEH,UID Aceh,2025-11,809
PT PLN (PERSERO) UNIT INDUK DISTRIBUSI ACEH,UID Aceh,2025-12,798
PT PLN (PERSERO) UNIT INDUK DISTRIBUSI ACEH,UID Aceh,2026-01,804
PT PLN (PERSERO) UNIT INDUK DISTRIBUSI ACEH,UID Aceh,2026-02,802
PT PLN (PERSERO) UNIT INDUK DISTRIBUSI ACEH,UID Aceh,2026-03,800
PT PLN (PERSERO) UNIT INDUK DISTRIBUSI BALI,UID Bali,2024-12,568
PT PLN (PERSERO) UNIT INDUK DISTRIBUSI BALI,UID Bali,2025-01,568
PT PLN (PERSERO) UNIT INDUK DISTRIBUSI BALI,UID Bali,2025-02,568
PT PLN (PERSERO) UNIT INDUK DISTRIBUSI BALI,UID Bali,2025-03,568
PT PLN (PERSERO) UNIT INDUK DISTRIBUSI BALI,UID Bali,2025-04,566
PT PLN (PERSERO) UNIT INDUK DISTRIBUSI BALI,UID Bali,2025-05,565
PT PLN (PERSERO) UNIT INDUK DISTRIBUSI BALI,UID Bali,2025-06,565
PT PLN (PERSERO) UNIT INDUK DISTRIBUSI BALI,UID Bali,2025-07,565
PT PLN (PERSERO) UNIT INDUK DISTRIBUSI BALI,UID Bali,2025-08,562
PT PLN (PERSERO) UNIT INDUK DISTRIBUSI BALI,UID Bali,2025-11,550
PT PLN (PERSERO) UNIT INDUK DISTRIBUSI BALI,UID Bali,2025-12,551
PT PLN (PERSERO) UNIT INDUK DISTRIBUSI BALI,UID Bali,2026-01,549
PT PLN (PERSERO) UNIT INDUK DISTRIBUSI BALI,UID Bali,2026-02,547
PT PLN (PERSERO) UNIT INDUK DISTRIBUSI BALI,UID Bali,2026-03,547
PT PLN (PERSERO) UNIT INDUK DISTRIBUSI BANTEN,UID Banten,2024-12,797
PT PLN (PERSERO) UNIT INDUK DISTRIBUSI BANTEN,UID Banten,2025-01,797
PT PLN (PERSERO) UNIT INDUK DISTRIBUSI BANTEN,UID Banten,2025-02,797
PT PLN (PERSERO) UNIT INDUK DISTRIBUSI BANTEN,UID Banten,2025-03,799
PT PLN (PERSERO) UNIT INDUK DISTRIBUSI BANTEN,UID Banten,2025-04,791
PT PLN (PERSERO) UNIT INDUK DISTRIBUSI BANTEN,UID Banten,2025-05,792
PT PLN (PERSERO) UNIT INDUK DISTRIBUSI BANTEN,UID Banten,2025-06,786
PT PLN (PERSERO) UNIT INDUK DISTRIBUSI BANTEN,UID Banten,2025-07,786
PT PLN (PERSERO) UNIT INDUK DISTRIBUSI BANTEN,UID Banten,2025-08,785
PT PLN (PERSERO) UNIT INDUK DISTRIBUSI BANTEN,UID Banten,2025-11,781
PT PLN (PERSERO) UNIT INDUK DISTRIBUSI BANTEN,UID Banten,2025-12,778
PT PLN (PERSERO) UNIT INDUK DISTRIBUSI BANTEN,UID Banten,2026-01,775
PT PLN (PERSERO) UNIT INDUK DISTRIBUSI BANTEN,UID Banten,2026-02,773
PT PLN (PERSERO) UNIT INDUK DISTRIBUSI BANTEN,UID Banten,2026-03,773
PT PLN (PERSERO) UNIT INDUK DISTRIBUSI JAKARTA RAYA,UID Jakarta Raya,2024-12,1370
PT PLN (PERSERO) UNIT INDUK DISTRIBUSI JAKARTA RAYA,UID Jakarta Raya,2025-01,1365
PT PLN (PERSERO) UNIT INDUK DISTRIBUSI JAKARTA RAYA,UID Jakarta Raya,2025-02,1370
PT PLN (PERSERO) UNIT INDUK DISTRIBUSI JAKARTA RAYA,UID Jakarta Raya,2025-03,1371
PT PLN (PERSERO) UNIT INDUK DISTRIBUSI JAKARTA RAYA,UID Jakarta Raya,2025-04,1371
PT PLN (PERSERO) UNIT INDUK DISTRIBUSI JAKARTA RAYA,UID Jakarta Raya,2025-05,1369
PT PLN (PERSERO) UNIT INDUK DISTRIBUSI JAKARTA RAYA,UID Jakarta Raya,2025-06,1366
PT PLN (PERSERO) UNIT INDUK DISTRIBUSI JAKARTA RAYA,UID Jakarta Raya,2025-07,1359
PT PLN (PERSERO) UNIT INDUK DISTRIBUSI JAKARTA RAYA,UID Jakarta Raya,2025-08,1359
PT PLN (PERSERO) UNIT INDUK DISTRIBUSI JAKARTA RAYA,UID Jakarta Raya,2025-11,1345
PT PLN (PERSERO) UNIT INDUK DISTRIBUSI JAKARTA RAYA,UID Jakarta Raya,2025-12,1341
PT PLN (PERSERO) UNIT INDUK DISTRIBUSI JAKARTA RAYA,UID Jakarta Raya,2026-01,1337
PT PLN (PERSERO) UNIT INDUK DISTRIBUSI JAKARTA RAYA,UID Jakarta Raya,2026-02,1333
PT PLN (PERSERO) UNIT INDUK DISTRIBUSI JAKARTA RAYA,UID Jakarta Raya,2026-03,1325
PT PLN (PERSERO) UNIT INDUK DISTRIBUSI JAWA BARAT,UID Jawa Barat,2024-12,2058
PT PLN (PERSERO) UNIT INDUK DISTRIBUSI JAWA BARAT,UID Jawa Barat,2025-01,2052
PT PLN (PERSERO) UNIT INDUK DISTRIBUSI JAWA BARAT,UID Jawa Barat,2025-02,2048
PT PLN (PERSERO) UNIT INDUK DISTRIBUSI JAWA BARAT,UID Jawa Barat,2025-03,2049
PT PLN (PERSERO) UNIT INDUK DISTRIBUSI JAWA BARAT,UID Jawa Barat,2025-04,2045
PT PLN (PERSERO) UNIT INDUK DISTRIBUSI JAWA BARAT,UID Jawa Barat,2025-05,2042
PT PLN (PERSERO) UNIT INDUK DISTRIBUSI JAWA BARAT,UID Jawa Barat,2025-06,2035
PT PLN (PERSERO) UNIT INDUK DISTRIBUSI JAWA BARAT,UID Jawa Barat,2025-07,2032
PT PLN (PERSERO) UNIT INDUK DISTRIBUSI JAWA BARAT,UID Jawa Barat,2025-08,2027
PT PLN (PERSERO) UNIT INDUK DISTRIBUSI JAWA BARAT,UID Jawa Barat,2025-11,2016
PT PLN (PERSERO) UNIT INDUK DISTRIBUSI JAWA BARAT,UID Jawa Barat,2025-12,2022
PT PLN (PERSERO) UNIT INDUK DISTRIBUSI JAWA BARAT,UID Jawa Barat,2026-01,2018
PT PLN (PERSERO) UNIT INDUK DISTRIBUSI JAWA BARAT,UID Jawa Barat,2026-02,2016
PT PLN (PERSERO) UNIT INDUK DISTRIBUSI JAWA BARAT,UID Jawa Barat,2026-03,2014
PT PLN (PERSERO) UNIT INDUK DISTRIBUSI JAWA TENGAH DAN D.I. YOGYAKARTA,UID Jawa Tengah & DIY,2024-12,1683
PT PLN (PERSERO) UNIT INDUK DISTRIBUSI JAWA TENGAH DAN D.I. YOGYAKARTA,UID Jawa Tengah & DIY,2025-01,1680
PT PLN (PERSERO) UNIT INDUK DISTRIBUSI JAWA TENGAH DAN D.I. YOGYAKARTA,UID Jawa Tengah & DIY,2025-02,1672
PT PLN (PERSERO) UNIT INDUK DISTRIBUSI JAWA TENGAH DAN D.I. YOGYAKARTA,UID Jawa Tengah & DIY,2025-03,1673
PT PLN (PERSERO) UNIT INDUK DISTRIBUSI JAWA TENGAH DAN D.I. YOGYAKARTA,UID Jawa Tengah & DIY,2025-04,1674
PT PLN (PERSERO) UNIT INDUK DISTRIBUSI JAWA TENGAH DAN D.I. YOGYAKARTA,UID Jawa Tengah & DIY,2025-05,1669
PT PLN (PERSERO) UNIT INDUK DISTRIBUSI JAWA TENGAH DAN D.I. YOGYAKARTA,UID Jawa Tengah & DIY,2025-06,1665
PT PLN (PERSERO) UNIT INDUK DISTRIBUSI JAWA TENGAH DAN D.I. YOGYAKARTA,UID Jawa Tengah & DIY,2025-07,1658
PT PLN (PERSERO) UNIT INDUK DISTRIBUSI JAWA TENGAH DAN D.I. YOGYAKARTA,UID Jawa Tengah & DIY,2025-08,1654
PT PLN (PERSERO) UNIT INDUK DISTRIBUSI JAWA TENGAH DAN D.I. YOGYAKARTA,UID Jawa Tengah & DIY,2025-11,1643
PT PLN (PERSERO) UNIT INDUK DISTRIBUSI JAWA TENGAH DAN D.I. YOGYAKARTA,UID Jawa Tengah & DIY,2025-12,1647
PT PLN (PERSERO) UNIT INDUK DISTRIBUSI JAWA TENGAH DAN D.I. YOGYAKARTA,UID Jawa Tengah & DIY,2026-01,1640
PT PLN (PERSERO) UNIT INDUK DISTRIBUSI JAWA TENGAH DAN D.I. YOGYAKARTA,UID Jawa Tengah & DIY,2026-02,1643
PT PLN (PERSERO) UNIT INDUK DISTRIBUSI JAWA TENGAH DAN D.I. YOGYAKARTA,UID Jawa Tengah & DIY,2026-03,1654
PT PLN (PERSERO) UNIT INDUK DISTRIBUSI YOGYAKARTA,UID Jawa Tengah & DIY,2024-12,-
PT PLN (PERSERO) UNIT INDUK DISTRIBUSI YOGYAKARTA,UID Jawa Tengah & DIY,2025-01,-
PT PLN (PERSERO) UNIT INDUK DISTRIBUSI YOGYAKARTA,UID Jawa Tengah & DIY,2025-02,-
PT PLN (PERSERO) UNIT INDUK DISTRIBUSI YOGYAKARTA,UID Jawa Tengah & DIY,2025-03,-
PT PLN (PERSERO) UNIT INDUK DISTRIBUSI YOGYAKARTA,UID Jawa Tengah & DIY,2025-04,-
PT PLN (PERSERO) UNIT INDUK DISTRIBUSI YOGYAKARTA,UID Jawa Tengah & DIY,2025-05,-
PT PLN (PERSERO) UNIT INDUK DISTRIBUSI YOGYAKARTA,UID Jawa Tengah & DIY,2025-06,-
PT PLN (PERSERO) UNIT INDUK DISTRIBUSI YOGYAKARTA,UID Jawa Tengah & DIY,2025-07,-
PT PLN (PERSERO) UNIT INDUK DISTRIBUSI YOGYAKARTA,UID Jawa Tengah & DIY,2025-08,-
PT PLN (PERSERO) UNIT INDUK DISTRIBUSI YOGYAKARTA,UID Jawa Tengah & DIY,2025-11,-
PT PLN (PERSERO) UNIT INDUK DISTRIBUSI YOGYAKARTA,UID Jawa Tengah & DIY,2025-12,0
PT PLN (PERSERO) UNIT INDUK DISTRIBUSI YOGYAKARTA,UID Jawa Tengah & DIY,2026-01,4
PT PLN (PERSERO) UNIT INDUK DISTRIBUSI YOGYAKARTA,UID Jawa Tengah & DIY,2026-02,4
PT PLN (PERSERO) UNIT INDUK DISTRIBUSI YOGYAKARTA,UID Jawa Tengah & DIY,2026-03,4
PT PLN (PERSERO) UNIT INDUK DISTRIBUSI JAWA TIMUR,UID Jawa Timur,2024-12,2135
PT PLN (PERSERO) UNIT INDUK DISTRIBUSI JAWA TIMUR,UID Jawa Timur,2025-01,2126
PT PLN (PERSERO) UNIT INDUK DISTRIBUSI JAWA TIMUR,UID Jawa Timur,2025-02,2123
PT PLN (PERSERO) UNIT INDUK DISTRIBUSI JAWA TIMUR,UID Jawa Timur,2025-03,2126
PT PLN (PERSERO) UNIT INDUK DISTRIBUSI JAWA TIMUR,UID Jawa Timur,2025-04,2109
PT PLN (PERSERO) UNIT INDUK DISTRIBUSI JAWA TIMUR,UID Jawa Timur,2025-05,2099
PT PLN (PERSERO) UNIT INDUK DISTRIBUSI JAWA TIMUR,UID Jawa Timur,2025-06,2090
PT PLN (PERSERO) UNIT INDUK DISTRIBUSI JAWA TIMUR,UID Jawa Timur,2025-07,2080
PT PLN (PERSERO) UNIT INDUK DISTRIBUSI JAWA TIMUR,UID Jawa Timur,2025-08,2074
PT PLN (PERSERO) UNIT INDUK DISTRIBUSI JAWA TIMUR,UID Jawa Timur,2025-11,2055
PT PLN (PERSERO) UNIT INDUK DISTRIBUSI JAWA TIMUR,UID Jawa Timur,2025-12,2054
PT PLN (PERSERO) UNIT INDUK DISTRIBUSI JAWA TIMUR,UID Jawa Timur,2026-01,2045
PT PLN (PERSERO) UNIT INDUK DISTRIBUSI JAWA TIMUR,UID Jawa Timur,2026-02,2044
PT PLN (PERSERO) UNIT INDUK DISTRIBUSI JAWA TIMUR,UID Jawa Timur,2026-03,2046
PT PLN (PERSERO) UNIT INDUK DISTRIBUSI KALIMANTAN BARAT,UID Kalbar,2024-12,692
PT PLN (PERSERO) UNIT INDUK DISTRIBUSI KALIMANTAN BARAT,UID Kalbar,2025-01,690
PT PLN (PERSERO) UNIT INDUK DISTRIBUSI KALIMANTAN BARAT,UID Kalbar,2025-02,689
PT PLN (PERSERO) UNIT INDUK DISTRIBUSI KALIMANTAN BARAT,UID Kalbar,2025-03,689
PT PLN (PERSERO) UNIT INDUK DISTRIBUSI KALIMANTAN BARAT,UID Kalbar,2025-04,684
PT PLN (PERSERO) UNIT INDUK DISTRIBUSI KALIMANTAN BARAT,UID Kalbar,2025-05,681
PT PLN (PERSERO) UNIT INDUK DISTRIBUSI KALIMANTAN BARAT,UID Kalbar,2025-06,677
PT PLN (PERSERO) UNIT INDUK DISTRIBUSI KALIMANTAN BARAT,UID Kalbar,2025-07,673
PT PLN (PERSERO) UNIT INDUK DISTRIBUSI KALIMANTAN BARAT,UID Kalbar,2025-08,672
PT PLN (PERSERO) UNIT INDUK DISTRIBUSI KALIMANTAN BARAT,UID Kalbar,2025-11,665
PT PLN (PERSERO) UNIT INDUK DISTRIBUSI KALIMANTAN BARAT,UID Kalbar,2025-12,664
PT PLN (PERSERO) UNIT INDUK DISTRIBUSI KALIMANTAN BARAT,UID Kalbar,2026-01,676
PT PLN (PERSERO) UNIT INDUK DISTRIBUSI KALIMANTAN BARAT,UID Kalbar,2026-02,674
PT PLN (PERSERO) UNIT INDUK DISTRIBUSI KALIMANTAN BARAT,UID Kalbar,2026-03,670
PT PLN (PERSERO) UNIT INDUK DISTRIBUSI KALIMANTAN SELATAN DAN KALIMANTAN TENGAH,UID Kalselteng,2024-12,811
PT PLN (PERSERO) UNIT INDUK DISTRIBUSI KALIMANTAN SELATAN DAN KALIMANTAN TENGAH,UID Kalselteng,2025-01,807
PT PLN (PERSERO) UNIT INDUK DISTRIBUSI KALIMANTAN SELATAN DAN KALIMANTAN TENGAH,UID Kalselteng,2025-02,805
PT PLN (PERSERO) UNIT INDUK DISTRIBUSI KALIMANTAN SELATAN DAN KALIMANTAN TENGAH,UID Kalselteng,2025-03,805
PT PLN (PERSERO) UNIT INDUK DISTRIBUSI KALIMANTAN SELATAN DAN KALIMANTAN TENGAH,UID Kalselteng,2025-04,802
PT PLN (PERSERO) UNIT INDUK DISTRIBUSI KALIMANTAN SELATAN DAN KALIMANTAN TENGAH,UID Kalselteng,2025-05,796
PT PLN (PERSERO) UNIT INDUK DISTRIBUSI KALIMANTAN SELATAN DAN KALIMANTAN TENGAH,UID Kalselteng,2025-06,795
PT PLN (PERSERO) UNIT INDUK DISTRIBUSI KALIMANTAN SELATAN DAN KALIMANTAN TENGAH,UID Kalselteng,2025-07,789
PT PLN (PERSERO) UNIT INDUK DISTRIBUSI KALIMANTAN SELATAN DAN KALIMANTAN TENGAH,UID Kalselteng,2025-08,788
PT PLN (PERSERO) UNIT INDUK DISTRIBUSI KALIMANTAN SELATAN DAN KALIMANTAN TENGAH,UID Kalselteng,2025-11,778
PT PLN (PERSERO) UNIT INDUK DISTRIBUSI KALIMANTAN SELATAN DAN KALIMANTAN TENGAH,UID Kalselteng,2025-12,779
PT PLN (PERSERO) UNIT INDUK DISTRIBUSI KALIMANTAN SELATAN DAN KALIMANTAN TENGAH,UID Kalselteng,2026-01,781
PT PLN (PERSERO) UNIT INDUK DISTRIBUSI KALIMANTAN SELATAN DAN KALIMANTAN TENGAH,UID Kalselteng,2026-02,778
PT PLN (PERSERO) UNIT INDUK DISTRIBUSI KALIMANTAN SELATAN DAN KALIMANTAN TENGAH,UID Kalselteng,2026-03,778
PT PLN (PERSERO) UNIT INDUK DISTRIBUSI KALIMANTAN TIMUR DAN KALIMANTAN UTARA,UID Kaltimra,2024-12,710
PT PLN (PERSERO) UNIT INDUK DISTRIBUSI KALIMANTAN TIMUR DAN KALIMANTAN UTARA,UID Kaltimra,2025-01,709
PT PLN (PERSERO) UNIT INDUK DISTRIBUSI KALIMANTAN TIMUR DAN KALIMANTAN UTARA,UID Kaltimra,2025-02,708
PT PLN (PERSERO) UNIT INDUK DISTRIBUSI KALIMANTAN TIMUR DAN KALIMANTAN UTARA,UID Kaltimra,2025-03,706
PT PLN (PERSERO) UNIT INDUK DISTRIBUSI KALIMANTAN TIMUR DAN KALIMANTAN UTARA,UID Kaltimra,2025-04,706
PT PLN (PERSERO) UNIT INDUK DISTRIBUSI KALIMANTAN TIMUR DAN KALIMANTAN UTARA,UID Kaltimra,2025-05,705
PT PLN (PERSERO) UNIT INDUK DISTRIBUSI KALIMANTAN TIMUR DAN KALIMANTAN UTARA,UID Kaltimra,2025-06,706
PT PLN (PERSERO) UNIT INDUK DISTRIBUSI KALIMANTAN TIMUR DAN KALIMANTAN UTARA,UID Kaltimra,2025-07,703
PT PLN (PERSERO) UNIT INDUK DISTRIBUSI KALIMANTAN TIMUR DAN KALIMANTAN UTARA,UID Kaltimra,2025-08,702
PT PLN (PERSERO) UNIT INDUK DISTRIBUSI KALIMANTAN TIMUR DAN KALIMANTAN UTARA,UID Kaltimra,2025-11,691
PT PLN (PERSERO) UNIT INDUK DISTRIBUSI KALIMANTAN TIMUR DAN KALIMANTAN UTARA,UID Kaltimra,2025-12,691
PT PLN (PERSERO) UNIT INDUK DISTRIBUSI KALIMANTAN TIMUR DAN KALIMANTAN UTARA,UID Kaltimra,2026-01,690
PT PLN (PERSERO) UNIT INDUK DISTRIBUSI KALIMANTAN TIMUR DAN KALIMANTAN UTARA,UID Kaltimra,2026-02,687
PT PLN (PERSERO) UNIT INDUK DISTRIBUSI KALIMANTAN TIMUR DAN KALIMANTAN UTARA,UID Kaltimra,2026-03,685
PT PLN (PERSERO) UNIT INDUK DISTRIBUSI LAMPUNG,UID Lampung,2024-12,555
PT PLN (PERSERO) UNIT INDUK DISTRIBUSI LAMPUNG,UID Lampung,2025-01,556
PT PLN (PERSERO) UNIT INDUK DISTRIBUSI LAMPUNG,UID Lampung,2025-02,555
PT PLN (PERSERO) UNIT INDUK DISTRIBUSI LAMPUNG,UID Lampung,2025-03,556
PT PLN (PERSERO) UNIT INDUK DISTRIBUSI LAMPUNG,UID Lampung,2025-04,555
PT PLN (PERSERO) UNIT INDUK DISTRIBUSI LAMPUNG,UID Lampung,2025-05,551
PT PLN (PERSERO) UNIT INDUK DISTRIBUSI LAMPUNG,UID Lampung,2025-06,550
PT PLN (PERSERO) UNIT INDUK DISTRIBUSI LAMPUNG,UID Lampung,2025-07,550
PT PLN (PERSERO) UNIT INDUK DISTRIBUSI LAMPUNG,UID Lampung,2025-08,549
PT PLN (PERSERO) UNIT INDUK DISTRIBUSI LAMPUNG,UID Lampung,2025-11,550
PT PLN (PERSERO) UNIT INDUK DISTRIBUSI LAMPUNG,UID Lampung,2025-12,548
PT PLN (PERSERO) UNIT INDUK DISTRIBUSI LAMPUNG,UID Lampung,2026-01,548
PT PLN (PERSERO) UNIT INDUK DISTRIBUSI LAMPUNG,UID Lampung,2026-02,548
PT PLN (PERSERO) UNIT INDUK DISTRIBUSI LAMPUNG,UID Lampung,2026-03,548
PT PLN (PERSERO) UNIT INDUK DISTRIBUSI RIAU DAN KEPULAUAN RIAU,UID Riau & Kepri,2024-12,801
PT PLN (PERSERO) UNIT INDUK DISTRIBUSI RIAU DAN KEPULAUAN RIAU,UID Riau & Kepri,2025-01,797
PT PLN (PERSERO) UNIT INDUK DISTRIBUSI RIAU DAN KEPULAUAN RIAU,UID Riau & Kepri,2025-02,795
PT PLN (PERSERO) UNIT INDUK DISTRIBUSI RIAU DAN KEPULAUAN RIAU,UID Riau & Kepri,2025-03,793
PT PLN (PERSERO) UNIT INDUK DISTRIBUSI RIAU DAN KEPULAUAN RIAU,UID Riau & Kepri,2025-04,796
PT PLN (PERSERO) UNIT INDUK DISTRIBUSI RIAU DAN KEPULAUAN RIAU,UID Riau & Kepri,2025-05,796
PT PLN (PERSERO) UNIT INDUK DISTRIBUSI RIAU DAN KEPULAUAN RIAU,UID Riau & Kepri,2025-06,792
PT PLN (PERSERO) UNIT INDUK DISTRIBUSI RIAU DAN KEPULAUAN RIAU,UID Riau & Kepri,2025-07,790
PT PLN (PERSERO) UNIT INDUK DISTRIBUSI RIAU DAN KEPULAUAN RIAU,UID Riau & Kepri,2025-08,791
PT PLN (PERSERO) UNIT INDUK DISTRIBUSI RIAU DAN KEPULAUAN RIAU,UID Riau & Kepri,2025-11,785
PT PLN (PERSERO) UNIT INDUK DISTRIBUSI RIAU DAN KEPULAUAN RIAU,UID Riau & Kepri,2025-12,782
PT PLN (PERSERO) UNIT INDUK DISTRIBUSI RIAU DAN KEPULAUAN RIAU,UID Riau & Kepri,2026-01,807
PT PLN (PERSERO) UNIT INDUK DISTRIBUSI RIAU DAN KEPULAUAN RIAU,UID Riau & Kepri,2026-02,806
PT PLN (PERSERO) UNIT INDUK DISTRIBUSI RIAU DAN KEPULAUAN RIAU,UID Riau & Kepri,2026-03,807
"PT PLN (PERSERO) UNIT INDUK DISTRIBUSI SUMATERA SELATAN, JAMBI, DAN BENGKULU",UID S2JB,2024-12,991
"PT PLN (PERSERO) UNIT INDUK DISTRIBUSI SUMATERA SELATAN, JAMBI, DAN BENGKULU",UID S2JB,2025-01,989
"PT PLN (PERSERO) UNIT INDUK DISTRIBUSI SUMATERA SELATAN, JAMBI, DAN BENGKULU",UID S2JB,2025-02,984
"PT PLN (PERSERO) UNIT INDUK DISTRIBUSI SUMATERA SELATAN, JAMBI, DAN BENGKULU",UID S2JB,2025-03,989
"PT PLN (PERSERO) UNIT INDUK DISTRIBUSI SUMATERA SELATAN, JAMBI, DAN BENGKULU",UID S2JB,2025-04,984
"PT PLN (PERSERO) UNIT INDUK DISTRIBUSI SUMATERA SELATAN, JAMBI, DAN BENGKULU",UID S2JB,2025-05,981
"PT PLN (PERSERO) UNIT INDUK DISTRIBUSI SUMATERA SELATAN, JAMBI, DAN BENGKULU",UID S2JB,2025-06,977
"PT PLN (PERSERO) UNIT INDUK DISTRIBUSI SUMATERA SELATAN, JAMBI, DAN BENGKULU",UID S2JB,2025-07,975
"PT PLN (PERSERO) UNIT INDUK DISTRIBUSI SUMATERA SELATAN, JAMBI, DAN BENGKULU",UID S2JB,2025-08,975
"PT PLN (PERSERO) UNIT INDUK DISTRIBUSI SUMATERA SELATAN, JAMBI, DAN BENGKULU",UID S2JB,2025-11,967
"PT PLN (PERSERO) UNIT INDUK DISTRIBUSI SUMATERA SELATAN, JAMBI, DAN BENGKULU",UID S2JB,2025-12,969
"PT PLN (PERSERO) UNIT INDUK DISTRIBUSI SUMATERA SELATAN, JAMBI, DAN BENGKULU",UID S2JB,2026-01,967
"PT PLN (PERSERO) UNIT INDUK DISTRIBUSI SUMATERA SELATAN, JAMBI, DAN BENGKULU",UID S2JB,2026-02,965
"PT PLN (PERSERO) UNIT INDUK DISTRIBUSI SUMATERA SELATAN, JAMBI, DAN BENGKULU",UID S2JB,2026-03,964
"PT PLN (PERSERO) UNIT INDUK DISTRIBUSI SULAWESI SELATAN, SULAWESI TENGGARA, DAN SULAWESI BARAT",UID Sulselrabar,2024-12,1404
"PT PLN (PERSERO) UNIT INDUK DISTRIBUSI SULAWESI SELATAN, SULAWESI TENGGARA, DAN SULAWESI BARAT",UID Sulselrabar,2025-01,1404
"PT PLN (PERSERO) UNIT INDUK DISTRIBUSI SULAWESI SELATAN, SULAWESI TENGGARA, DAN SULAWESI BARAT",UID Sulselrabar,2025-02,1406
"PT PLN (PERSERO) UNIT INDUK DISTRIBUSI SULAWESI SELATAN, SULAWESI TENGGARA, DAN SULAWESI BARAT",UID Sulselrabar,2025-03,1406
"PT PLN (PERSERO) UNIT INDUK DISTRIBUSI SULAWESI SELATAN, SULAWESI TENGGARA, DAN SULAWESI BARAT",UID Sulselrabar,2025-04,1402
"PT PLN (PERSERO) UNIT INDUK DISTRIBUSI SULAWESI SELATAN, SULAWESI TENGGARA, DAN SULAWESI BARAT",UID Sulselrabar,2025-05,1398
"PT PLN (PERSERO) UNIT INDUK DISTRIBUSI SULAWESI SELATAN, SULAWESI TENGGARA, DAN SULAWESI BARAT",UID Sulselrabar,2025-06,1398
"PT PLN (PERSERO) UNIT INDUK DISTRIBUSI SULAWESI SELATAN, SULAWESI TENGGARA, DAN SULAWESI BARAT",UID Sulselrabar,2025-07,1398
"PT PLN (PERSERO) UNIT INDUK DISTRIBUSI SULAWESI SELATAN, SULAWESI TENGGARA, DAN SULAWESI BARAT",UID Sulselrabar,2025-08,1395
"PT PLN (PERSERO) UNIT INDUK DISTRIBUSI SULAWESI SELATAN, SULAWESI TENGGARA, DAN SULAWESI BARAT",UID Sulselrabar,2025-11,1387
"PT PLN (PERSERO) UNIT INDUK DISTRIBUSI SULAWESI SELATAN, SULAWESI TENGGARA, DAN SULAWESI BARAT",UID Sulselrabar,2025-12,1376
"PT PLN (PERSERO) UNIT INDUK DISTRIBUSI SULAWESI SELATAN, SULAWESI TENGGARA, DAN SULAWESI BARAT",UID Sulselrabar,2026-01,1389
"PT PLN (PERSERO) UNIT INDUK DISTRIBUSI SULAWESI SELATAN, SULAWESI TENGGARA, DAN SULAWESI BARAT",UID Sulselrabar,2026-02,1383
"PT PLN (PERSERO) UNIT INDUK DISTRIBUSI SULAWESI SELATAN, SULAWESI TENGGARA, DAN SULAWESI BARAT",UID Sulselrabar,2026-03,1374
"PT PLN (PERSERO) UNIT INDUK DISTRIBUSI SULAWESI UTARA, SULAWESI TENGAH DAN GORONTALO",UID Suluttenggo,2024-12,1015
"PT PLN (PERSERO) UNIT INDUK DISTRIBUSI SULAWESI UTARA, SULAWESI TENGAH DAN GORONTALO",UID Suluttenggo,2025-01,1014
"PT PLN (PERSERO) UNIT INDUK DISTRIBUSI SULAWESI UTARA, SULAWESI TENGAH DAN GORONTALO",UID Suluttenggo,2025-02,1010
"PT PLN (PERSERO) UNIT INDUK DISTRIBUSI SULAWESI UTARA, SULAWESI TENGAH DAN GORONTALO",UID Suluttenggo,2025-03,1010
"PT PLN (PERSERO) UNIT INDUK DISTRIBUSI SULAWESI UTARA, SULAWESI TENGAH DAN GORONTALO",UID Suluttenggo,2025-04,1008
"PT PLN (PERSERO) UNIT INDUK DISTRIBUSI SULAWESI UTARA, SULAWESI TENGAH DAN GORONTALO",UID Suluttenggo,2025-05,1006
"PT PLN (PERSERO) UNIT INDUK DISTRIBUSI SULAWESI UTARA, SULAWESI TENGAH DAN GORONTALO",UID Suluttenggo,2025-06,1005
"PT PLN (PERSERO) UNIT INDUK DISTRIBUSI SULAWESI UTARA, SULAWESI TENGAH DAN GORONTALO",UID Suluttenggo,2025-07,1003
"PT PLN (PERSERO) UNIT INDUK DISTRIBUSI SULAWESI UTARA, SULAWESI TENGAH DAN GORONTALO",UID Suluttenggo,2025-08,1001
"PT PLN (PERSERO) UNIT INDUK DISTRIBUSI SULAWESI UTARA, SULAWESI TENGAH DAN GORONTALO",UID Suluttenggo,2025-11,996
"PT PLN (PERSERO) UNIT INDUK DISTRIBUSI SULAWESI UTARA, SULAWESI TENGAH DAN GORONTALO",UID Suluttenggo,2025-12,988
"PT PLN (PERSERO) UNIT INDUK DISTRIBUSI SULAWESI UTARA, SULAWESI TENGAH DAN GORONTALO",UID Suluttenggo,2026-01,987
"PT PLN (PERSERO) UNIT INDUK DISTRIBUSI SULAWESI UTARA, SULAWESI TENGAH DAN GORONTALO",UID Suluttenggo,2026-02,987
"PT PLN (PERSERO) UNIT INDUK DISTRIBUSI SULAWESI UTARA, SULAWESI TENGAH DAN GORONTALO",UID Suluttenggo,2026-03,986
PT PLN (PERSERO) UNIT INDUK DISTRIBUSI SUMATERA BARAT,UID Sumbar,2024-12,773
PT PLN (PERSERO) UNIT INDUK DISTRIBUSI SUMATERA BARAT,UID Sumbar,2025-01,774
PT PLN (PERSERO) UNIT INDUK DISTRIBUSI SUMATERA BARAT,UID Sumbar,2025-02,775
PT PLN (PERSERO) UNIT INDUK DISTRIBUSI SUMATERA BARAT,UID Sumbar,2025-03,775
PT PLN (PERSERO) UNIT INDUK DISTRIBUSI SUMATERA BARAT,UID Sumbar,2025-04,778
PT PLN (PERSERO) UNIT INDUK DISTRIBUSI SUMATERA BARAT,UID Sumbar,2025-05,777
PT PLN (PERSERO) UNIT INDUK DISTRIBUSI SUMATERA BARAT,UID Sumbar,2025-06,778
PT PLN (PERSERO) UNIT INDUK DISTRIBUSI SUMATERA BARAT,UID Sumbar,2025-07,776
PT PLN (PERSERO) UNIT INDUK DISTRIBUSI SUMATERA BARAT,UID Sumbar,2025-08,774
PT PLN (PERSERO) UNIT INDUK DISTRIBUSI SUMATERA BARAT,UID Sumbar,2025-11,762
PT PLN (PERSERO) UNIT INDUK DISTRIBUSI SUMATERA BARAT,UID Sumbar,2025-12,759
PT PLN (PERSERO) UNIT INDUK DISTRIBUSI SUMATERA BARAT,UID Sumbar,2026-01,758
PT PLN (PERSERO) UNIT INDUK DISTRIBUSI SUMATERA BARAT,UID Sumbar,2026-02,756
PT PLN (PERSERO) UNIT INDUK DISTRIBUSI SUMATERA BARAT,UID Sumbar,2026-03,752
PT PLN (PERSERO) UNIT INDUK DISTRIBUSI SUMATERA UTARA,UID Sumut,2024-12,1301
PT PLN (PERSERO) UNIT INDUK DISTRIBUSI SUMATERA UTARA,UID Sumut,2025-01,1296
PT PLN (PERSERO) UNIT INDUK DISTRIBUSI SUMATERA UTARA,UID Sumut,2025-02,1319
PT PLN (PERSERO) UNIT INDUK DISTRIBUSI SUMATERA UTARA,UID Sumut,2025-03,1311
PT PLN (PERSERO) UNIT INDUK DISTRIBUSI SUMATERA UTARA,UID Sumut,2025-04,1302
PT PLN (PERSERO) UNIT INDUK DISTRIBUSI SUMATERA UTARA,UID Sumut,2025-05,1293
PT PLN (PERSERO) UNIT INDUK DISTRIBUSI SUMATERA UTARA,UID Sumut,2025-06,1294
PT PLN (PERSERO) UNIT INDUK DISTRIBUSI SUMATERA UTARA,UID Sumut,2025-07,1293
PT PLN (PERSERO) UNIT INDUK DISTRIBUSI SUMATERA UTARA,UID Sumut,2025-08,1292
PT PLN (PERSERO) UNIT INDUK DISTRIBUSI SUMATERA UTARA,UID Sumut,2025-11,1278
PT PLN (PERSERO) UNIT INDUK DISTRIBUSI SUMATERA UTARA,UID Sumut,2025-12,1273
PT PLN (PERSERO) UNIT INDUK DISTRIBUSI SUMATERA UTARA,UID Sumut,2026-01,1280
PT PLN (PERSERO) UNIT INDUK DISTRIBUSI SUMATERA UTARA,UID Sumut,2026-02,1277
PT PLN (PERSERO) UNIT INDUK DISTRIBUSI SUMATERA UTARA,UID Sumut,2026-03,1274
PT PLN (PERSERO) UNIT INDUK PEMBANGKITAN TANJUNG JATI B,UIK Tanjung Jati B,2024-12,77
PT PLN (PERSERO) UNIT INDUK PEMBANGKITAN TANJUNG JATI B,UIK Tanjung Jati B,2025-01,77
PT PLN (PERSERO) UNIT INDUK PEMBANGKITAN TANJUNG JATI B,UIK Tanjung Jati B,2025-02,77
PT PLN (PERSERO) UNIT INDUK PEMBANGKITAN TANJUNG JATI B,UIK Tanjung Jati B,2025-03,77
PT PLN (PERSERO) UNIT INDUK PEMBANGKITAN TANJUNG JATI B,UIK Tanjung Jati B,2025-04,76
PT PLN (PERSERO) UNIT INDUK PEMBANGKITAN TANJUNG JATI B,UIK Tanjung Jati B,2025-05,76
PT PLN (PERSERO) UNIT INDUK PEMBANGKITAN TANJUNG JATI B,UIK Tanjung Jati B,2025-06,76
PT PLN (PERSERO) UNIT INDUK PEMBANGKITAN TANJUNG JATI B,UIK Tanjung Jati B,2025-07,76
PT PLN (PERSERO) UNIT INDUK PEMBANGKITAN TANJUNG JATI B,UIK Tanjung Jati B,2025-08,76
PT PLN (PERSERO) UNIT INDUK PEMBANGKITAN TANJUNG JATI B,UIK Tanjung Jati B,2025-11,75
PT PLN (PERSERO) UNIT INDUK PEMBANGKITAN TANJUNG JATI B,UIK Tanjung Jati B,2025-12,75
PT PLN (PERSERO) UNIT INDUK PEMBANGKITAN TANJUNG JATI B,UIK Tanjung Jati B,2026-01,74
PT PLN (PERSERO) UNIT INDUK PEMBANGKITAN TANJUNG JATI B,UIK Tanjung Jati B,2026-02,74
PT PLN (PERSERO) UNIT INDUK PEMBANGKITAN TANJUNG JATI B,UIK Tanjung Jati B,2026-03,74
PT PLN (PERSERO) UNIT INDUK PEMBANGUNAN JAWA BAGIAN BARAT,UIP JBB,2024-12,258
PT PLN (PERSERO) UNIT INDUK PEMBANGUNAN JAWA BAGIAN BARAT,UIP JBB,2025-01,257
PT PLN (PERSERO) UNIT INDUK PEMBANGUNAN JAWA BAGIAN BARAT,UIP JBB,2025-02,257
PT PLN (PERSERO) UNIT INDUK PEMBANGUNAN JAWA BAGIAN BARAT,UIP JBB,2025-03,257
PT PLN (PERSERO) UNIT INDUK PEMBANGUNAN JAWA BAGIAN BARAT,UIP JBB,2025-04,258
PT PLN (PERSERO) UNIT INDUK PEMBANGUNAN JAWA BAGIAN BARAT,UIP JBB,2025-05,258
PT PLN (PERSERO) UNIT INDUK PEMBANGUNAN JAWA BAGIAN BARAT,UIP JBB,2025-06,258
PT PLN (PERSERO) UNIT INDUK PEMBANGUNAN JAWA BAGIAN BARAT,UIP JBB,2025-07,258
PT PLN (PERSERO) UNIT INDUK PEMBANGUNAN JAWA BAGIAN BARAT,UIP JBB,2025-08,256
PT PLN (PERSERO) UNIT INDUK PEMBANGUNAN JAWA BAGIAN BARAT,UIP JBB,2025-11,256
PT PLN (PERSERO) UNIT INDUK PEMBANGUNAN JAWA BAGIAN BARAT,UIP JBB,2025-12,255
PT PLN (PERSERO) UNIT INDUK PEMBANGUNAN JAWA BAGIAN BARAT,UIP JBB,2026-01,258
PT PLN (PERSERO) UNIT INDUK PEMBANGUNAN JAWA BAGIAN BARAT,UIP JBB,2026-02,258
PT PLN (PERSERO) UNIT INDUK PEMBANGUNAN JAWA BAGIAN BARAT,UIP JBB,2026-03,253
PT PLN (PERSERO) UNIT INDUK PEMBANGUNAN JAWA BAGIAN TENGAH,UIP JBT,2024-12,269
PT PLN (PERSERO) UNIT INDUK PEMBANGUNAN JAWA BAGIAN TENGAH,UIP JBT,2025-01,268
PT PLN (PERSERO) UNIT INDUK PEMBANGUNAN JAWA BAGIAN TENGAH,UIP JBT,2025-02,267
PT PLN (PERSERO) UNIT INDUK PEMBANGUNAN JAWA BAGIAN TENGAH,UIP JBT,2025-03,268
PT PLN (PERSERO) UNIT INDUK PEMBANGUNAN JAWA BAGIAN TENGAH,UIP JBT,2025-04,267
PT PLN (PERSERO) UNIT INDUK PEMBANGUNAN JAWA BAGIAN TENGAH,UIP JBT,2025-05,267
PT PLN (PERSERO) UNIT INDUK PEMBANGUNAN JAWA BAGIAN TENGAH,UIP JBT,2025-06,267
PT PLN (PERSERO) UNIT INDUK PEMBANGUNAN JAWA BAGIAN TENGAH,UIP JBT,2025-07,267
PT PLN (PERSERO) UNIT INDUK PEMBANGUNAN JAWA BAGIAN TENGAH,UIP JBT,2025-08,267
PT PLN (PERSERO) UNIT INDUK PEMBANGUNAN JAWA BAGIAN TENGAH,UIP JBT,2025-11,264
PT PLN (PERSERO) UNIT INDUK PEMBANGUNAN JAWA BAGIAN TENGAH,UIP JBT,2025-12,269
PT PLN (PERSERO) UNIT INDUK PEMBANGUNAN JAWA BAGIAN TENGAH,UIP JBT,2026-01,266
PT PLN (PERSERO) UNIT INDUK PEMBANGUNAN JAWA BAGIAN TENGAH,UIP JBT,2026-02,267
PT PLN (PERSERO) UNIT INDUK PEMBANGUNAN JAWA BAGIAN TENGAH,UIP JBT,2026-03,266
PT PLN (PERSERO) UNIT INDUK PEMBANGUNAN JAWA BAGIAN TIMUR DAN BALI,UIP JBTB,2024-12,208
PT PLN (PERSERO) UNIT INDUK PEMBANGUNAN JAWA BAGIAN TIMUR DAN BALI,UIP JBTB,2025-01,206
PT PLN (PERSERO) UNIT INDUK PEMBANGUNAN JAWA BAGIAN TIMUR DAN BALI,UIP JBTB,2025-02,209
PT PLN (PERSERO) UNIT INDUK PEMBANGUNAN JAWA BAGIAN TIMUR DAN BALI,UIP JBTB,2025-03,209
PT PLN (PERSERO) UNIT INDUK PEMBANGUNAN JAWA BAGIAN TIMUR DAN BALI,UIP JBTB,2025-04,207
PT PLN (PERSERO) UNIT INDUK PEMBANGUNAN JAWA BAGIAN TIMUR DAN BALI,UIP JBTB,2025-05,206
PT PLN (PERSERO) UNIT INDUK PEMBANGUNAN JAWA BAGIAN TIMUR DAN BALI,UIP JBTB,2025-06,206
PT PLN (PERSERO) UNIT INDUK PEMBANGUNAN JAWA BAGIAN TIMUR DAN BALI,UIP JBTB,2025-07,205
PT PLN (PERSERO) UNIT INDUK PEMBANGUNAN JAWA BAGIAN TIMUR DAN BALI,UIP JBTB,2025-08,205
PT PLN (PERSERO) UNIT INDUK PEMBANGUNAN JAWA BAGIAN TIMUR DAN BALI,UIP JBTB,2025-11,209
PT PLN (PERSERO) UNIT INDUK PEMBANGUNAN JAWA BAGIAN TIMUR DAN BALI,UIP JBTB,2025-12,210
PT PLN (PERSERO) UNIT INDUK PEMBANGUNAN JAWA BAGIAN TIMUR DAN BALI,UIP JBTB,2026-01,212
PT PLN (PERSERO) UNIT INDUK PEMBANGUNAN JAWA BAGIAN TIMUR DAN BALI,UIP JBTB,2026-02,214
PT PLN (PERSERO) UNIT INDUK PEMBANGUNAN JAWA BAGIAN TIMUR DAN BALI,UIP JBTB,2026-03,214
PT PLN (PERSERO) UNIT INDUK PEMBANGUNAN KALIMANTAN BAGIAN BARAT,UIP Kalimantan Bag Barat,2024-12,142
PT PLN (PERSERO) UNIT INDUK PEMBANGUNAN KALIMANTAN BAGIAN BARAT,UIP Kalimantan Bag Barat,2025-01,142
PT PLN (PERSERO) UNIT INDUK PEMBANGUNAN KALIMANTAN BAGIAN BARAT,UIP Kalimantan Bag Barat,2025-02,143
PT PLN (PERSERO) UNIT INDUK PEMBANGUNAN KALIMANTAN BAGIAN BARAT,UIP Kalimantan Bag Barat,2025-03,144
PT PLN (PERSERO) UNIT INDUK PEMBANGUNAN KALIMANTAN BAGIAN BARAT,UIP Kalimantan Bag Barat,2025-04,142
PT PLN (PERSERO) UNIT INDUK PEMBANGUNAN KALIMANTAN BAGIAN BARAT,UIP Kalimantan Bag Barat,2025-05,141
PT PLN (PERSERO) UNIT INDUK PEMBANGUNAN KALIMANTAN BAGIAN BARAT,UIP Kalimantan Bag Barat,2025-06,141
PT PLN (PERSERO) UNIT INDUK PEMBANGUNAN KALIMANTAN BAGIAN BARAT,UIP Kalimantan Bag Barat,2025-07,141
PT PLN (PERSERO) UNIT INDUK PEMBANGUNAN KALIMANTAN BAGIAN BARAT,UIP Kalimantan Bag Barat,2025-08,142
PT PLN (PERSERO) UNIT INDUK PEMBANGUNAN KALIMANTAN BAGIAN BARAT,UIP Kalimantan Bag Barat,2025-11,142
PT PLN (PERSERO) UNIT INDUK PEMBANGUNAN KALIMANTAN BAGIAN BARAT,UIP Kalimantan Bag Barat,2025-12,143
PT PLN (PERSERO) UNIT INDUK PEMBANGUNAN KALIMANTAN BAGIAN BARAT,UIP Kalimantan Bag Barat,2026-01,143
PT PLN (PERSERO) UNIT INDUK PEMBANGUNAN KALIMANTAN BAGIAN BARAT,UIP Kalimantan Bag Barat,2026-02,143
PT PLN (PERSERO) UNIT INDUK PEMBANGUNAN KALIMANTAN BAGIAN BARAT,UIP Kalimantan Bag Barat,2026-03,142
PT PLN (PERSERO) UNIT INDUK PEMBANGUNAN KALIMANTAN BAGIAN TIMUR,UIP Kalimantan Bag Timur,2024-12,195
PT PLN (PERSERO) UNIT INDUK PEMBANGUNAN KALIMANTAN BAGIAN TIMUR,UIP Kalimantan Bag Timur,2025-01,192
PT PLN (PERSERO) UNIT INDUK PEMBANGUNAN KALIMANTAN BAGIAN TIMUR,UIP Kalimantan Bag Timur,2025-02,192
PT PLN (PERSERO) UNIT INDUK PEMBANGUNAN KALIMANTAN BAGIAN TIMUR,UIP Kalimantan Bag Timur,2025-03,190
PT PLN (PERSERO) UNIT INDUK PEMBANGUNAN KALIMANTAN BAGIAN TIMUR,UIP Kalimantan Bag Timur,2025-04,190
PT PLN (PERSERO) UNIT INDUK PEMBANGUNAN KALIMANTAN BAGIAN TIMUR,UIP Kalimantan Bag Timur,2025-05,189
PT PLN (PERSERO) UNIT INDUK PEMBANGUNAN KALIMANTAN BAGIAN TIMUR,UIP Kalimantan Bag Timur,2025-06,187
PT PLN (PERSERO) UNIT INDUK PEMBANGUNAN KALIMANTAN BAGIAN TIMUR,UIP Kalimantan Bag Timur,2025-07,186
PT PLN (PERSERO) UNIT INDUK PEMBANGUNAN KALIMANTAN BAGIAN TIMUR,UIP Kalimantan Bag Timur,2025-08,185
PT PLN (PERSERO) UNIT INDUK PEMBANGUNAN KALIMANTAN BAGIAN TIMUR,UIP Kalimantan Bag Timur,2025-11,185
PT PLN (PERSERO) UNIT INDUK PEMBANGUNAN KALIMANTAN BAGIAN TIMUR,UIP Kalimantan Bag Timur,2025-12,185
PT PLN (PERSERO) UNIT INDUK PEMBANGUNAN KALIMANTAN BAGIAN TIMUR,UIP Kalimantan Bag Timur,2026-01,186
PT PLN (PERSERO) UNIT INDUK PEMBANGUNAN KALIMANTAN BAGIAN TIMUR,UIP Kalimantan Bag Timur,2026-02,185
PT PLN (PERSERO) UNIT INDUK PEMBANGUNAN KALIMANTAN BAGIAN TIMUR,UIP Kalimantan Bag Timur,2026-03,185
PT PLN (PERSERO) UNIT INDUK PEMBANGUNAN MALUKU DAN PAPUA,UIP Maluku dan Papua,2024-12,160
PT PLN (PERSERO) UNIT INDUK PEMBANGUNAN MALUKU DAN PAPUA,UIP Maluku dan Papua,2025-01,160
PT PLN (PERSERO) UNIT INDUK PEMBANGUNAN MALUKU DAN PAPUA,UIP Maluku dan Papua,2025-02,159
PT PLN (PERSERO) UNIT INDUK PEMBANGUNAN MALUKU DAN PAPUA,UIP Maluku dan Papua,2025-03,156
PT PLN (PERSERO) UNIT INDUK PEMBANGUNAN MALUKU DAN PAPUA,UIP Maluku dan Papua,2025-04,154
PT PLN (PERSERO) UNIT INDUK PEMBANGUNAN MALUKU DAN PAPUA,UIP Maluku dan Papua,2025-05,154
PT PLN (PERSERO) UNIT INDUK PEMBANGUNAN MALUKU DAN PAPUA,UIP Maluku dan Papua,2025-06,154
PT PLN (PERSERO) UNIT INDUK PEMBANGUNAN MALUKU DAN PAPUA,UIP Maluku dan Papua,2025-07,153
PT PLN (PERSERO) UNIT INDUK PEMBANGUNAN MALUKU DAN PAPUA,UIP Maluku dan Papua,2025-08,153
PT PLN (PERSERO) UNIT INDUK PEMBANGUNAN MALUKU DAN PAPUA,UIP Maluku dan Papua,2025-11,152
PT PLN (PERSERO) UNIT INDUK PEMBANGUNAN MALUKU DAN PAPUA,UIP Maluku dan Papua,2025-12,151
PT PLN (PERSERO) UNIT INDUK PEMBANGUNAN MALUKU DAN PAPUA,UIP Maluku dan Papua,2026-01,152
PT PLN (PERSERO) UNIT INDUK PEMBANGUNAN MALUKU DAN PAPUA,UIP Maluku dan Papua,2026-02,153
PT PLN (PERSERO) UNIT INDUK PEMBANGUNAN MALUKU DAN PAPUA,UIP Maluku dan Papua,2026-03,159
PT PLN (PERSERO) UNIT INDUK PEMBANGUNAN NUSA TENGGARA,UIP Nusa Tenggara,2024-12,156
PT PLN (PERSERO) UNIT INDUK PEMBANGUNAN NUSA TENGGARA,UIP Nusa Tenggara,2025-01,154
PT PLN (PERSERO) UNIT INDUK PEMBANGUNAN NUSA TENGGARA,UIP Nusa Tenggara,2025-02,155
PT PLN (PERSERO) UNIT INDUK PEMBANGUNAN NUSA TENGGARA,UIP Nusa Tenggara,2025-03,154
PT PLN (PERSERO) UNIT INDUK PEMBANGUNAN NUSA TENGGARA,UIP Nusa Tenggara,2025-04,154
PT PLN (PERSERO) UNIT INDUK PEMBANGUNAN NUSA TENGGARA,UIP Nusa Tenggara,2025-05,154
PT PLN (PERSERO) UNIT INDUK PEMBANGUNAN NUSA TENGGARA,UIP Nusa Tenggara,2025-06,154
PT PLN (PERSERO) UNIT INDUK PEMBANGUNAN NUSA TENGGARA,UIP Nusa Tenggara,2025-07,154
PT PLN (PERSERO) UNIT INDUK PEMBANGUNAN NUSA TENGGARA,UIP Nusa Tenggara,2025-08,154
PT PLN (PERSERO) UNIT INDUK PEMBANGUNAN NUSA TENGGARA,UIP Nusa Tenggara,2025-11,154
PT PLN (PERSERO) UNIT INDUK PEMBANGUNAN NUSA TENGGARA,UIP Nusa Tenggara,2025-12,153
PT PLN (PERSERO) UNIT INDUK PEMBANGUNAN NUSA TENGGARA,UIP Nusa Tenggara,2026-01,152
PT PLN (PERSERO) UNIT INDUK PEMBANGUNAN NUSA TENGGARA,UIP Nusa Tenggara,2026-02,153
PT PLN (PERSERO) UNIT INDUK PEMBANGUNAN NUSA TENGGARA,UIP Nusa Tenggara,2026-03,153
PT PLN (PERSERO) UNIT INDUK PEMBANGUNAN SULAWESI,UIP Sulawesi,2024-12,235
PT PLN (PERSERO) UNIT INDUK PEMBANGUNAN SULAWESI,UIP Sulawesi,2025-01,234
PT PLN (PERSERO) UNIT INDUK PEMBANGUNAN SULAWESI,UIP Sulawesi,2025-02,236
PT PLN (PERSERO) UNIT INDUK PEMBANGUNAN SULAWESI,UIP Sulawesi,2025-03,233
PT PLN (PERSERO) UNIT INDUK PEMBANGUNAN SULAWESI,UIP Sulawesi,2025-04,235
PT PLN (PERSERO) UNIT INDUK PEMBANGUNAN SULAWESI,UIP Sulawesi,2025-05,235
PT PLN (PERSERO) UNIT INDUK PEMBANGUNAN SULAWESI,UIP Sulawesi,2025-06,235
PT PLN (PERSERO) UNIT INDUK PEMBANGUNAN SULAWESI,UIP Sulawesi,2025-07,236
PT PLN (PERSERO) UNIT INDUK PEMBANGUNAN SULAWESI,UIP Sulawesi,2025-08,239
PT PLN (PERSERO) UNIT INDUK PEMBANGUNAN SULAWESI,UIP Sulawesi,2025-11,233
PT PLN (PERSERO) UNIT INDUK PEMBANGUNAN SULAWESI,UIP Sulawesi,2025-12,240
PT PLN (PERSERO) UNIT INDUK PEMBANGUNAN SULAWESI,UIP Sulawesi,2026-01,241
PT PLN (PERSERO) UNIT INDUK PEMBANGUNAN SULAWESI,UIP Sulawesi,2026-02,243
PT PLN (PERSERO) UNIT INDUK PEMBANGUNAN SULAWESI,UIP Sulawesi,2026-03,243
PT PLN (PERSERO) UNIT INDUK PEMBANGUNAN SUMATERA BAGIAN SELATAN,UIP Sumatera Bag Selatan,2024-12,206
PT PLN (PERSERO) UNIT INDUK PEMBANGUNAN SUMATERA BAGIAN SELATAN,UIP Sumatera Bag Selatan,2025-01,206
PT PLN (PERSERO) UNIT INDUK PEMBANGUNAN SUMATERA BAGIAN SELATAN,UIP Sumatera Bag Selatan,2025-02,205
PT PLN (PERSERO) UNIT INDUK PEMBANGUNAN SUMATERA BAGIAN SELATAN,UIP Sumatera Bag Selatan,2025-03,205
PT PLN (PERSERO) UNIT INDUK PEMBANGUNAN SUMATERA BAGIAN SELATAN,UIP Sumatera Bag Selatan,2025-04,206
PT PLN (PERSERO) UNIT INDUK PEMBANGUNAN SUMATERA BAGIAN SELATAN,UIP Sumatera Bag Selatan,2025-05,207
PT PLN (PERSERO) UNIT INDUK PEMBANGUNAN SUMATERA BAGIAN SELATAN,UIP Sumatera Bag Selatan,2025-06,209
PT PLN (PERSERO) UNIT INDUK PEMBANGUNAN SUMATERA BAGIAN SELATAN,UIP Sumatera Bag Selatan,2025-07,210
PT PLN (PERSERO) UNIT INDUK PEMBANGUNAN SUMATERA BAGIAN SELATAN,UIP Sumatera Bag Selatan,2025-08,210
PT PLN (PERSERO) UNIT INDUK PEMBANGUNAN SUMATERA BAGIAN SELATAN,UIP Sumatera Bag Selatan,2025-11,214
PT PLN (PERSERO) UNIT INDUK PEMBANGUNAN SUMATERA BAGIAN SELATAN,UIP Sumatera Bag Selatan,2025-12,210
PT PLN (PERSERO) UNIT INDUK PEMBANGUNAN SUMATERA BAGIAN SELATAN,UIP Sumatera Bag Selatan,2026-01,210
PT PLN (PERSERO) UNIT INDUK PEMBANGUNAN SUMATERA BAGIAN SELATAN,UIP Sumatera Bag Selatan,2026-02,211
PT PLN (PERSERO) UNIT INDUK PEMBANGUNAN SUMATERA BAGIAN SELATAN,UIP Sumatera Bag Selatan,2026-03,211
PT PLN (PERSERO) UNIT INDUK PEMBANGUNAN SUMATERA BAGIAN TENGAH,UIP Sumatera Bag Tengah,2024-12,196
PT PLN (PERSERO) UNIT INDUK PEMBANGUNAN SUMATERA BAGIAN TENGAH,UIP Sumatera Bag Tengah,2025-01,195
PT PLN (PERSERO) UNIT INDUK PEMBANGUNAN SUMATERA BAGIAN TENGAH,UIP Sumatera Bag Tengah,2025-02,195
PT PLN (PERSERO) UNIT INDUK PEMBANGUNAN SUMATERA BAGIAN TENGAH,UIP Sumatera Bag Tengah,2025-03,194
PT PLN (PERSERO) UNIT INDUK PEMBANGUNAN SUMATERA BAGIAN TENGAH,UIP Sumatera Bag Tengah,2025-04,192
PT PLN (PERSERO) UNIT INDUK PEMBANGUNAN SUMATERA BAGIAN TENGAH,UIP Sumatera Bag Tengah,2025-05,190
PT PLN (PERSERO) UNIT INDUK PEMBANGUNAN SUMATERA BAGIAN TENGAH,UIP Sumatera Bag Tengah,2025-06,189
PT PLN (PERSERO) UNIT INDUK PEMBANGUNAN SUMATERA BAGIAN TENGAH,UIP Sumatera Bag Tengah,2025-07,191
PT PLN (PERSERO) UNIT INDUK PEMBANGUNAN SUMATERA BAGIAN TENGAH,UIP Sumatera Bag Tengah,2025-08,191
PT PLN (PERSERO) UNIT INDUK PEMBANGUNAN SUMATERA BAGIAN TENGAH,UIP Sumatera Bag Tengah,2025-11,193
PT PLN (PERSERO) UNIT INDUK PEMBANGUNAN SUMATERA BAGIAN TENGAH,UIP Sumatera Bag Tengah,2025-12,194
PT PLN (PERSERO) UNIT INDUK PEMBANGUNAN SUMATERA BAGIAN TENGAH,UIP Sumatera Bag Tengah,2026-01,194
PT PLN (PERSERO) UNIT INDUK PEMBANGUNAN SUMATERA BAGIAN TENGAH,UIP Sumatera Bag Tengah,2026-02,192
PT PLN (PERSERO) UNIT INDUK PEMBANGUNAN SUMATERA BAGIAN TENGAH,UIP Sumatera Bag Tengah,2026-03,192
PT PLN (PERSERO) UNIT INDUK PEMBANGUNAN SUMATERA BAGIAN UTARA,UIP Sumatera Bag Utara,2024-12,234
PT PLN (PERSERO) UNIT INDUK PEMBANGUNAN SUMATERA BAGIAN UTARA,UIP Sumatera Bag Utara,2025-01,232
PT PLN (PERSERO) UNIT INDUK PEMBANGUNAN SUMATERA BAGIAN UTARA,UIP Sumatera Bag Utara,2025-02,232
PT PLN (PERSERO) UNIT INDUK PEMBANGUNAN SUMATERA BAGIAN UTARA,UIP Sumatera Bag Utara,2025-03,231
PT PLN (PERSERO) UNIT INDUK PEMBANGUNAN SUMATERA BAGIAN UTARA,UIP Sumatera Bag Utara,2025-04,231
PT PLN (PERSERO) UNIT INDUK PEMBANGUNAN SUMATERA BAGIAN UTARA,UIP Sumatera Bag Utara,2025-05,231
PT PLN (PERSERO) UNIT INDUK PEMBANGUNAN SUMATERA BAGIAN UTARA,UIP Sumatera Bag Utara,2025-06,233
PT PLN (PERSERO) UNIT INDUK PEMBANGUNAN SUMATERA BAGIAN UTARA,UIP Sumatera Bag Utara,2025-07,231
PT PLN (PERSERO) UNIT INDUK PEMBANGUNAN SUMATERA BAGIAN UTARA,UIP Sumatera Bag Utara,2025-08,231
PT PLN (PERSERO) UNIT INDUK PEMBANGUNAN SUMATERA BAGIAN UTARA,UIP Sumatera Bag Utara,2025-11,237
PT PLN (PERSERO) UNIT INDUK PEMBANGUNAN SUMATERA BAGIAN UTARA,UIP Sumatera Bag Utara,2025-12,237
PT PLN (PERSERO) UNIT INDUK PEMBANGUNAN SUMATERA BAGIAN UTARA,UIP Sumatera Bag Utara,2026-01,239
PT PLN (PERSERO) UNIT INDUK PEMBANGUNAN SUMATERA BAGIAN UTARA,UIP Sumatera Bag Utara,2026-02,238
PT PLN (PERSERO) UNIT INDUK PEMBANGUNAN SUMATERA BAGIAN UTARA,UIP Sumatera Bag Utara,2026-03,238
"PT PLN (PERSERO) UNIT INDUK PUSAT PENGATUR BEBAN JAWA, MADURA, DAN BALI",Pusat Pengatur Beban,2024-12,535
"PT PLN (PERSERO) UNIT INDUK PUSAT PENGATUR BEBAN JAWA, MADURA, DAN BALI",Pusat Pengatur Beban,2025-01,533
"PT PLN (PERSERO) UNIT INDUK PUSAT PENGATUR BEBAN JAWA, MADURA, DAN BALI",Pusat Pengatur Beban,2025-02,535
"PT PLN (PERSERO) UNIT INDUK PUSAT PENGATUR BEBAN JAWA, MADURA, DAN BALI",Pusat Pengatur Beban,2025-03,533
"PT PLN (PERSERO) UNIT INDUK PUSAT PENGATUR BEBAN JAWA, MADURA, DAN BALI",Pusat Pengatur Beban,2025-04,532
"PT PLN (PERSERO) UNIT INDUK PUSAT PENGATUR BEBAN JAWA, MADURA, DAN BALI",Pusat Pengatur Beban,2025-05,532
"PT PLN (PERSERO) UNIT INDUK PUSAT PENGATUR BEBAN JAWA, MADURA, DAN BALI",Pusat Pengatur Beban,2025-06,532
"PT PLN (PERSERO) UNIT INDUK PUSAT PENGATUR BEBAN JAWA, MADURA, DAN BALI",Pusat Pengatur Beban,2025-07,535
"PT PLN (PERSERO) UNIT INDUK PUSAT PENGATUR BEBAN JAWA, MADURA, DAN BALI",Pusat Pengatur Beban,2025-08,535
"PT PLN (PERSERO) UNIT INDUK PUSAT PENGATUR BEBAN JAWA, MADURA, DAN BALI",Pusat Pengatur Beban,2025-11,538
"PT PLN (PERSERO) UNIT INDUK PUSAT PENGATUR BEBAN JAWA, MADURA, DAN BALI",Pusat Pengatur Beban,2025-12,540
"PT PLN (PERSERO) UNIT INDUK PUSAT PENGATUR BEBAN JAWA, MADURA, DAN BALI",Pusat Pengatur Beban,2026-01,539
"PT PLN (PERSERO) UNIT INDUK PUSAT PENGATUR BEBAN JAWA, MADURA, DAN BALI",Pusat Pengatur Beban,2026-02,537
"PT PLN (PERSERO) UNIT INDUK PUSAT PENGATUR BEBAN JAWA, MADURA, DAN BALI",Pusat Pengatur Beban,2026-03,536
PT PLN (PERSERO) UNIT INDUK PENYALURAN DAN PUSAT PENGATUR BEBAN SUMATERA,P3B Sumatera,2024-12,1892
PT PLN (PERSERO) UNIT INDUK PENYALURAN DAN PUSAT PENGATUR BEBAN SUMATERA,P3B Sumatera,2025-01,1888
PT PLN (PERSERO) UNIT INDUK PENYALURAN DAN PUSAT PENGATUR BEBAN SUMATERA,P3B Sumatera,2025-02,1887
PT PLN (PERSERO) UNIT INDUK PENYALURAN DAN PUSAT PENGATUR BEBAN SUMATERA,P3B Sumatera,2025-03,1885
PT PLN (PERSERO) UNIT INDUK PENYALURAN DAN PUSAT PENGATUR BEBAN SUMATERA,P3B Sumatera,2025-04,1881
PT PLN (PERSERO) UNIT INDUK PENYALURAN DAN PUSAT PENGATUR BEBAN SUMATERA,P3B Sumatera,2025-05,1878
PT PLN (PERSERO) UNIT INDUK PENYALURAN DAN PUSAT PENGATUR BEBAN SUMATERA,P3B Sumatera,2025-06,1875
PT PLN (PERSERO) UNIT INDUK PENYALURAN DAN PUSAT PENGATUR BEBAN SUMATERA,P3B Sumatera,2025-07,1877
PT PLN (PERSERO) UNIT INDUK PENYALURAN DAN PUSAT PENGATUR BEBAN SUMATERA,P3B Sumatera,2025-08,1880
PT PLN (PERSERO) UNIT INDUK PENYALURAN DAN PUSAT PENGATUR BEBAN SUMATERA,P3B Sumatera,2025-11,1876
PT PLN (PERSERO) UNIT INDUK PENYALURAN DAN PUSAT PENGATUR BEBAN SUMATERA,P3B Sumatera,2025-12,1869
PT PLN (PERSERO) UNIT INDUK PENYALURAN DAN PUSAT PENGATUR BEBAN SUMATERA,P3B Sumatera,2026-01,1868
PT PLN (PERSERO) UNIT INDUK PENYALURAN DAN PUSAT PENGATUR BEBAN SUMATERA,P3B Sumatera,2026-02,1860
PT PLN (PERSERO) UNIT INDUK PENYALURAN DAN PUSAT PENGATUR BEBAN SUMATERA,P3B Sumatera,2026-03,1857
PT PLN (PERSERO) UNIT INDUK PENYALURAN DAN PUSAT PENGATUR BEBAN KALIMANTAN,UIP3B Kalimantan,2024-12,594
PT PLN (PERSERO) UNIT INDUK PENYALURAN DAN PUSAT PENGATUR BEBAN KALIMANTAN,UIP3B Kalimantan,2025-01,592
PT PLN (PERSERO) UNIT INDUK PENYALURAN DAN PUSAT PENGATUR BEBAN KALIMANTAN,UIP3B Kalimantan,2025-02,589
PT PLN (PERSERO) UNIT INDUK PENYALURAN DAN PUSAT PENGATUR BEBAN KALIMANTAN,UIP3B Kalimantan,2025-03,586
PT PLN (PERSERO) UNIT INDUK PENYALURAN DAN PUSAT PENGATUR BEBAN KALIMANTAN,UIP3B Kalimantan,2025-04,578
PT PLN (PERSERO) UNIT INDUK PENYALURAN DAN PUSAT PENGATUR BEBAN KALIMANTAN,UIP3B Kalimantan,2025-05,576
PT PLN (PERSERO) UNIT INDUK PENYALURAN DAN PUSAT PENGATUR BEBAN KALIMANTAN,UIP3B Kalimantan,2025-06,580
PT PLN (PERSERO) UNIT INDUK PENYALURAN DAN PUSAT PENGATUR BEBAN KALIMANTAN,UIP3B Kalimantan,2025-07,577
PT PLN (PERSERO) UNIT INDUK PENYALURAN DAN PUSAT PENGATUR BEBAN KALIMANTAN,UIP3B Kalimantan,2025-08,579
PT PLN (PERSERO) UNIT INDUK PENYALURAN DAN PUSAT PENGATUR BEBAN KALIMANTAN,UIP3B Kalimantan,2025-11,574
PT PLN (PERSERO) UNIT INDUK PENYALURAN DAN PUSAT PENGATUR BEBAN KALIMANTAN,UIP3B Kalimantan,2025-12,577
PT PLN (PERSERO) UNIT INDUK PENYALURAN DAN PUSAT PENGATUR BEBAN KALIMANTAN,UIP3B Kalimantan,2026-01,571
PT PLN (PERSERO) UNIT INDUK PENYALURAN DAN PUSAT PENGATUR BEBAN KALIMANTAN,UIP3B Kalimantan,2026-02,572
PT PLN (PERSERO) UNIT INDUK PENYALURAN DAN PUSAT PENGATUR BEBAN KALIMANTAN,UIP3B Kalimantan,2026-03,571
PT PLN (PERSERO) UNIT INDUK PENYALURAN DAN PUSAT PENGATUR BEBAN SULAWESI,UIP3B Sulawesi,2024-12,718
PT PLN (PERSERO) UNIT INDUK PENYALURAN DAN PUSAT PENGATUR BEBAN SULAWESI,UIP3B Sulawesi,2025-01,718
PT PLN (PERSERO) UNIT INDUK PENYALURAN DAN PUSAT PENGATUR BEBAN SULAWESI,UIP3B Sulawesi,2025-02,717
PT PLN (PERSERO) UNIT INDUK PENYALURAN DAN PUSAT PENGATUR BEBAN SULAWESI,UIP3B Sulawesi,2025-03,717
PT PLN (PERSERO) UNIT INDUK PENYALURAN DAN PUSAT PENGATUR BEBAN SULAWESI,UIP3B Sulawesi,2025-04,716
PT PLN (PERSERO) UNIT INDUK PENYALURAN DAN PUSAT PENGATUR BEBAN SULAWESI,UIP3B Sulawesi,2025-05,714
PT PLN (PERSERO) UNIT INDUK PENYALURAN DAN PUSAT PENGATUR BEBAN SULAWESI,UIP3B Sulawesi,2025-06,713
PT PLN (PERSERO) UNIT INDUK PENYALURAN DAN PUSAT PENGATUR BEBAN SULAWESI,UIP3B Sulawesi,2025-07,713
PT PLN (PERSERO) UNIT INDUK PENYALURAN DAN PUSAT PENGATUR BEBAN SULAWESI,UIP3B Sulawesi,2025-08,712
PT PLN (PERSERO) UNIT INDUK PENYALURAN DAN PUSAT PENGATUR BEBAN SULAWESI,UIP3B Sulawesi,2025-11,708
PT PLN (PERSERO) UNIT INDUK PENYALURAN DAN PUSAT PENGATUR BEBAN SULAWESI,UIP3B Sulawesi,2025-12,707
PT PLN (PERSERO) UNIT INDUK PENYALURAN DAN PUSAT PENGATUR BEBAN SULAWESI,UIP3B Sulawesi,2026-01,707
PT PLN (PERSERO) UNIT INDUK PENYALURAN DAN PUSAT PENGATUR BEBAN SULAWESI,UIP3B Sulawesi,2026-02,705
PT PLN (PERSERO) UNIT INDUK PENYALURAN DAN PUSAT PENGATUR BEBAN SULAWESI,UIP3B Sulawesi,2026-03,705
PT PLN (PERSERO) UNIT INDUK TRANSMISI JAWA BAGIAN BARAT,UIT JBB,2024-12,1086
PT PLN (PERSERO) UNIT INDUK TRANSMISI JAWA BAGIAN BARAT,UIT JBB,2025-01,1085
PT PLN (PERSERO) UNIT INDUK TRANSMISI JAWA BAGIAN BARAT,UIT JBB,2025-02,1084
PT PLN (PERSERO) UNIT INDUK TRANSMISI JAWA BAGIAN BARAT,UIT JBB,2025-03,1084
PT PLN (PERSERO) UNIT INDUK TRANSMISI JAWA BAGIAN BARAT,UIT JBB,2025-04,1079
PT PLN (PERSERO) UNIT INDUK TRANSMISI JAWA BAGIAN BARAT,UIT JBB,2025-05,1075
PT PLN (PERSERO) UNIT INDUK TRANSMISI JAWA BAGIAN BARAT,UIT JBB,2025-06,1072
PT PLN (PERSERO) UNIT INDUK TRANSMISI JAWA BAGIAN BARAT,UIT JBB,2025-07,1069
PT PLN (PERSERO) UNIT INDUK TRANSMISI JAWA BAGIAN BARAT,UIT JBB,2025-08,1068
PT PLN (PERSERO) UNIT INDUK TRANSMISI JAWA BAGIAN BARAT,UIT JBB,2025-11,1053
PT PLN (PERSERO) UNIT INDUK TRANSMISI JAWA BAGIAN BARAT,UIT JBB,2025-12,1055
PT PLN (PERSERO) UNIT INDUK TRANSMISI JAWA BAGIAN BARAT,UIT JBB,2026-01,1051
PT PLN (PERSERO) UNIT INDUK TRANSMISI JAWA BAGIAN BARAT,UIT JBB,2026-02,1052
PT PLN (PERSERO) UNIT INDUK TRANSMISI JAWA BAGIAN BARAT,UIT JBB,2026-03,1050
PT PLN (PERSERO) UNIT INDUK TRANSMISI JAWA BAGIAN TENGAH,UIT JBT,2024-12,1682
PT PLN (PERSERO) UNIT INDUK TRANSMISI JAWA BAGIAN TENGAH,UIT JBT,2025-01,1681
PT PLN (PERSERO) UNIT INDUK TRANSMISI JAWA BAGIAN TENGAH,UIT JBT,2025-02,1678
PT PLN (PERSERO) UNIT INDUK TRANSMISI JAWA BAGIAN TENGAH,UIT JBT,2025-03,1677
PT PLN (PERSERO) UNIT INDUK TRANSMISI JAWA BAGIAN TENGAH,UIT JBT,2025-04,1675
PT PLN (PERSERO) UNIT INDUK TRANSMISI JAWA BAGIAN TENGAH,UIT JBT,2025-05,1674
PT PLN (PERSERO) UNIT INDUK TRANSMISI JAWA BAGIAN TENGAH,UIT JBT,2025-06,1671
PT PLN (PERSERO) UNIT INDUK TRANSMISI JAWA BAGIAN TENGAH,UIT JBT,2025-07,1669
PT PLN (PERSERO) UNIT INDUK TRANSMISI JAWA BAGIAN TENGAH,UIT JBT,2025-08,1664
PT PLN (PERSERO) UNIT INDUK TRANSMISI JAWA BAGIAN TENGAH,UIT JBT,2025-11,1665
PT PLN (PERSERO) UNIT INDUK TRANSMISI JAWA BAGIAN TENGAH,UIT JBT,2025-12,1668
PT PLN (PERSERO) UNIT INDUK TRANSMISI JAWA BAGIAN TENGAH,UIT JBT,2026-01,1667
PT PLN (PERSERO) UNIT INDUK TRANSMISI JAWA BAGIAN TENGAH,UIT JBT,2026-02,1664
PT PLN (PERSERO) UNIT INDUK TRANSMISI JAWA BAGIAN TENGAH,UIT JBT,2026-03,1663
PT PLN (PERSERO) UNIT INDUK TRANSMISI JAWA BAGIAN TIMUR DAN BALI,UIT JBTB,2024-12,1157
PT PLN (PERSERO) UNIT INDUK TRANSMISI JAWA BAGIAN TIMUR DAN BALI,UIT JBTB,2025-01,1153
PT PLN (PERSERO) UNIT INDUK TRANSMISI JAWA BAGIAN TIMUR DAN BALI,UIT JBTB,2025-02,1151
PT PLN (PERSERO) UNIT INDUK TRANSMISI JAWA BAGIAN TIMUR DAN BALI,UIT JBTB,2025-03,1149
PT PLN (PERSERO) UNIT INDUK TRANSMISI JAWA BAGIAN TIMUR DAN BALI,UIT JBTB,2025-04,1143
PT PLN (PERSERO) UNIT INDUK TRANSMISI JAWA BAGIAN TIMUR DAN BALI,UIT JBTB,2025-05,1141
PT PLN (PERSERO) UNIT INDUK TRANSMISI JAWA BAGIAN TIMUR DAN BALI,UIT JBTB,2025-06,1139
PT PLN (PERSERO) UNIT INDUK TRANSMISI JAWA BAGIAN TIMUR DAN BALI,UIT JBTB,2025-07,1137
PT PLN (PERSERO) UNIT INDUK TRANSMISI JAWA BAGIAN TIMUR DAN BALI,UIT JBTB,2025-08,1135
PT PLN (PERSERO) UNIT INDUK TRANSMISI JAWA BAGIAN TIMUR DAN BALI,UIT JBTB,2025-11,1127
PT PLN (PERSERO) UNIT INDUK TRANSMISI JAWA BAGIAN TIMUR DAN BALI,UIT JBTB,2025-12,1128
PT PLN (PERSERO) UNIT INDUK TRANSMISI JAWA BAGIAN TIMUR DAN BALI,UIT JBTB,2026-01,1126
PT PLN (PERSERO) UNIT INDUK TRANSMISI JAWA BAGIAN TIMUR DAN BALI,UIT JBTB,2026-02,1126
PT PLN (PERSERO) UNIT INDUK TRANSMISI JAWA BAGIAN TIMUR DAN BALI,UIT JBTB,2026-03,1129
PT PLN (PERSERO) UNIT INDUK WILAYAH BANGKA BELITUNG,UIW Bangka Belitung,2024-12,360
PT PLN (PERSERO) UNIT INDUK WILAYAH BANGKA BELITUNG,UIW Bangka Belitung,2025-01,358
PT PLN (PERSERO) UNIT INDUK WILAYAH BANGKA BELITUNG,UIW Bangka Belitung,2025-02,357
PT PLN (PERSERO) UNIT INDUK WILAYAH BANGKA BELITUNG,UIW Bangka Belitung,2025-03,355
PT PLN (PERSERO) UNIT INDUK WILAYAH BANGKA BELITUNG,UIW Bangka Belitung,2025-04,355
PT PLN (PERSERO) UNIT INDUK WILAYAH BANGKA BELITUNG,UIW Bangka Belitung,2025-05,355
PT PLN (PERSERO) UNIT INDUK WILAYAH BANGKA BELITUNG,UIW Bangka Belitung,2025-06,355
PT PLN (PERSERO) UNIT INDUK WILAYAH BANGKA BELITUNG,UIW Bangka Belitung,2025-07,355
PT PLN (PERSERO) UNIT INDUK WILAYAH BANGKA BELITUNG,UIW Bangka Belitung,2025-08,354
PT PLN (PERSERO) UNIT INDUK WILAYAH BANGKA BELITUNG,UIW Bangka Belitung,2025-11,350
PT PLN (PERSERO) UNIT INDUK WILAYAH BANGKA BELITUNG,UIW Bangka Belitung,2025-12,349
PT PLN (PERSERO) UNIT INDUK WILAYAH BANGKA BELITUNG,UIW Bangka Belitung,2026-01,347
PT PLN (PERSERO) UNIT INDUK WILAYAH BANGKA BELITUNG,UIW Bangka Belitung,2026-02,345
PT PLN (PERSERO) UNIT INDUK WILAYAH BANGKA BELITUNG,UIW Bangka Belitung,2026-03,344
PT PLN (PERSERO) UNIT INDUK WILAYAH MALUKU DAN MALUKU UTARA,UIW Maluku&Malut,2024-12,920
PT PLN (PERSERO) UNIT INDUK WILAYAH MALUKU DAN MALUKU UTARA,UIW Maluku&Malut,2025-01,911
PT PLN (PERSERO) UNIT INDUK WILAYAH MALUKU DAN MALUKU UTARA,UIW Maluku&Malut,2025-02,901
PT PLN (PERSERO) UNIT INDUK WILAYAH MALUKU DAN MALUKU UTARA,UIW Maluku&Malut,2025-03,861
PT PLN (PERSERO) UNIT INDUK WILAYAH MALUKU DAN MALUKU UTARA,UIW Maluku&Malut,2025-04,832
PT PLN (PERSERO) UNIT INDUK WILAYAH MALUKU DAN MALUKU UTARA,UIW Maluku&Malut,2025-05,828
PT PLN (PERSERO) UNIT INDUK WILAYAH MALUKU DAN MALUKU UTARA,UIW Maluku&Malut,2025-06,832
PT PLN (PERSERO) UNIT INDUK WILAYAH MALUKU DAN MALUKU UTARA,UIW Maluku&Malut,2025-07,829
PT PLN (PERSERO) UNIT INDUK WILAYAH MALUKU DAN MALUKU UTARA,UIW Maluku&Malut,2025-08,827
PT PLN (PERSERO) UNIT INDUK WILAYAH MALUKU DAN MALUKU UTARA,UIW Maluku&Malut,2025-11,800
PT PLN (PERSERO) UNIT INDUK WILAYAH MALUKU DAN MALUKU UTARA,UIW Maluku&Malut,2025-12,798
PT PLN (PERSERO) UNIT INDUK WILAYAH MALUKU DAN MALUKU UTARA,UIW Maluku&Malut,2026-01,909
PT PLN (PERSERO) UNIT INDUK WILAYAH MALUKU DAN MALUKU UTARA,UIW Maluku&Malut,2026-02,907
PT PLN (PERSERO) UNIT INDUK WILAYAH MALUKU DAN MALUKU UTARA,UIW Maluku&Malut,2026-03,875
PT PLN (PERSERO) UNIT INDUK WILAYAH NUSA TENGGARA BARAT,UIW NusaTenggara Barat,2024-12,867
PT PLN (PERSERO) UNIT INDUK WILAYAH NUSA TENGGARA BARAT,UIW NusaTenggara Barat,2025-01,862
PT PLN (PERSERO) UNIT INDUK WILAYAH NUSA TENGGARA BARAT,UIW NusaTenggara Barat,2025-02,863
PT PLN (PERSERO) UNIT INDUK WILAYAH NUSA TENGGARA BARAT,UIW NusaTenggara Barat,2025-03,860
PT PLN (PERSERO) UNIT INDUK WILAYAH NUSA TENGGARA BARAT,UIW NusaTenggara Barat,2025-04,858
PT PLN (PERSERO) UNIT INDUK WILAYAH NUSA TENGGARA BARAT,UIW NusaTenggara Barat,2025-05,858
PT PLN (PERSERO) UNIT INDUK WILAYAH NUSA TENGGARA BARAT,UIW NusaTenggara Barat,2025-06,857
PT PLN (PERSERO) UNIT INDUK WILAYAH NUSA TENGGARA BARAT,UIW NusaTenggara Barat,2025-07,857
PT PLN (PERSERO) UNIT INDUK WILAYAH NUSA TENGGARA BARAT,UIW NusaTenggara Barat,2025-08,853
PT PLN (PERSERO) UNIT INDUK WILAYAH NUSA TENGGARA BARAT,UIW NusaTenggara Barat,2025-11,852
PT PLN (PERSERO) UNIT INDUK WILAYAH NUSA TENGGARA BARAT,UIW NusaTenggara Barat,2025-12,849
PT PLN (PERSERO) UNIT INDUK WILAYAH NUSA TENGGARA BARAT,UIW NusaTenggara Barat,2026-01,845
PT PLN (PERSERO) UNIT INDUK WILAYAH NUSA TENGGARA BARAT,UIW NusaTenggara Barat,2026-02,844
PT PLN (PERSERO) UNIT INDUK WILAYAH NUSA TENGGARA BARAT,UIW NusaTenggara Barat,2026-03,842
PT PLN (PERSERO) UNIT INDUK WILAYAH NUSA TENGGARA TIMUR,UIW NusaTenggaraTimur,2024-12,891
PT PLN (PERSERO) UNIT INDUK WILAYAH NUSA TENGGARA TIMUR,UIW NusaTenggaraTimur,2025-01,890
PT PLN (PERSERO) UNIT INDUK WILAYAH NUSA TENGGARA TIMUR,UIW NusaTenggaraTimur,2025-02,888
PT PLN (PERSERO) UNIT INDUK WILAYAH NUSA TENGGARA TIMUR,UIW NusaTenggaraTimur,2025-03,884
PT PLN (PERSERO) UNIT INDUK WILAYAH NUSA TENGGARA TIMUR,UIW NusaTenggaraTimur,2025-04,876
PT PLN (PERSERO) UNIT INDUK WILAYAH NUSA TENGGARA TIMUR,UIW NusaTenggaraTimur,2025-05,875
PT PLN (PERSERO) UNIT INDUK WILAYAH NUSA TENGGARA TIMUR,UIW NusaTenggaraTimur,2025-06,873
PT PLN (PERSERO) UNIT INDUK WILAYAH NUSA TENGGARA TIMUR,UIW NusaTenggaraTimur,2025-07,868
PT PLN (PERSERO) UNIT INDUK WILAYAH NUSA TENGGARA TIMUR,UIW NusaTenggaraTimur,2025-08,867
PT PLN (PERSERO) UNIT INDUK WILAYAH NUSA TENGGARA TIMUR,UIW NusaTenggaraTimur,2025-11,858
PT PLN (PERSERO) UNIT INDUK WILAYAH NUSA TENGGARA TIMUR,UIW NusaTenggaraTimur,2025-12,857
PT PLN (PERSERO) UNIT INDUK WILAYAH NUSA TENGGARA TIMUR,UIW NusaTenggaraTimur,2026-01,891
PT PLN (PERSERO) UNIT INDUK WILAYAH NUSA TENGGARA TIMUR,UIW NusaTenggaraTimur,2026-02,887
PT PLN (PERSERO) UNIT INDUK WILAYAH NUSA TENGGARA TIMUR,UIW NusaTenggaraTimur,2026-03,883
PT PLN (PERSERO) UNIT INDUK WILAYAH PAPUA DAN PAPUA BARAT,UIW Papua&Papua Barat,2024-12,1113
PT PLN (PERSERO) UNIT INDUK WILAYAH PAPUA DAN PAPUA BARAT,UIW Papua&Papua Barat,2025-01,1112
PT PLN (PERSERO) UNIT INDUK WILAYAH PAPUA DAN PAPUA BARAT,UIW Papua&Papua Barat,2025-02,1107
PT PLN (PERSERO) UNIT INDUK WILAYAH PAPUA DAN PAPUA BARAT,UIW Papua&Papua Barat,2025-03,1096
PT PLN (PERSERO) UNIT INDUK WILAYAH PAPUA DAN PAPUA BARAT,UIW Papua&Papua Barat,2025-04,1090
PT PLN (PERSERO) UNIT INDUK WILAYAH PAPUA DAN PAPUA BARAT,UIW Papua&Papua Barat,2025-05,1082
PT PLN (PERSERO) UNIT INDUK WILAYAH PAPUA DAN PAPUA BARAT,UIW Papua&Papua Barat,2025-06,1076
PT PLN (PERSERO) UNIT INDUK WILAYAH PAPUA DAN PAPUA BARAT,UIW Papua&Papua Barat,2025-07,1075
PT PLN (PERSERO) UNIT INDUK WILAYAH PAPUA DAN PAPUA BARAT,UIW Papua&Papua Barat,2025-08,1072
PT PLN (PERSERO) UNIT INDUK WILAYAH PAPUA DAN PAPUA BARAT,UIW Papua&Papua Barat,2025-11,1051
PT PLN (PERSERO) UNIT INDUK WILAYAH PAPUA DAN PAPUA BARAT,UIW Papua&Papua Barat,2025-12,1048
PT PLN (PERSERO) UNIT INDUK WILAYAH PAPUA DAN PAPUA BARAT,UIW Papua&Papua Barat,2026-01,1047
PT PLN (PERSERO) UNIT INDUK WILAYAH PAPUA DAN PAPUA BARAT,UIW Papua&Papua Barat,2026-02,1044
PT PLN (PERSERO) UNIT INDUK WILAYAH PAPUA DAN PAPUA BARAT,UIW Papua&Papua Barat,2026-03,1038
