kode_unit_pelaksana,unit_induk,nama_pendek,nama_lengkap,jenis_unit,jumlah_pegawai
1001,PT PLN (PERSERO) KANTOR PUSAT,Kantor Pusat,Kantor Pusat,KANTOR INDUK,3896
8501,PT PLN (PERSERO) PUSAT MANAJEMEN PROYEK,PUSMANPRO,UNIT PELAKSANA MANAJEMEN KONSTRUKSI II,UPMK,367
8401,PT PLN (PERSERO) PUSAT PEMELIHARAAN KETENAGALISTRIKAN,PUSHARLIS,PUSHARLIS,KANTOR INDUK,71
8411,PT PLN (PERSERO) PUSAT PEMELIHARAAN KETENAGALISTRIKAN,UP2W I,UNIT PELAKSANA PRODUKSI DAN WORKSHOP I,UP2W,20
8412,PT PLN (PERSERO) PUSAT PEMELIHARAAN KETENAGALISTRIKAN,UP2W II,UNIT PELAKSANA PRODUKSI DAN WORKSHOP II,UP2W,24
8413,PT PLN (PERSERO) PUSAT PEMELIHARAAN KETENAGALISTRIKAN,UP2W III,UNIT PELAKSANA PRODUKSI DAN WORKSHOP III,UP2W,31
8414,PT PLN (PERSERO) PUSAT PEMELIHARAAN KETENAGALISTRIKAN,UP2W IV,UNIT PELAKSANA PRODUKSI DAN WORKSHOP IV,UP2W,30
8415,PT PLN (PERSERO) PUSAT PEMELIHARAAN KETENAGALISTRIKAN,UP2W V,UNIT PELAKSANA PRODUKSI DAN WORKSHOP V,UP2W,28
8416,PT PLN (PERSERO) PUSAT PEMELIHARAAN KETENAGALISTRIKAN,UP2W VI,UNIT PELAKSANA PRODUKSI DAN WORKSHOP VI,UP2W,28
8201,PT PLN (PERSERO) PUSAT PENDIDIKAN DAN PELATIHAN (CORPORATE UNIVERSITY),PUSDIKLAT,PUSDIKLAT,KANTOR INDUK,145
8221,PT PLN (PERSERO) PUSAT PENDIDIKAN DAN PELATIHAN (CORPORATE UNIVERSITY),UPAC,UNIT PELAKSANA ASSESSMENT CENTER,UPAC,23
8219,PT PLN (PERSERO) PUSAT PENDIDIKAN DAN PELATIHAN (CORPORATE UNIVERSITY),UPDL Banjarbaru,UNIT PELAKSANA PENDIDIKAN DAN PELATIHAN BANJARBARU,UPDL,16
8211,PT PLN (PERSERO) PUSAT PENDIDIKAN DAN PELATIHAN (CORPORATE UNIVERSITY),UPDL Bogor,UNIT PELAKSANA PENDIDIKAN DAN PELATIHAN BOGOR,UPDL,17
8212,PT PLN (PERSERO) PUSAT PENDIDIKAN DAN PELATIHAN (CORPORATE UNIVERSITY),UPDL Jakarta,UNIT PELAKSANA PENDIDIKAN DAN PELATIHAN JAKARTA,UPDL,18
8216,PT PLN (PERSERO) PUSAT PENDIDIKAN DAN PELATIHAN (CORPORATE UNIVERSITY),UPDL Makassar,UNIT PELAKSANA PENDIDIKAN DAN PELATIHAN MAKASSAR,UPDL,18
8218,PT PLN (PERSERO) PUSAT PENDIDIKAN DAN PELATIHAN (CORPORATE UNIVERSITY),UPDL Padang,UNIT PELAKSANA PENDIDIKAN DAN PELATIHAN PADANG,UPDL,18
8220,PT PLN (PERSERO) PUSAT PENDIDIKAN DAN PELATIHAN (CORPORATE UNIVERSITY),UPDL Palembang,UNIT PELAKSANA PENDIDIKAN DAN PELATIHAN PALEMBANG,UPDL,23
8214,PT PLN (PERSERO) PUSAT PENDIDIKAN DAN PELATIHAN (CORPORATE UNIVERSITY),UPDL Pandaan,UNIT PELAKSANA PENDIDIKAN DAN PELATIHAN PANDAAN,UPDL,27
8213,PT PLN (PERSERO) PUSAT PENDIDIKAN DAN PELATIHAN (CORPORATE UNIVERSITY),UPDL Semarang,UNIT PELAKSANA PENDIDIKAN DAN PELATIHAN SEMARANG,UPDL,29
8224,PT PLN (PERSERO) PUSAT PENDIDIKAN DAN PELATIHAN (CORPORATE UNIVERSITY),UPDL Surabaya,UNIT PELAKSANA PENDIDIKAN DAN PELATIHAN SURABAYA,UPDL,27
8217,PT PLN (PERSERO) PUSAT PENDIDIKAN DAN PELATIHAN (CORPORATE UNIVERSITY),UPDL Suralaya,UNIT PELAKSANA PENDIDIKAN DAN PELATIHAN SURALAYA,UPDL,16
8215,PT PLN (PERSERO) PUSAT PENDIDIKAN DAN PELATIHAN (CORPORATE UNIVERSITY),UPDL Tuntungan,UNIT PELAKSANA PENDIDIKAN DAN PELATIHAN TUNTUNGAN,UPDL,21
8223,PT PLN (PERSERO) PUSAT PENDIDIKAN DAN PELATIHAN (CORPORATE UNIVERSITY),UPMLEB,UNIT PELAKSANA MUSEUM LISTRIK ENERGI BARU,UPMLEB,4
8222,PT PLN (PERSERO) PUSAT PENDIDIKAN DAN PELATIHAN (CORPORATE UNIVERSITY),UPS,UNIT PELAKSANA SERTIFIKASI,UPS,31
8101,PT PLN (PERSERO) PUSAT PENELITIAN DAN PENGEMBANGAN KETENAGALISTRIKAN,PUSLITBANG,PUSLITBANG,KANTOR INDUK,98
8601,PT PLN (PERSERO) PUSAT SERTIFIKASI,PUSERTIF,PUSERTIF,KANTOR INDUK,260
6101,PT PLN (PERSERO) UNIT INDUK DISTRIBUSI ACEH,UID Aceh,UNIT PELAKSANA PROYEK KETENAGALISTRIKAN PROVINSI ACEH,UPP,144
6156,PT PLN (PERSERO) UNIT INDUK DISTRIBUSI ACEH,UP2D Aceh,UNIT PELAKSANA PENGATUR DISTRIBUSI ACEH,UP2D,42
6112,PT PLN (PERSERO) UNIT INDUK DISTRIBUSI ACEH,UP3 Banda Aceh,UNIT PELAKSANA PELAYANAN PELANGGAN BANDA ACEH,UP3,124
6111,PT PLN (PERSERO) UNIT INDUK DISTRIBUSI ACEH,UP3 Langsa,UNIT PELAKSANA PELAYANAN PELANGGAN LANGSA,UP3,110
6113,PT PLN (PERSERO) UNIT INDUK DISTRIBUSI ACEH,UP3 Lhokseumawe,UNIT PELAKSANA PELAYANAN PELANGGAN LHOKSEUMAWE,UP3,143
6114,PT PLN (PERSERO) UNIT INDUK DISTRIBUSI ACEH,UP3 Meulaboh,UNIT PELAKSANA PELAYANAN PELANGGAN MEULABOH,UP3,83
6116,PT PLN (PERSERO) UNIT INDUK DISTRIBUSI ACEH,UP3 Sigli,UNIT PELAKSANA PELAYANAN PELANGGAN SIGLI,UP3,64
6115,PT PLN (PERSERO) UNIT INDUK DISTRIBUSI ACEH,UP3 Subulussalam,UNIT PELAKSANA PELAYANAN PELANGGAN SUBULUSSALAM,UP3,88
5501,PT PLN (PERSERO) UNIT INDUK DISTRIBUSI BALI,UID Bali,UID Bali,KANTOR INDUK,124
5556,PT PLN (PERSERO) UNIT INDUK DISTRIBUSI BALI,UP2D Bali,UNIT PELAKSANA PENGATUR DISTRIBUSI BALI,UP2D,56
5581,PT PLN (PERSERO) UNIT INDUK DISTRIBUSI BALI,UP3 Bali Selatan,UNIT PELAKSANA PELAYANAN PELANGGAN BALI SELATAN,UP3,162
5583,PT PLN (PERSERO) UNIT INDUK DISTRIBUSI BALI,UP3 Bali Timur,UNIT PELAKSANA PELAYANAN PELANGGAN BALI TIMUR,UP3,108
5582,PT PLN (PERSERO) UNIT INDUK DISTRIBUSI BALI,UP3 Bali Utara,UNIT PELAKSANA PELAYANAN PELANGGAN BALI UTARA,UP3,101
5601,PT PLN (PERSERO) UNIT INDUK DISTRIBUSI BANTEN,UID Banten,UID Banten,KANTOR INDUK,142
5656,PT PLN (PERSERO) UNIT INDUK DISTRIBUSI BANTEN,UP2D Banten,UNIT PELAKSANA PENGATUR DISTRIBUSI BANTEN,UP2D,75
5617,PT PLN (PERSERO) UNIT INDUK DISTRIBUSI BANTEN,UP3 Banten Selatan,UNIT PELAKSANA PELAYANAN PELANGGAN BANTEN SELATAN,UP3,107
5616,PT PLN (PERSERO) UNIT INDUK DISTRIBUSI BANTEN,UP3 Banten Utara,UNIT PELAKSANA PELAYANAN PELANGGAN BANTEN UTARA,UP3,131
5612,PT PLN (PERSERO) UNIT INDUK DISTRIBUSI BANTEN,UP3 Cikokol,UNIT PELAKSANA PELAYANAN PELANGGAN CIKOKOL,UP3,72
5613,PT PLN (PERSERO) UNIT INDUK DISTRIBUSI BANTEN,UP3 Cikupa,UNIT PELAKSANA PELAYANAN PELANGGAN CIKUPA,UP3,80
5611,PT PLN (PERSERO) UNIT INDUK DISTRIBUSI BANTEN,UP3 Serpong,UNIT PELAKSANA PELAYANAN PELANGGAN SERPONG,UP3,91
5614,PT PLN (PERSERO) UNIT INDUK DISTRIBUSI BANTEN,UP3 Teluk Naga,UNIT PELAKSANA PELAYANAN PELANGGAN TELUK NAGA,UP3,79
5401,PT PLN (PERSERO) UNIT INDUK DISTRIBUSI JAKARTA RAYA,UID Jakarta Raya,UID Jakarta Raya,KANTOR INDUK,204
5456,PT PLN (PERSERO) UNIT INDUK DISTRIBUSI JAKARTA RAYA,UP2D Jakarta,UNIT PELAKSANA PENGATUR DISTRIBUSI JAKARTA,UP2D,129
5487,PT PLN (PERSERO) UNIT INDUK DISTRIBUSI JAKARTA RAYA,UP3 Bandengan,UNIT PELAKSANA PELAYANAN PELANGGAN BANDENGAN,UP3,75
5486,PT PLN (PERSERO) UNIT INDUK DISTRIBUSI JAKARTA RAYA,UP3 Bintaro,UNIT PELAKSANA PELAYANAN PELANGGAN BINTARO,UP3,64
5483,PT PLN (PERSERO) UNIT INDUK DISTRIBUSI JAKARTA RAYA,UP3 Bulungan,UNIT PELAKSANA PELAYANAN PELANGGAN BULUNGAN,UP3,70
5489,PT PLN (PERSERO) UNIT INDUK DISTRIBUSI JAKARTA RAYA,UP3 Cempaka Putih,UNIT PELAKSANA PELAYANAN PELANGGAN CEMPAKA PUTIH,UP3,62
5493,PT PLN (PERSERO) UNIT INDUK DISTRIBUSI JAKARTA RAYA,UP3 Cengkareng,UNIT PELAKSANA PELAYANAN PELANGGAN CENGKARENG,UP3,76
5485,PT PLN (PERSERO) UNIT INDUK DISTRIBUSI JAKARTA RAYA,UP3 Ciputat,UNIT PELAKSANA PELAYANAN PELANGGAN CIPUTAT,UP3,57
5482,PT PLN (PERSERO) UNIT INDUK DISTRIBUSI JAKARTA RAYA,UP3 Ciracas,UNIT PELAKSANA PELAYANAN PELANGGAN CIRACAS,UP3,62
5477,PT PLN (PERSERO) UNIT INDUK DISTRIBUSI JAKARTA RAYA,UP3 Jatinegara,UNIT PELAKSANA PELAYANAN PELANGGAN JATINEGARA,UP3,56
5484,PT PLN (PERSERO) UNIT INDUK DISTRIBUSI JAKARTA RAYA,UP3 Kebon Jeruk,UNIT PELAKSANA PELAYANAN PELANGGAN KEBON JERUK,UP3,56
5479,PT PLN (PERSERO) UNIT INDUK DISTRIBUSI JAKARTA RAYA,UP3 Kramat Jati,UNIT PELAKSANA PELAYANAN PELANGGAN KRAMAT JATI,UP3,53
5480,PT PLN (PERSERO) UNIT INDUK DISTRIBUSI JAKARTA RAYA,UP3 Lenteng Agung,UNIT PELAKSANA PELAYANAN PELANGGAN LENTENG AGUNG,UP3,62
5491,PT PLN (PERSERO) UNIT INDUK DISTRIBUSI JAKARTA RAYA,UP3 Marunda,UNIT PELAKSANA PELAYANAN PELANGGAN MARUNDA,UP3,62
5488,PT PLN (PERSERO) UNIT INDUK DISTRIBUSI JAKARTA RAYA,UP3 Menteng,UNIT PELAKSANA PELAYANAN PELANGGAN MENTENG,UP3,80
5481,PT PLN (PERSERO) UNIT INDUK DISTRIBUSI JAKARTA RAYA,UP3 Pondok Gede,UNIT PELAKSANA PELAYANAN PELANGGAN PONDOK GEDE,UP3,57
5478,PT PLN (PERSERO) UNIT INDUK DISTRIBUSI JAKARTA RAYA,UP3 Pondok Kopi,UNIT PELAKSANA PELAYANAN PELANGGAN PONDOK KOPI,UP3,61
5490,PT PLN (PERSERO) UNIT INDUK DISTRIBUSI JAKARTA RAYA,UP3 Tanjung Priok,UNIT PELAKSANA PELAYANAN PELANGGAN TANJUNG PRIOK,UP3,55
5301,PT PLN (PERSERO) UNIT INDUK DISTRIBUSI JAWA BARAT,Kantor UID Jawa Barat,UNIT PELAKSANA PROYEK KETENAGALISTRIKAN PROVINSI JAWA BARAT,UPP,183
5356,PT PLN (PERSERO) UNIT INDUK DISTRIBUSI JAWA BARAT,UP2D Bandung,UNIT PELAKSANA PENGATUR DISTRIBUSI JAWA BARAT,UP2D,87
5320,PT PLN (PERSERO) UNIT INDUK DISTRIBUSI JAWA BARAT,UP3 Bandung,UNIT PELAKSANA PELAYANAN PELANGGAN BANDUNG,UP3,130
5322,PT PLN (PERSERO) UNIT INDUK DISTRIBUSI JAWA BARAT,UP3 Bekasi,UNIT PELAKSANA PELAYANAN PELANGGAN BEKASI,UP3,111
5316,PT PLN (PERSERO) UNIT INDUK DISTRIBUSI JAWA BARAT,UP3 Bogor,UNIT PELAKSANA PELAYANAN PELANGGAN BOGOR,UP3,118
5314,PT PLN (PERSERO) UNIT INDUK DISTRIBUSI JAWA BARAT,UP3 Cianjur,UNIT PELAKSANA PELAYANAN PELANGGAN CIANJUR,UP3,94
5328,PT PLN (PERSERO) UNIT INDUK DISTRIBUSI JAWA BARAT,UP3 Cikarang,UNIT PELAKSANA PELAYANAN PELANGGAN CIKARANG,UP3,89
5319,PT PLN (PERSERO) UNIT INDUK DISTRIBUSI JAWA BARAT,UP3 Cimahi,UNIT PELAKSANA PELAYANAN PELANGGAN CIMAHI,UP3,119
5311,PT PLN (PERSERO) UNIT INDUK DISTRIBUSI JAWA BARAT,UP3 Cirebon,UNIT PELAKSANA PELAYANAN PELANGGAN CIREBON,UP3,107
5323,PT PLN (PERSERO) UNIT INDUK DISTRIBUSI JAWA BARAT,UP3 Depok,UNIT PELAKSANA PELAYANAN PELANGGAN DEPOK,UP3,103
5313,PT PLN (PERSERO) UNIT INDUK DISTRIBUSI JAWA BARAT,UP3 Garut,UNIT PELAKSANA PELAYANAN PELANGGAN GARUT,UP3,92
5327,PT PLN (PERSERO) UNIT INDUK DISTRIBUSI JAWA BARAT,UP3 Gunung Putri,UNIT PELAKSANA PELAYANAN PELANGGAN GUNUNG PUTRI,UP3,82
5329,PT PLN (PERSERO) UNIT INDUK DISTRIBUSI JAWA BARAT,UP3 Indramayu,UNIT PELAKSANA PELAYANAN PELANGGAN INDRAMAYU,UP3,91
5324,PT PLN (PERSERO) UNIT INDUK DISTRIBUSI JAWA BARAT,UP3 Karawang,UNIT PELAKSANA PELAYANAN PELANGGAN KARAWANG,UP3,100
5321,PT PLN (PERSERO) UNIT INDUK DISTRIBUSI JAWA BARAT,UP3 Majalaya,UNIT PELAKSANA PELAYANAN PELANGGAN MAJALAYA,UP3,107
5318,PT PLN (PERSERO) UNIT INDUK DISTRIBUSI JAWA BARAT,UP3 Purwakarta,UNIT PELAKSANA PELAYANAN PELANGGAN PURWAKARTA,UP3,99
5315,PT PLN (PERSERO) UNIT INDUK DISTRIBUSI JAWA BARAT,UP3 Sukabumi,UNIT PELAKSANA PELAYANAN PELANGGAN SUKABUMI,UP3,104
5325,PT PLN (PERSERO) UNIT INDUK DISTRIBUSI JAWA BARAT,UP3 Sumedang,UNIT PELAKSANA PELAYANAN PELANGGAN SUMEDANG,UP3,87
5312,PT PLN (PERSERO) UNIT INDUK DISTRIBUSI JAWA BARAT,UP3 Tasikmalaya,UNIT PELAKSANA PELAYANAN PELANGGAN TASIKMALAYA,UP3,119
5201,PT PLN (PERSERO) UNIT INDUK DISTRIBUSI JAWA TENGAH DAN D.I. YOGYAKARTA,UID Jawa Tengah,UNIT PELAKSANA PROYEK KETENAGALISTRIKAN PROVINSI JAWA TENGAH DAN D.I. YOGYAKARTA,UPP,163
5256,PT PLN (PERSERO) UNIT INDUK DISTRIBUSI JAWA TENGAH DAN D.I. YOGYAKARTA,UP2D Semarang,UNIT PELAKSANA PENGATUR DISTRIBUSI JAWA TENGAH DAN D.I. YOGYAKARTA,UP2D,74
5221,PT PLN (PERSERO) UNIT INDUK DISTRIBUSI JAWA TENGAH DAN D.I. YOGYAKARTA,UP3 Cilacap,UNIT PELAKSANA PELAYANAN PELANGGAN CILACAP,UP3,101
5222,PT PLN (PERSERO) UNIT INDUK DISTRIBUSI JAWA TENGAH DAN D.I. YOGYAKARTA,UP3 Grobogan,UNIT PELAKSANA PELAYANAN PELANGGAN GROBOGAN,UP3,80
5219,PT PLN (PERSERO) UNIT INDUK DISTRIBUSI JAWA TENGAH DAN D.I. YOGYAKARTA,UP3 Klaten,UNIT PELAKSANA PELAYANAN PELANGGAN KLATEN,UP3,97
5211,PT PLN (PERSERO) UNIT INDUK DISTRIBUSI JAWA TENGAH DAN D.I. YOGYAKARTA,UP3 Kudus,UNIT PELAKSANA PELAYANAN PELANGGAN KUDUS,UP3,122
5214,PT PLN (PERSERO) UNIT INDUK DISTRIBUSI JAWA TENGAH DAN D.I. YOGYAKARTA,UP3 Magelang,UNIT PELAKSANA PELAYANAN PELANGGAN MAGELANG,UP3,107
5220,PT PLN (PERSERO) UNIT INDUK DISTRIBUSI JAWA TENGAH DAN D.I. YOGYAKARTA,UP3 Pekalongan,UNIT PELAKSANA PELAYANAN PELANGGAN PEKALONGAN,UP3,85
5215,PT PLN (PERSERO) UNIT INDUK DISTRIBUSI JAWA TENGAH DAN D.I. YOGYAKARTA,UP3 Purwokerto,UNIT PELAKSANA PELAYANAN PELANGGAN PURWOKERTO,UP3,111
5218,PT PLN (PERSERO) UNIT INDUK DISTRIBUSI JAWA TENGAH DAN D.I. YOGYAKARTA,UP3 Salatiga,UNIT PELAKSANA PELAYANAN PELANGGAN SALATIGA,UP3,73
5217,PT PLN (PERSERO) UNIT INDUK DISTRIBUSI JAWA TENGAH DAN D.I. YOGYAKARTA,UP3 Semarang,UNIT PELAKSANA PELAYANAN PELANGGAN SEMARANG,UP3,139
5223,PT PLN (PERSERO) UNIT INDUK DISTRIBUSI JAWA TENGAH DAN D.I. YOGYAKARTA,UP3 Sukoharjo,UNIT PELAKSANA PELAYANAN PELANGGAN SUKOHARJO,UP3,95
5212,PT PLN (PERSERO) UNIT INDUK DISTRIBUSI JAWA TENGAH DAN D.I. YOGYAKARTA,UP3 Surakarta,UNIT PELAKSANA PELAYANAN PELANGGAN SURAKARTA,UP3,117
5216,PT PLN (PERSERO) UNIT INDUK DISTRIBUSI JAWA TENGAH DAN D.I. YOGYAKARTA,UP3 Tegal,UNIT PELAKSANA PELAYANAN PELANGGAN TEGAL,UP3,139
5213,PT PLN (PERSERO) UNIT INDUK DISTRIBUSI JAWA TENGAH DAN D.I. YOGYAKARTA,UP3 Yogyakarta,UNIT PELAKSANA PELAYANAN PELANGGAN YOGYAKARTA,UP3,140
5101,PT PLN (PERSERO) UNIT INDUK DISTRIBUSI JAWA TIMUR,UID Jawa Timur,UNIT PELAKSANA PROYEK KETENAGALISTRIKAN PROVINSI JAWA TIMUR,UPP,181
5156,PT PLN (PERSERO) UNIT INDUK DISTRIBUSI JAWA TIMUR,UP2D - Surabaya,UNIT PELAKSANA PENGATUR DISTRIBUSI JAWA TIMUR,UP2D,83
5113,PT PLN (PERSERO) UNIT INDUK DISTRIBUSI JAWA TIMUR,UP3 Banyuwangi,UNIT PELAKSANA PELAYANAN PELANGGAN BANYUWANGI,UP3,83
5122,PT PLN (PERSERO) UNIT INDUK DISTRIBUSI JAWA TIMUR,UP3 Bojonegoro,UNIT PELAKSANA PELAYANAN PELANGGAN BOJONEGORO,UP3,113
5124,PT PLN (PERSERO) UNIT INDUK DISTRIBUSI JAWA TIMUR,UP3 Gresik,UNIT PELAKSANA PELAYANAN PELANGGAN GRESIK,UP3,81
5114,PT PLN (PERSERO) UNIT INDUK DISTRIBUSI JAWA TIMUR,UP3 Jember,UNIT PELAKSANA PELAYANAN PELANGGAN JEMBER,UP3,118
5116,PT PLN (PERSERO) UNIT INDUK DISTRIBUSI JAWA TIMUR,UP3 Kediri,UNIT PELAKSANA PELAYANAN PELANGGAN KEDIRI,UP3,153
5117,PT PLN (PERSERO) UNIT INDUK DISTRIBUSI JAWA TIMUR,UP3 Madiun,UNIT PELAKSANA PELAYANAN PELANGGAN MADIUN,UP3,102
5119,PT PLN (PERSERO) UNIT INDUK DISTRIBUSI JAWA TIMUR,UP3 Madura,UNIT PELAKSANA PELAYANAN PELANGGAN MADURA,UP3,119
5115,PT PLN (PERSERO) UNIT INDUK DISTRIBUSI JAWA TIMUR,UP3 Malang,UNIT PELAKSANA PELAYANAN PELANGGAN MALANG,UP3,179
5118,PT PLN (PERSERO) UNIT INDUK DISTRIBUSI JAWA TIMUR,UP3 Mojokerto,UNIT PELAKSANA PELAYANAN PELANGGAN MOJOKERTO,UP3,144
5111,PT PLN (PERSERO) UNIT INDUK DISTRIBUSI JAWA TIMUR,UP3 Pasuruan,UNIT PELAKSANA PELAYANAN PELANGGAN PASURUAN,UP3,142
5125,PT PLN (PERSERO) UNIT INDUK DISTRIBUSI JAWA TIMUR,UP3 Ponorogo,UNIT PELAKSANA PELAYANAN PELANGGAN PONOROGO,UP3,74
5123,PT PLN (PERSERO) UNIT INDUK DISTRIBUSI JAWA TIMUR,UP3 Sidoarjo,UNIT PELAKSANA PELAYANAN PELANGGAN SIDOARJO,UP3,90
5112,PT PLN (PERSERO) UNIT INDUK DISTRIBUSI JAWA TIMUR,UP3 Situbondo,UNIT PELAKSANA PELAYANAN PELANGGAN SITUBONDO,UP3,71
5127,PT PLN (PERSERO) UNIT INDUK DISTRIBUSI JAWA TIMUR,UP3 Surabaya Barat,UNIT PELAKSANA PELAYANAN PELANGGAN SURABAYA BARAT,UP3,83
5121,PT PLN (PERSERO) UNIT INDUK DISTRIBUSI JAWA TIMUR,UP3 Surabaya Selatan,UNIT PELAKSANA PELAYANAN PELANGGAN SURABAYA SELATAN,UP3,118
5120,PT PLN (PERSERO) UNIT INDUK DISTRIBUSI JAWA TIMUR,UP3 Surabaya Utara,UNIT PELAKSANA PELAYANAN PELANGGAN SURABAYA UTARA,UP3,120
6801,PT PLN (PERSERO) UNIT INDUK DISTRIBUSI KALIMANTAN BARAT,UID Kalbar,UNIT PELAKSANA PROYEK KETENAGALISTRIKAN KAPUAS RAYA,UPP,132
6856,PT PLN (PERSERO) UNIT INDUK DISTRIBUSI KALIMANTAN BARAT,UP2D Kalbar,UNIT PELAKSANA PENGATUR DISTRIBUSI KALIMANTAN BARAT,UP2D,46
6814,PT PLN (PERSERO) UNIT INDUK DISTRIBUSI KALIMANTAN BARAT,UP3 Ketapang,UNIT PELAKSANA PELAYANAN PELANGGAN KETAPANG,UP3,82
6815,PT PLN (PERSERO) UNIT INDUK DISTRIBUSI KALIMANTAN BARAT,UP3 Mempawah,UNIT PELAKSANA PELAYANAN PELANGGAN MEMPAWAH,UP3,82
6812,PT PLN (PERSERO) UNIT INDUK DISTRIBUSI KALIMANTAN BARAT,UP3 Pontianak,UNIT PELAKSANA PELAYANAN PELANGGAN PONTIANAK,UP3,112
6813,PT PLN (PERSERO) UNIT INDUK DISTRIBUSI KALIMANTAN BARAT,UP3 Sanggau,UNIT PELAKSANA PELAYANAN PELANGGAN SANGGAU,UP3,107
6811,PT PLN (PERSERO) UNIT INDUK DISTRIBUSI KALIMANTAN BARAT,UP3 Singkawang,UNIT PELAKSANA PELAYANAN PELANGGAN SINGKAWANG,UP3,103
7101,PT PLN (PERSERO) UNIT INDUK DISTRIBUSI KALIMANTAN SELATAN DAN KALIMANTAN TENGAH,UID Kalselteng,UNIT PELAKSANA PROYEK KETENAGALISTRIKAN PROVINSI KALIMANTAN TENGAH,UPP,143
7156,PT PLN (PERSERO) UNIT INDUK DISTRIBUSI KALIMANTAN SELATAN DAN KALIMANTAN TENGAH,UP2D Kalselteng,UNIT PELAKSANA PENGATUR DISTRIBUSI KALIMANTAN SELATAN DAN KALIMANTAN TENGAH,UP2D,57
7111,PT PLN (PERSERO) UNIT INDUK DISTRIBUSI KALIMANTAN SELATAN DAN KALIMANTAN TENGAH,UP3 Banjarmasin,UNIT PELAKSANA PELAYANAN PELANGGAN BANJARMASIN,UP3,135
7113,PT PLN (PERSERO) UNIT INDUK DISTRIBUSI KALIMANTAN SELATAN DAN KALIMANTAN TENGAH,UP3 Barabai,UNIT PELAKSANA PELAYANAN PELANGGAN BARABAI,UP3,107
7114,PT PLN (PERSERO) UNIT INDUK DISTRIBUSI KALIMANTAN SELATAN DAN KALIMANTAN TENGAH,UP3 Kuala Kapuas,UNIT PELAKSANA PELAYANAN PELANGGAN KUALA KAPUAS,UP3,91
7112,PT PLN (PERSERO) UNIT INDUK DISTRIBUSI KALIMANTAN SELATAN DAN KALIMANTAN TENGAH,UP3 Palangkaraya,UNIT PELAKSANA PELAYANAN PELANGGAN PALANGKARAYA,UP3,83
7116,PT PLN (PERSERO) UNIT INDUK DISTRIBUSI KALIMANTAN SELATAN DAN KALIMANTAN TENGAH,UP3 Pangkalan Bun,UNIT PELAKSANA PELAYANAN PELANGGAN PANGKALAN BUN,UP3,95
7115,PT PLN (PERSERO) UNIT INDUK DISTRIBUSI KALIMANTAN SELATAN DAN KALIMANTAN TENGAH,UP3 Tanah Bumbu,UNIT PELAKSANA PELAYANAN PELANGGAN TANAH BUMBU,UP3,68
7201,PT PLN (PERSERO) UNIT INDUK DISTRIBUSI KALIMANTAN TIMUR DAN KALIMANTAN UTARA,UID Kaltimra,UNIT PELAKSANA PROYEK KETENAGALISTRIKAN PROVINSI KALIMANTAN TIMUR,UPP,127
7256,PT PLN (PERSERO) UNIT INDUK DISTRIBUSI KALIMANTAN TIMUR DAN KALIMANTAN UTARA,UP2D Kaltimra,UNIT PELAKSANA PENGATUR DISTRIBUSI KALIMANTAN TIMUR DAN KALIMANTAN UTARA,UP2D,52
7211,PT PLN (PERSERO) UNIT INDUK DISTRIBUSI KALIMANTAN TIMUR DAN KALIMANTAN UTARA,UP3 Balikpapan,UNIT PELAKSANA PELAYANAN PELANGGAN BALIKPAPAN,UP3,128
7213,PT PLN (PERSERO) UNIT INDUK DISTRIBUSI KALIMANTAN TIMUR DAN KALIMANTAN UTARA,UP3 Berau,UNIT PELAKSANA PELAYANAN PELANGGAN BERAU,UP3,70
7214,PT PLN (PERSERO) UNIT INDUK DISTRIBUSI KALIMANTAN TIMUR DAN KALIMANTAN UTARA,UP3 Bontang,UNIT PELAKSANA PELAYANAN PELANGGAN BONTANG,UP3,72
7215,PT PLN (PERSERO) UNIT INDUK DISTRIBUSI KALIMANTAN TIMUR DAN KALIMANTAN UTARA,UP3 Kalimantan Utara,UNIT PELAKSANA PELAYANAN PELANGGAN KALIMANTAN UTARA,UP3,71
7216,PT PLN (PERSERO) UNIT INDUK DISTRIBUSI KALIMANTAN TIMUR DAN KALIMANTAN UTARA,UP3 Nusantara,UNIT PELAKSANA PELAYANAN PELANGGAN NUSANTARA,UP3,28
7212,PT PLN (PERSERO) UNIT INDUK DISTRIBUSI KALIMANTAN TIMUR DAN KALIMANTAN UTARA,UP3 Samarinda,UNIT PELAKSANA PELAYANAN PELANGGAN SAMARINDA,UP3,143
6701,PT PLN (PERSERO) UNIT INDUK DISTRIBUSI LAMPUNG,UID Lampung,UNIT PELAKSANA PROYEK KETENAGALISTRIKAN PROVINSI LAMPUNG,UPP,109
6756,PT PLN (PERSERO) UNIT INDUK DISTRIBUSI LAMPUNG,UP2D Lampung,UNIT PELAKSANA PENGATUR DISTRIBUSI LAMPUNG,UP2D,41
6712,PT PLN (PERSERO) UNIT INDUK DISTRIBUSI LAMPUNG,UP3 Kota Bumi,UNIT PELAKSANA PELAYANAN PELANGGAN KOTA BUMI,UP3,94
6713,PT PLN (PERSERO) UNIT INDUK DISTRIBUSI LAMPUNG,UP3 Metro,UNIT PELAKSANA PELAYANAN PELANGGAN METRO,UP3,91
6714,PT PLN (PERSERO) UNIT INDUK DISTRIBUSI LAMPUNG,UP3 Pringsewu,UNIT PELAKSANA PELAYANAN PELANGGAN PRINGSEWU,UP3,92
6711,PT PLN (PERSERO) UNIT INDUK DISTRIBUSI LAMPUNG,UP3 Tanjung Karang,UNIT PELAKSANA PELAYANAN PELANGGAN TANJUNG KARANG,UP3,121
6401,PT PLN (PERSERO) UNIT INDUK DISTRIBUSI RIAU DAN KEPULAUAN RIAU,UID Riau & Kepri,UNIT PELAKSANA PROYEK KETENAGALISTRIKAN PROVINSI RIAU,UPP,146
6456,PT PLN (PERSERO) UNIT INDUK DISTRIBUSI RIAU DAN KEPULAUAN RIAU,UP2D Riau,UNIT PELAKSANA PENGATUR DISTRIBUSI RIAU,UP2D,50
6415,PT PLN (PERSERO) UNIT INDUK DISTRIBUSI RIAU DAN KEPULAUAN RIAU,UP3 Bangkinang,UNIT PELAKSANA PELAYANAN PELANGGAN BANGKINANG,UP3,86
6412,PT PLN (PERSERO) UNIT INDUK DISTRIBUSI RIAU DAN KEPULAUAN RIAU,UP3 Dumai,UNIT PELAKSANA PELAYANAN PELANGGAN DUMAI,UP3,128
6411,PT PLN (PERSERO) UNIT INDUK DISTRIBUSI RIAU DAN KEPULAUAN RIAU,UP3 Pekanbaru,UNIT PELAKSANA PELAYANAN PELANGGAN PEKANBARU,UP3,146
6414,PT PLN (PERSERO) UNIT INDUK DISTRIBUSI RIAU DAN KEPULAUAN RIAU,UP3 Rengat,UNIT PELAKSANA PELAYANAN PELANGGAN RENGAT,UP3,86
6413,PT PLN (PERSERO) UNIT INDUK DISTRIBUSI RIAU DAN KEPULAUAN RIAU,UP3 Tanjung Pinang,UNIT PELAKSANA PELAYANAN PELANGGAN TANJUNG PINANG,UP3,140
7401,"PT PLN (PERSERO) UNIT INDUK DISTRIBUSI SULAWESI SELATAN, SULAWESI TENGGARA, DAN SULAWESI BARAT",UID Sulselrabar,UNIT PELAKSANA PROYEK KETENAGALISTRIKAN PROVINSI SULAWESI BARAT,UPP,179
7424,"PT PLN (PERSERO) UNIT INDUK DISTRIBUSI SULAWESI SELATAN, SULAWESI TENGGARA, DAN SULAWESI BARAT",UP2D Sulselrabar,"UNIT PELAKSANA PENGATUR DISTRIBUSI SULAWESI SELATAN, SULAWESI TENGGARA, DAN SULAWESI BARAT",UP2D,73
7418,"PT PLN (PERSERO) UNIT INDUK DISTRIBUSI SULAWESI SELATAN, SULAWESI TENGGARA, DAN SULAWESI BARAT",UP3 Baubau,UNIT PELAKSANA PELAYANAN PELANGGAN BAUBAU,UP3,90
7417,"PT PLN (PERSERO) UNIT INDUK DISTRIBUSI SULAWESI SELATAN, SULAWESI TENGGARA, DAN SULAWESI BARAT",UP3 Bulukumba,UNIT PELAKSANA PELAYANAN PELANGGAN BULUKUMBA,UP3,109
7414,"PT PLN (PERSERO) UNIT INDUK DISTRIBUSI SULAWESI SELATAN, SULAWESI TENGGARA, DAN SULAWESI BARAT",UP3 Kendari,UNIT PELAKSANA PELAYANAN PELANGGAN KENDARI,UP3,135
7428,"PT PLN (PERSERO) UNIT INDUK DISTRIBUSI SULAWESI SELATAN, SULAWESI TENGGARA, DAN SULAWESI BARAT",UP3 Makassar Selatan,UNIT PELAKSANA PELAYANAN PELANGGAN MAKASSAR SELATAN,UP3,154
7427,"PT PLN (PERSERO) UNIT INDUK DISTRIBUSI SULAWESI SELATAN, SULAWESI TENGGARA, DAN SULAWESI BARAT",UP3 Makassar Utara,UNIT PELAKSANA PELAYANAN PELANGGAN MAKASSAR UTARA,UP3,122
7419,"PT PLN (PERSERO) UNIT INDUK DISTRIBUSI SULAWESI SELATAN, SULAWESI TENGGARA, DAN SULAWESI BARAT",UP3 Mamuju,UNIT PELAKSANA PELAYANAN PELANGGAN MAMUJU,UP3,102
7416,"PT PLN (PERSERO) UNIT INDUK DISTRIBUSI SULAWESI SELATAN, SULAWESI TENGGARA, DAN SULAWESI BARAT",UP3 Palopo,UNIT PELAKSANA PELAYANAN PELANGGAN PALOPO,UP3,113
7412,"PT PLN (PERSERO) UNIT INDUK DISTRIBUSI SULAWESI SELATAN, SULAWESI TENGGARA, DAN SULAWESI BARAT",UP3 Parepare,UNIT PELAKSANA PELAYANAN PELANGGAN PAREPARE,UP3,116
7415,"PT PLN (PERSERO) UNIT INDUK DISTRIBUSI SULAWESI SELATAN, SULAWESI TENGGARA, DAN SULAWESI BARAT",UP3 Pinrang,UNIT PELAKSANA PELAYANAN PELANGGAN PINRANG,UP3,84
7413,"PT PLN (PERSERO) UNIT INDUK DISTRIBUSI SULAWESI SELATAN, SULAWESI TENGGARA, DAN SULAWESI BARAT",UP3 Watampone,UNIT PELAKSANA PELAYANAN PELANGGAN WATAMPONE,UP3,99
7301,"PT PLN (PERSERO) UNIT INDUK DISTRIBUSI SULAWESI UTARA, SULAWESI TENGAH DAN GORONTALO",UID Suluttenggo,UNIT PELAKSANA PROYEK KETENAGALISTRIKAN PROVINSI SULAWESI UTARA,UPP,157
7356,"PT PLN (PERSERO) UNIT INDUK DISTRIBUSI SULAWESI UTARA, SULAWESI TENGAH DAN GORONTALO",UP2D Sulutenggo,"UNIT PELAKSANA PENGATUR DISTRIBUSI SULAWESI UTARA, SULAWESI TENGAH, DAN GORONTALO",UP2D,64
7313,"PT PLN (PERSERO) UNIT INDUK DISTRIBUSI SULAWESI UTARA, SULAWESI TENGAH DAN GORONTALO",UP3 Gorontalo,UNIT PELAKSANA PELAYANAN PELANGGAN GORONTALO,UP3,98
7314,"PT PLN (PERSERO) UNIT INDUK DISTRIBUSI SULAWESI UTARA, SULAWESI TENGAH DAN GORONTALO",UP3 Kotamobagu,UNIT PELAKSANA PELAYANAN PELANGGAN KOTAMOBAGU,UP3,93
7316,"PT PLN (PERSERO) UNIT INDUK DISTRIBUSI SULAWESI UTARA, SULAWESI TENGAH DAN GORONTALO",UP3 Luwuk,UNIT PELAKSANA PELAYANAN PELANGGAN LUWUK,UP3,79
7311,"PT PLN (PERSERO) UNIT INDUK DISTRIBUSI SULAWESI UTARA, SULAWESI TENGAH DAN GORONTALO",UP3 Manado,UNIT PELAKSANA PELAYANAN PELANGGAN MANADO,UP3,170
7312,"PT PLN (PERSERO) UNIT INDUK DISTRIBUSI SULAWESI UTARA, SULAWESI TENGAH DAN GORONTALO",UP3 Palu,UNIT PELAKSANA PELAYANAN PELANGGAN PALU,UP3,138
7315,"PT PLN (PERSERO) UNIT INDUK DISTRIBUSI SULAWESI UTARA, SULAWESI TENGAH DAN GORONTALO",UP3 Tahuna,UNIT PELAKSANA PELAYANAN PELANGGAN TAHUNA,UP3,112
7317,"PT PLN (PERSERO) UNIT INDUK DISTRIBUSI SULAWESI UTARA, SULAWESI TENGAH DAN GORONTALO",UP3 Tolitoli,UNIT PELAKSANA PELAYANAN PELANGGAN TOLI-TOLI,UP3,77
6301,PT PLN (PERSERO) UNIT INDUK DISTRIBUSI SUMATERA BARAT,UID Sumbar,UID Sumbar,KANTOR INDUK,142
6356,PT PLN (PERSERO) UNIT INDUK DISTRIBUSI SUMATERA BARAT,UP2D Sumbar,UNIT PELAKSANA PENGATUR DISTRIBUSI SUMATERA BARAT,UP2D,38
6311,PT PLN (PERSERO) UNIT INDUK DISTRIBUSI SUMATERA BARAT,UP3 Bukittinggi,UNIT PELAKSANA PELAYANAN PELANGGAN BUKITTINGGI,UP3,143
6312,PT PLN (PERSERO) UNIT INDUK DISTRIBUSI SUMATERA BARAT,UP3 Padang,UNIT PELAKSANA PELAYANAN PELANGGAN PADANG,UP3,217
6314,PT PLN (PERSERO) UNIT INDUK DISTRIBUSI SUMATERA BARAT,UP3 Payakumbuh,UNIT PELAKSANA PELAYANAN PELANGGAN PAYAKUMBUH,UP3,85
6313,PT PLN (PERSERO) UNIT INDUK DISTRIBUSI SUMATERA BARAT,UP3 Solok,UNIT PELAKSANA PELAYANAN PELANGGAN SOLOK,UP3,134
6501,"PT PLN (PERSERO) UNIT INDUK DISTRIBUSI SUMATERA SELATAN, JAMBI, DAN BENGKULU",UID S2JB,UNIT PELAKSANA PROYEK KETENAGALISTRIKAN PROVINSI JAMBI,UPP,189
6556,"PT PLN (PERSERO) UNIT INDUK DISTRIBUSI SUMATERA SELATAN, JAMBI, DAN BENGKULU",UP2D S2JB,"UNIT PELAKSANA PENGATUR DISTRIBUSI SUMATERA SELATAN, JAMBI, DAN BENGKULU",UP2D,50
6512,"PT PLN (PERSERO) UNIT INDUK DISTRIBUSI SUMATERA SELATAN, JAMBI, DAN BENGKULU",UP3 Bengkulu,UNIT PELAKSANA PELAYANAN PELANGGAN BENGKULU,UP3,116
6513,"PT PLN (PERSERO) UNIT INDUK DISTRIBUSI SUMATERA SELATAN, JAMBI, DAN BENGKULU",UP3 Jambi,UNIT PELAKSANA PELAYANAN PELANGGAN JAMBI,UP3,100
6511,"PT PLN (PERSERO) UNIT INDUK DISTRIBUSI SUMATERA SELATAN, JAMBI, DAN BENGKULU",UP3 Lahat,UNIT PELAKSANA PELAYANAN PELANGGAN LAHAT,UP3,101
6517,"PT PLN (PERSERO) UNIT INDUK DISTRIBUSI SUMATERA SELATAN, JAMBI, DAN BENGKULU",UP3 Lubuk Linggau,UNIT PELAKSANA PELAYANAN PELANGGAN LUBUK LINGGAU,UP3,71
6515,"PT PLN (PERSERO) UNIT INDUK DISTRIBUSI SUMATERA SELATAN, JAMBI, DAN BENGKULU",UP3 Muara Bungo,UNIT PELAKSANA PELAYANAN PELANGGAN MUARA BUNGO,UP3,87
6516,"PT PLN (PERSERO) UNIT INDUK DISTRIBUSI SUMATERA SELATAN, JAMBI, DAN BENGKULU",UP3 Ogan Ilir,UNIT PELAKSANA PELAYANAN PELANGGAN OGAN ILIR,UP3,94
6514,"PT PLN (PERSERO) UNIT INDUK DISTRIBUSI SUMATERA SELATAN, JAMBI, DAN BENGKULU",UP3 Palembang,UNIT PELAKSANA PELAYANAN PELANGGAN PALEMBANG,UP3,161
6201,PT PLN (PERSERO) UNIT INDUK DISTRIBUSI SUMATERA UTARA,UID Sumut,UNIT PELAKSANA PROYEK KETENAGALISTRIKAN PROVINSI SUMATERA UTARA,UPP,182
6256,PT PLN (PERSERO) UNIT INDUK DISTRIBUSI SUMATERA UTARA,UP2D Sumut,UNIT PELAKSANA PENGATUR DISTRIBUSI SUMATERA UTARA,UP2D,46
6213,PT PLN (PERSERO) UNIT INDUK DISTRIBUSI SUMATERA UTARA,UP3 Binjai,UNIT PELAKSANA PELAYANAN PELANGGAN BINJAI,UP3,133
6220,PT PLN (PERSERO) UNIT INDUK DISTRIBUSI SUMATERA UTARA,UP3 Bukit Barisan,UNIT PELAKSANA PELAYANAN PELANGGAN BUKIT BARISAN,UP3,90
6217,PT PLN (PERSERO) UNIT INDUK DISTRIBUSI SUMATERA UTARA,UP3 Lubuk Pakam,UNIT PELAKSANA PELAYANAN PELANGGAN LUBUK PAKAM,UP3,117
6214,PT PLN (PERSERO) UNIT INDUK DISTRIBUSI SUMATERA UTARA,UP3 Medan,UNIT PELAKSANA PELAYANAN PELANGGAN MEDAN,UP3,131
6219,PT PLN (PERSERO) UNIT INDUK DISTRIBUSI SUMATERA UTARA,UP3 Medan Utara,UNIT PELAKSANA PELAYANAN PELANGGAN MEDAN UTARA,UP3,118
6218,PT PLN (PERSERO) UNIT INDUK DISTRIBUSI SUMATERA UTARA,UP3 Nias,UNIT PELAKSANA PELAYANAN PELANGGAN NIAS,UP3,47
6215,PT PLN (PERSERO) UNIT INDUK DISTRIBUSI SUMATERA UTARA,UP3 Padangsidimpuan,UNIT PELAKSANA PELAYANAN PELANGGAN PADANG SIDIMPUAN,UP3,76
6211,PT PLN (PERSERO) UNIT INDUK DISTRIBUSI SUMATERA UTARA,UP3 Pematang Siantar,UNIT PELAKSANA PELAYANAN PELANGGAN PEMATANG SIANTAR,UP3,139
6216,PT PLN (PERSERO) UNIT INDUK DISTRIBUSI SUMATERA UTARA,UP3 Rantau Prapat,UNIT PELAKSANA PELAYANAN PELANGGAN RANTAU PRAPAT,UP3,107
6212,PT PLN (PERSERO) UNIT INDUK DISTRIBUSI SUMATERA UTARA,UP3 Sibolga,UNIT PELAKSANA PELAYANAN PELANGGAN SIBOLGA,UP3,87
5213,PT PLN (PERSERO) UNIT INDUK DISTRIBUSI YOGYAKARTA,UP3 Yogyakarta,UNIT PELAKSANA PELAYANAN PELANGGAN SEDAYU,UP3,4
2201,PT PLN (PERSERO) UNIT INDUK PEMBANGKITAN TANJUNG JATI B,UIK TJB,UIK TJB,KANTOR INDUK,75
4E01,PT PLN (PERSERO) UNIT INDUK PEMBANGUNAN JAWA BAGIAN BARAT,UIP JBB,UIP JBB,KANTOR INDUK,154
4E19,PT PLN (PERSERO) UNIT INDUK PEMBANGUNAN JAWA BAGIAN BARAT,UPP Jawa Bagian Barat 1,UNIT PELAKSANA PROYEK JAWA BAGIAN BARAT 1,UPP,25
4E12,PT PLN (PERSERO) UNIT INDUK PEMBANGUNAN JAWA BAGIAN BARAT,UPP Jawa Bagian Barat 2,UNIT PELAKSANA PROYEK JAWA BAGIAN BARAT 2,UPP,26
4E13,PT PLN (PERSERO) UNIT INDUK PEMBANGUNAN JAWA BAGIAN BARAT,UPP Jawa Bagian Barat 3,UNIT PELAKSANA PROYEK JAWA BAGIAN BARAT 3,UPP,27
4E14,PT PLN (PERSERO) UNIT INDUK PEMBANGUNAN JAWA BAGIAN BARAT,UPP Jawa Bagian Barat 4,UNIT PELAKSANA PROYEK JAWA BAGIAN BARAT 4,UPP,23
4P01,PT PLN (PERSERO) UNIT INDUK PEMBANGUNAN JAWA BAGIAN TENGAH,UIP  JBT,UIP  JBT,KANTOR INDUK,137
4P11,PT PLN (PERSERO) UNIT INDUK PEMBANGUNAN JAWA BAGIAN TENGAH,UPP Jawa Bagian Tengah 1,UNIT PELAKSANA PROYEK JAWA BAGIAN TENGAH 1,UPP,31
4P15,PT PLN (PERSERO) UNIT INDUK PEMBANGUNAN JAWA BAGIAN TENGAH,UPP Jawa Bagian Tengah 2,UNIT PELAKSANA PROYEK JAWA BAGIAN TENGAH 2,UPP,36
4P12,PT PLN (PERSERO) UNIT INDUK PEMBANGUNAN JAWA BAGIAN TENGAH,UPP Jawa Bagian Tengah 3,UNIT PELAKSANA PROYEK JAWA BAGIAN TENGAH 3,UPP,33
4P13,PT PLN (PERSERO) UNIT INDUK PEMBANGUNAN JAWA BAGIAN TENGAH,UPP Jawa Bagian Tengah 4,UNIT PELAKSANA PROYEK JAWA BAGIAN TENGAH 4,UPP,32
4G01,PT PLN (PERSERO) UNIT INDUK PEMBANGUNAN JAWA BAGIAN TIMUR DAN BALI,UIP JBTB,UIP JBTB,KANTOR INDUK,111
4G15,PT PLN (PERSERO) UNIT INDUK PEMBANGUNAN JAWA BAGIAN TIMUR DAN BALI,UPP JBTB 1,UNIT PELAKSANA PROYEK JAWA BAGIAN TIMUR DAN BALI 1,UPP,25
4G12,PT PLN (PERSERO) UNIT INDUK PEMBANGUNAN JAWA BAGIAN TIMUR DAN BALI,UPP JBTB 2,UNIT PELAKSANA PROYEK JAWA BAGIAN TIMUR DAN BALI 2,UPP,32
4G13,PT PLN (PERSERO) UNIT INDUK PEMBANGUNAN JAWA BAGIAN TIMUR DAN BALI,UPP JBTB 3,UNIT PELAKSANA PROYEK JAWA BAGIAN TIMUR DAN BALI 3,UPP,23
4G14,PT PLN (PERSERO) UNIT INDUK PEMBANGUNAN JAWA BAGIAN TIMUR DAN BALI,UPP JBTB 4,UNIT PELAKSANA PROYEK JAWA BAGIAN TIMUR DAN BALI 4,UPP,19
4R01,PT PLN (PERSERO) UNIT INDUK PEMBANGUNAN KALIMANTAN BAGIAN BARAT,UIP Kalbagbar,UIP Kalbagbar,KANTOR INDUK,81
4R11,PT PLN (PERSERO) UNIT INDUK PEMBANGUNAN KALIMANTAN BAGIAN BARAT,UPP Kalimantan Bagian Barat 1,UNIT PELAKSANA PROYEK KALIMANTAN BAGIAN BARAT 1,UPP,21
4R14,PT PLN (PERSERO) UNIT INDUK PEMBANGUNAN KALIMANTAN BAGIAN BARAT,UPP Kalimantan Bagian Barat 2,UNIT PELAKSANA PROYEK KALIMANTAN BAGIAN BARAT 2,UPP,20
4R15,PT PLN (PERSERO) UNIT INDUK PEMBANGUNAN KALIMANTAN BAGIAN BARAT,UPP Kalimantan Bagian Barat 3,UNIT PELAKSANA PROYEK KALIMANTAN BAGIAN BARAT 3,UPP,21
4J01,PT PLN (PERSERO) UNIT INDUK PEMBANGUNAN KALIMANTAN BAGIAN TIMUR,UIP Kalbagtim,UIP Kalbagtim,KANTOR INDUK,96
4J13,PT PLN (PERSERO) UNIT INDUK PEMBANGUNAN KALIMANTAN BAGIAN TIMUR,UPP Kalimantan Bagian Timur 1,UNIT PELAKSANA PROYEK KALIMANTAN BAGIAN TIMUR 1,UPP,23
4J16,PT PLN (PERSERO) UNIT INDUK PEMBANGUNAN KALIMANTAN BAGIAN TIMUR,UPP Kalimantan Bagian Timur 2,UNIT PELAKSANA PROYEK KALIMANTAN BAGIAN TIMUR 2,UPP,23
4J17,PT PLN (PERSERO) UNIT INDUK PEMBANGUNAN KALIMANTAN BAGIAN TIMUR,UPP Kalimantan Bagian Timur 3,UNIT PELAKSANA PROYEK KALIMANTAN BAGIAN TIMUR 3,UPP,23
4J18,PT PLN (PERSERO) UNIT INDUK PEMBANGUNAN KALIMANTAN BAGIAN TIMUR,UPP Kalimantan Bagian Timur 4,UNIT PELAKSANA PROYEK KALIMANTAN BAGIAN TIMUR 4,UPP,20
4N01,PT PLN (PERSERO) UNIT INDUK PEMBANGUNAN MALUKU DAN PAPUA,UIP Maluku dan Papua,UIP Maluku dan Papua,KANTOR INDUK,70
4N15,PT PLN (PERSERO) UNIT INDUK PEMBANGUNAN MALUKU DAN PAPUA,UPP Maluku dan Papua 1,UNIT PELAKSANA PROYEK MALUKU DAN PAPUA 1,UPP,27
4N16,PT PLN (PERSERO) UNIT INDUK PEMBANGUNAN MALUKU DAN PAPUA,UPP Maluku dan Papua 2,UNIT PELAKSANA PROYEK MALUKU DAN PAPUA 2,UPP,19
4N11,PT PLN (PERSERO) UNIT INDUK PEMBANGUNAN MALUKU DAN PAPUA,UPP Maluku dan Papua 3,UNIT PELAKSANA PROYEK MALUKU DAN PAPUA 3,UPP,19
4N13,PT PLN (PERSERO) UNIT INDUK PEMBANGUNAN MALUKU DAN PAPUA,UPP Maluku dan Papua 4,UNIT PELAKSANA PROYEK MALUKU DAN PAPUA 4,UPP,16
4K01,PT PLN (PERSERO) UNIT INDUK PEMBANGUNAN NUSA TENGGARA,UIP Nusa Tenggara,UIP Nusa Tenggara,KANTOR INDUK,86
4K12,PT PLN (PERSERO) UNIT INDUK PEMBANGUNAN NUSA TENGGARA,UPP Nusa Tenggara 1,UNIT PELAKSANA PROYEK NUSA TENGGARA 1,UPP,24
4K13,PT PLN (PERSERO) UNIT INDUK PEMBANGUNAN NUSA TENGGARA,UPP Nusa Tenggara 2,UNIT PELAKSANA PROYEK NUSA TENGGARA 2,UPP,18
4K11,PT PLN (PERSERO) UNIT INDUK PEMBANGUNAN NUSA TENGGARA,UPP Nusa Tenggara 3,UNIT PELAKSANA PROYEK NUSA TENGGARA 3,UPP,25
4M01,PT PLN (PERSERO) UNIT INDUK PEMBANGUNAN SULAWESI,UIP Sulawesi,UIP Sulawesi,KANTOR INDUK,127
4M11,PT PLN (PERSERO) UNIT INDUK PEMBANGUNAN SULAWESI,UPP Sulawesi Selatan,UNIT PELAKSANA PROYEK SULAWESI SELATAN,UPP,29
4M15,PT PLN (PERSERO) UNIT INDUK PEMBANGUNAN SULAWESI,UPP Sulawesi Tengah,UNIT PELAKSANA PROYEK SULAWESI TENGAH,UPP,29
4M13,PT PLN (PERSERO) UNIT INDUK PEMBANGUNAN SULAWESI,UPP Sulawesi Tenggara,UNIT PELAKSANA PROYEK SULAWESI TENGGARA,UPP,26
4M14,PT PLN (PERSERO) UNIT INDUK PEMBANGUNAN SULAWESI,UPP Sulawesi Utara,UNIT PELAKSANA PROYEK SULAWESI UTARA,UPP,29
4C01,PT PLN (PERSERO) UNIT INDUK PEMBANGUNAN SUMATERA BAGIAN SELATAN,UIP Sumbagsel,UIP Sumbagsel,KANTOR INDUK,117
4C12,PT PLN (PERSERO) UNIT INDUK PEMBANGUNAN SUMATERA BAGIAN SELATAN,UPP Sumatera Bagian Selatan 1,UNIT PELAKSANA PROYEK SUMATERA BAGIAN SELATAN 1,UPP,34
4C14,PT PLN (PERSERO) UNIT INDUK PEMBANGUNAN SUMATERA BAGIAN SELATAN,UPP Sumatera Bagian Selatan 2,UNIT PELAKSANA PROYEK SUMATERA BAGIAN SELATAN 2,UPP,27
4C11,PT PLN (PERSERO) UNIT INDUK PEMBANGUNAN SUMATERA BAGIAN SELATAN,UPP Sumatera Bagian Selatan 3,UNIT PELAKSANA PROYEK SUMATERA BAGIAN SELATAN 3,UPP,32
4Q01,PT PLN (PERSERO) UNIT INDUK PEMBANGUNAN SUMATERA BAGIAN TENGAH,UIP Sumbagteng,UIP Sumbagteng,KANTOR INDUK,110
4Q11,PT PLN (PERSERO) UNIT INDUK PEMBANGUNAN SUMATERA BAGIAN TENGAH,UPP Sumatera Bagian Tengah 1,UNIT PELAKSANA PROYEK SUMATERA BAGIAN TENGAH 1,UPP,32
4Q12,PT PLN (PERSERO) UNIT INDUK PEMBANGUNAN SUMATERA BAGIAN TENGAH,UPP Sumatera Bagian Tengah 2,UNIT PELAKSANA PROYEK SUMATERA BAGIAN TENGAH 2,UPP,28
4Q13,PT PLN (PERSERO) UNIT INDUK PEMBANGUNAN SUMATERA BAGIAN TENGAH,UPP Sumatera Bagian Tengah 3,UNIT PELAKSANA PROYEK SUMATERA BAGIAN TENGAH 3,UPP,24
4B01,PT PLN (PERSERO) UNIT INDUK PEMBANGUNAN SUMATERA BAGIAN UTARA,UIP Sumbagut,UIP Sumbagut,KANTOR INDUK,141
4B14,PT PLN (PERSERO) UNIT INDUK PEMBANGUNAN SUMATERA BAGIAN UTARA,UPP Sumatera Bagian Utara 1,UNIT PELAKSANA PROYEK SUMATERA BAGIAN UTARA 1,UPP,32
4B16,PT PLN (PERSERO) UNIT INDUK PEMBANGUNAN SUMATERA BAGIAN UTARA,UPP Sumatera Bagian Utara 2,UNIT PELAKSANA PROYEK SUMATERA BAGIAN UTARA 2,UPP,17
4B11,PT PLN (PERSERO) UNIT INDUK PEMBANGUNAN SUMATERA BAGIAN UTARA,UPP Sumatera Bagian Utara 3,UNIT PELAKSANA PROYEK SUMATERA BAGIAN UTARA 3,UPP,28
4B17,PT PLN (PERSERO) UNIT INDUK PEMBANGUNAN SUMATERA BAGIAN UTARA,UPP Sumatera Bagian Utara 4,UNIT PELAKSANA PROYEK SUMATERA BAGIAN UTARA 4,UPP,19
2401,PT PLN (PERSERO) UNIT INDUK PENYALURAN DAN PUSAT PENGATUR BEBAN KALIMANTAN,UIP3B Kalimantan,UIP3B Kalimantan,KANTOR INDUK,112
2426,PT PLN (PERSERO) UNIT INDUK PENYALURAN DAN PUSAT PENGATUR BEBAN KALIMANTAN,UP2B Kalbar,UNIT PELAKSANA PENGATUR BEBAN KALIMANTAN BARAT,UP2B,40
2421,PT PLN (PERSERO) UNIT INDUK PENYALURAN DAN PUSAT PENGATUR BEBAN KALIMANTAN,UP2B Kalselteng,UNIT PELAKSANA PENGATUR BEBAN KALIMANTAN SELATAN DAN KALIMANTAN TENGAH,UP2B,39
2427,PT PLN (PERSERO) UNIT INDUK PENYALURAN DAN PUSAT PENGATUR BEBAN KALIMANTAN,UP2B Kaltimra,UNIT PELAKSANA PENGATUR BEBAN KALIMANTAN TIMUR DAN KALIMANTAN UTARA,UP2B,37
2413,PT PLN (PERSERO) UNIT INDUK PENYALURAN DAN PUSAT PENGATUR BEBAN KALIMANTAN,UPT Balikpapan,UNIT PELAKSANA TRANSMISI BALIKPAPAN,UPT,98
2412,PT PLN (PERSERO) UNIT INDUK PENYALURAN DAN PUSAT PENGATUR BEBAN KALIMANTAN,UPT Banjarbaru,UNIT PELAKSANA TRANSMISI BANJARBARU,UPT,80
2425,PT PLN (PERSERO) UNIT INDUK PENYALURAN DAN PUSAT PENGATUR BEBAN KALIMANTAN,UPT Palangkaraya,UNIT PELAKSANA TRANSMISI PALANGKARAYA,UPT,66
2411,PT PLN (PERSERO) UNIT INDUK PENYALURAN DAN PUSAT PENGATUR BEBAN KALIMANTAN,UPT Pontianak,UNIT PELAKSANA TRANSMISI PONTIANAK,UPT,105
2501,PT PLN (PERSERO) UNIT INDUK PENYALURAN DAN PUSAT PENGATUR BEBAN SULAWESI,UIP3B Sulawesi,UIP3B Sulawesi,KANTOR INDUK,140
2517,PT PLN (PERSERO) UNIT INDUK PENYALURAN DAN PUSAT PENGATUR BEBAN SULAWESI,UP2B Makassar,UNIT PELAKSANA PENGATUR BEBAN SISTEM MAKASSAR,UP2B,86
2521,PT PLN (PERSERO) UNIT INDUK PENYALURAN DAN PUSAT PENGATUR BEBAN SULAWESI,UP2B Sistem Minahasa,UNIT PELAKSANA PENGATUR BEBAN SISTEM MINAHASA,UP2B,59
2523,PT PLN (PERSERO) UNIT INDUK PENYALURAN DAN PUSAT PENGATUR BEBAN SULAWESI,UPT Kendari,UNIT PELAKSANA TRANSMISI KENDARI,UPT,65
2518,PT PLN (PERSERO) UNIT INDUK PENYALURAN DAN PUSAT PENGATUR BEBAN SULAWESI,UPT Makassar,UNIT PELAKSANA TRANSMISI MAKASSAR,UPT,151
2520,PT PLN (PERSERO) UNIT INDUK PENYALURAN DAN PUSAT PENGATUR BEBAN SULAWESI,UPT Manado,UNIT PELAKSANA TRANSMISI MANADO,UPT,109
2519,PT PLN (PERSERO) UNIT INDUK PENYALURAN DAN PUSAT PENGATUR BEBAN SULAWESI,UPT Palu,UNIT PELAKSANA TRANSMISI PALU,UPT,97
3201,PT PLN (PERSERO) UNIT INDUK PENYALURAN DAN PUSAT PENGATUR BEBAN SUMATERA,UIP3B Sumatera,UIP3B Sumatera,KANTOR INDUK,193
3221,PT PLN (PERSERO) UNIT INDUK PENYALURAN DAN PUSAT PENGATUR BEBAN SUMATERA,UP2B Sumatera Bagian Selatan,UNIT PELAKSANA PENGATUR BEBAN SUMATERA BAGIAN SELATAN,UP2B,55
3220,PT PLN (PERSERO) UNIT INDUK PENYALURAN DAN PUSAT PENGATUR BEBAN SUMATERA,UP2B Sumatera Bagian Tengah,UNIT PELAKSANA PENGATUR BEBAN SUMATERA BAGIAN TENGAH,UP2B,46
3219,PT PLN (PERSERO) UNIT INDUK PENYALURAN DAN PUSAT PENGATUR BEBAN SUMATERA,UP2B Sumatera Bagian Utara,UNIT PELAKSANA PENGATUR BEBAN SUMATERA BAGIAN UTARA,UP2B,48
3216,PT PLN (PERSERO) UNIT INDUK PENYALURAN DAN PUSAT PENGATUR BEBAN SUMATERA,UPT Banda Aceh,UNIT PELAKSANA TRANSMISI BANDA ACEH,UPT,121
3224,PT PLN (PERSERO) UNIT INDUK PENYALURAN DAN PUSAT PENGATUR BEBAN SUMATERA,UPT Baturaja,UNIT PELAKSANA TRANSMISI BATURAJA,UPT,107
3218,PT PLN (PERSERO) UNIT INDUK PENYALURAN DAN PUSAT PENGATUR BEBAN SUMATERA,UPT Bengkulu,UNIT PELAKSANA TRANSMISI BENGKULU,UPT,92
3222,PT PLN (PERSERO) UNIT INDUK PENYALURAN DAN PUSAT PENGATUR BEBAN SUMATERA,UPT Jambi,UNIT PELAKSANA TRANSMISI JAMBI,UPT,108
3212,PT PLN (PERSERO) UNIT INDUK PENYALURAN DAN PUSAT PENGATUR BEBAN SUMATERA,UPT Medan,UNIT PELAKSANA TRANSMISI MEDAN,UPT,194
3211,PT PLN (PERSERO) UNIT INDUK PENYALURAN DAN PUSAT PENGATUR BEBAN SUMATERA,UPT Padang,UNIT PELAKSANA TRANSMISI PADANG,UPT,194
3223,PT PLN (PERSERO) UNIT INDUK PENYALURAN DAN PUSAT PENGATUR BEBAN SUMATERA,UPT Padang Sidempuan,UNIT PELAKSANA TRANSMISI PADANG SIDEMPUAN,UPT,100
3214,PT PLN (PERSERO) UNIT INDUK PENYALURAN DAN PUSAT PENGATUR BEBAN SUMATERA,UPT Palembang,UNIT PELAKSANA TRANSMISI PALEMBANG,UPT,159
3217,PT PLN (PERSERO) UNIT INDUK PENYALURAN DAN PUSAT PENGATUR BEBAN SUMATERA,UPT Pekanbaru,UNIT PELAKSANA TRANSMISI PEKANBARU,UPT,182
3213,PT PLN (PERSERO) UNIT INDUK PENYALURAN DAN PUSAT PENGATUR BEBAN SUMATERA,UPT Pematang Siantar,UNIT PELAKSANA TRANSMISI PEMATANG SIANTAR,UPT,113
3215,PT PLN (PERSERO) UNIT INDUK PENYALURAN DAN PUSAT PENGATUR BEBAN SUMATERA,UPT Tanjung Karang,UNIT PELAKSANA TRANSMISI TANJUNG KARANG,UPT,157
3301,"PT PLN (PERSERO) UNIT INDUK PUSAT PENGATUR BEBAN JAWA, MADURA, DAN BALI",UIP2B,UIP2B,KANTOR INDUK,197
3315,"PT PLN (PERSERO) UNIT INDUK PUSAT PENGATUR BEBAN JAWA, MADURA, DAN BALI",UP2B Bali,UNIT PELAKSANA PENGATUR BEBAN BALI,UP2B,47
3311,"PT PLN (PERSERO) UNIT INDUK PUSAT PENGATUR BEBAN JAWA, MADURA, DAN BALI",UP2B DKI Jakarta dan Banten,UNIT PELAKSANA PENGATUR BEBAN DKI JAKARTA DAN BANTEN,UP2B,97
3312,"PT PLN (PERSERO) UNIT INDUK PUSAT PENGATUR BEBAN JAWA, MADURA, DAN BALI",UP2B Jawa Barat,UNIT PELAKSANA PENGATUR BEBAN JAWA BARAT,UP2B,61
3313,"PT PLN (PERSERO) UNIT INDUK PUSAT PENGATUR BEBAN JAWA, MADURA, DAN BALI",UP2B Jawa Tengah dan D.I.Y,UNIT PELAKSANA PENGATUR BEBAN JAWA TENGAH DAN D.I. YOGYAKARTA,UP2B,67
3314,"PT PLN (PERSERO) UNIT INDUK PUSAT PENGATUR BEBAN JAWA, MADURA, DAN BALI",UP2B Jawa Timur,UNIT PELAKSANA PENGATUR BEBAN JAWA TIMUR,UP2B,71
3401,PT PLN (PERSERO) UNIT INDUK TRANSMISI JAWA BAGIAN BARAT,UIT JBB,UIT JBB,KANTOR INDUK,164
3411,PT PLN (PERSERO) UNIT INDUK TRANSMISI JAWA BAGIAN BARAT,UPT Cawang,UNIT PELAKSANA TRANSMISI CAWANG,UPT,159
3415,PT PLN (PERSERO) UNIT INDUK TRANSMISI JAWA BAGIAN BARAT,UPT Cikupa,UNIT PELAKSANA TRANSMISI CIKUPA,UPT,117
3414,PT PLN (PERSERO) UNIT INDUK TRANSMISI JAWA BAGIAN BARAT,UPT Cilegon,UNIT PELAKSANA TRANSMISI CILEGON,UPT,158
3413,PT PLN (PERSERO) UNIT INDUK TRANSMISI JAWA BAGIAN BARAT,UPT Durikosambi,UNIT PELAKSANA TRANSMISI DURI KOSAMBI,UPT,166
3416,PT PLN (PERSERO) UNIT INDUK TRANSMISI JAWA BAGIAN BARAT,UPT Gandul,UNIT PELAKSANA TRANSMISI GANDUL,UPT,127
3412,PT PLN (PERSERO) UNIT INDUK TRANSMISI JAWA BAGIAN BARAT,UPT Pulogadung,UNIT PELAKSANA TRANSMISI PULOGADUNG,UPT,164
3501,PT PLN (PERSERO) UNIT INDUK TRANSMISI JAWA BAGIAN TENGAH,UIT JBT,UIT JBT,KANTOR INDUK,169
3512,PT PLN (PERSERO) UNIT INDUK TRANSMISI JAWA BAGIAN TENGAH,UPT Bandung,UNIT PELAKSANA TRANSMISI BANDUNG,UPT,193
3518,PT PLN (PERSERO) UNIT INDUK TRANSMISI JAWA BAGIAN TENGAH,UPT Bekasi,UNIT PELAKSANA TRANSMISI BEKASI,UPT,151
3511,PT PLN (PERSERO) UNIT INDUK TRANSMISI JAWA BAGIAN TENGAH,UPT Bogor,UNIT PELAKSANA TRANSMISI BOGOR,UPT,155
3513,PT PLN (PERSERO) UNIT INDUK TRANSMISI JAWA BAGIAN TENGAH,UPT Cirebon,UNIT PELAKSANA TRANSMISI CIREBON,UPT,204
3514,PT PLN (PERSERO) UNIT INDUK TRANSMISI JAWA BAGIAN TENGAH,UPT Karawang,UNIT PELAKSANA TRANSMISI KARAWANG,UPT,173
3515,PT PLN (PERSERO) UNIT INDUK TRANSMISI JAWA BAGIAN TENGAH,UPT Purwokerto,UNIT PELAKSANA TRANSMISI PURWOKERTO,UPT,202
3516,PT PLN (PERSERO) UNIT INDUK TRANSMISI JAWA BAGIAN TENGAH,UPT Salatiga,UNIT PELAKSANA TRANSMISI SALATIGA,UPT,205
3517,PT PLN (PERSERO) UNIT INDUK TRANSMISI JAWA BAGIAN TENGAH,UPT Semarang,UNIT PELAKSANA TRANSMISI SEMARANG,UPT,216
3601,PT PLN (PERSERO) UNIT INDUK TRANSMISI JAWA BAGIAN TIMUR DAN BALI,UIT JBTB,UIT JBTB,KANTOR INDUK,170
3615,PT PLN (PERSERO) UNIT INDUK TRANSMISI JAWA BAGIAN TIMUR DAN BALI,UPT Bali,UNIT PELAKSANA TRANSMISI BALI,UPT,128
3616,PT PLN (PERSERO) UNIT INDUK TRANSMISI JAWA BAGIAN TIMUR DAN BALI,UPT Gresik,UNIT PELAKSANA TRANSMISI GRESIK,UPT,135
3613,PT PLN (PERSERO) UNIT INDUK TRANSMISI JAWA BAGIAN TIMUR DAN BALI,UPT Madiun,UNIT PELAKSANA TRANSMISI MADIUN,UPT,195
3612,PT PLN (PERSERO) UNIT INDUK TRANSMISI JAWA BAGIAN TIMUR DAN BALI,UPT Malang,UNIT PELAKSANA TRANSMISI MALANG,UPT,178
3614,PT PLN (PERSERO) UNIT INDUK TRANSMISI JAWA BAGIAN TIMUR DAN BALI,UPT Probolinggo,UNIT PELAKSANA TRANSMISI PROBOLINGGO,UPT,171
3611,PT PLN (PERSERO) UNIT INDUK TRANSMISI JAWA BAGIAN TIMUR DAN BALI,UPT Surabaya,UNIT PELAKSANA TRANSMISI SURABAYA,UPT,151
6601,PT PLN (PERSERO) UNIT INDUK WILAYAH BANGKA BELITUNG,UIW Bangka Belitung,UNIT PELAKSANA PROYEK KETENAGALISTRIKAN PROVINSI BANGKA BELITUNG,UPP,81
6611,PT PLN (PERSERO) UNIT INDUK WILAYAH BANGKA BELITUNG,UP3 Bangka,UNIT PELAKSANA PELAYANAN PELANGGAN BANGKA,UP3,107
6612,PT PLN (PERSERO) UNIT INDUK WILAYAH BANGKA BELITUNG,UP3 Belitung,UNIT PELAKSANA PELAYANAN PELANGGAN BELITUNG,UP3,61
6613,PT PLN (PERSERO) UNIT INDUK WILAYAH BANGKA BELITUNG,UPK Bangka Belitung,UNIT PELAKSANA PEMBANGKITAN BANGKA BELITUNG,UPKIT,100
7501,PT PLN (PERSERO) UNIT INDUK WILAYAH MALUKU DAN MALUKU UTARA,UIW Maluku&Malut,UNIT PELAKSANA PROYEK KETENAGALISTRIKAN PROVINSI MALUKU,UPP,123
7512,PT PLN (PERSERO) UNIT INDUK WILAYAH MALUKU DAN MALUKU UTARA,UP3 Ambon,UNIT PELAKSANA PELAYANAN PELANGGAN AMBON,UP3,132
7515,PT PLN (PERSERO) UNIT INDUK WILAYAH MALUKU DAN MALUKU UTARA,UP3 Masohi,UNIT PELAKSANA PELAYANAN PELANGGAN MASOHI,UP3,103
7517,PT PLN (PERSERO) UNIT INDUK WILAYAH MALUKU DAN MALUKU UTARA,UP3 Saumlaki,UNIT PELAKSANA PELAYANAN PELANGGAN SAUMLAKI,UP3,59
7514,PT PLN (PERSERO) UNIT INDUK WILAYAH MALUKU DAN MALUKU UTARA,UP3 Sofifi,UNIT PELAKSANA PELAYANAN PELANGGAN SOFIFI,UP3,62
7511,PT PLN (PERSERO) UNIT INDUK WILAYAH MALUKU DAN MALUKU UTARA,UP3 Ternate,UNIT PELAKSANA PELAYANAN PELANGGAN TERNATE,UP3,101
7516,PT PLN (PERSERO) UNIT INDUK WILAYAH MALUKU DAN MALUKU UTARA,UP3 Tobelo,UNIT PELAKSANA PELAYANAN PELANGGAN TOBELO,UP3,42
7513,PT PLN (PERSERO) UNIT INDUK WILAYAH MALUKU DAN MALUKU UTARA,UP3 Tual,UNIT PELAKSANA PELAYANAN PELANGGAN TUAL,UP3,60
7541,PT PLN (PERSERO) UNIT INDUK WILAYAH MALUKU DAN MALUKU UTARA,UP3B Maluku,UNIT PELAKSANA PENYALURAN DAN PENGATUR BEBAN MALUKU,UP3B,58
7531,PT PLN (PERSERO) UNIT INDUK WILAYAH MALUKU DAN MALUKU UTARA,UPK Maluku,UNIT PELAKSANA PEMBANGKITAN MALUKU,UPKIT,58
7701,PT PLN (PERSERO) UNIT INDUK WILAYAH NUSA TENGGARA BARAT,UIW NTB,UNIT PELAKSANA PROYEK KETENAGALISTRIKAN PROVINSI NUSA TENGGARA BARAT,UPP,122
7742,PT PLN (PERSERO) UNIT INDUK WILAYAH NUSA TENGGARA BARAT,UP2B NTB,UNIT PELAKSANA PENGATUR BEBAN NUSA TENGGARA BARAT,UP2B,54
7743,PT PLN (PERSERO) UNIT INDUK WILAYAH NUSA TENGGARA BARAT,UP2D NTB,UNIT PELAKSANA PENGATUR DISTRIBUSI NUSA TENGGARA BARAT,UP2D,57
7713,PT PLN (PERSERO) UNIT INDUK WILAYAH NUSA TENGGARA BARAT,UP3 Bima,UNIT PELAKSANA PELAYANAN PELANGGAN BIMA,UP3,84
7711,PT PLN (PERSERO) UNIT INDUK WILAYAH NUSA TENGGARA BARAT,UP3 Mataram,UNIT PELAKSANA PELAYANAN PELANGGAN MATARAM,UP3,95
7714,PT PLN (PERSERO) UNIT INDUK WILAYAH NUSA TENGGARA BARAT,UP3 Selaparang,UNIT PELAKSANA PELAYANAN PELANGGAN SELAPARANG,UP3,64
7712,PT PLN (PERSERO) UNIT INDUK WILAYAH NUSA TENGGARA BARAT,UP3 Sumbawa,UNIT PELAKSANA PELAYANAN PELANGGAN SUMBAWA,UP3,95
7731,PT PLN (PERSERO) UNIT INDUK WILAYAH NUSA TENGGARA BARAT,UPK Lombok,UNIT PELAKSANA PEMBANGKITAN LOMBOK,UPKIT,91
7732,PT PLN (PERSERO) UNIT INDUK WILAYAH NUSA TENGGARA BARAT,UPK Tambora,UNIT PELAKSANA PEMBANGKITAN TAMBORA,UPKIT,89
7741,PT PLN (PERSERO) UNIT INDUK WILAYAH NUSA TENGGARA BARAT,UPT Mataram,UNIT PELAKSANA TRANSMISI MATARAM,UPT,98
7801,PT PLN (PERSERO) UNIT INDUK WILAYAH NUSA TENGGARA TIMUR,UIW NTT,UNIT PELAKSANA PROYEK KETENAGALISTRIKAN KUPANG,UPP,147
7842,PT PLN (PERSERO) UNIT INDUK WILAYAH NUSA TENGGARA TIMUR,UP2B NTT,UNIT PELAKSANA PENGATUR BEBAN NUSA TENGGARA TIMUR,UP2B,57
7812,PT PLN (PERSERO) UNIT INDUK WILAYAH NUSA TENGGARA TIMUR,UP3 Flores Bagian Barat,UNIT PELAKSANA PELAYANAN PELANGGAN FLORES BAGIAN BARAT,UP3,97
7814,PT PLN (PERSERO) UNIT INDUK WILAYAH NUSA TENGGARA TIMUR,UP3 Flores Bagian Timur,UNIT PELAKSANA PELAYANAN PELANGGAN FLORES BAGIAN TIMUR,UP3,85
7811,PT PLN (PERSERO) UNIT INDUK WILAYAH NUSA TENGGARA TIMUR,UP3 Kupang,UNIT PELAKSANA PELAYANAN PELANGGAN KUPANG,UP3,155
7813,PT PLN (PERSERO) UNIT INDUK WILAYAH NUSA TENGGARA TIMUR,UP3 Sumba,UNIT PELAKSANA PELAYANAN PELANGGAN SUMBA,UP3,67
7832,PT PLN (PERSERO) UNIT INDUK WILAYAH NUSA TENGGARA TIMUR,UPK FLORES,UNIT PELAKSANA PEMBANGKITAN FLORES,UPKIT,70
7833,PT PLN (PERSERO) UNIT INDUK WILAYAH NUSA TENGGARA TIMUR,UPK TIMOR,UNIT PELAKSANA PEMBANGKITAN TIMOR,UPKIT,79
7841,PT PLN (PERSERO) UNIT INDUK WILAYAH NUSA TENGGARA TIMUR,UPT Kupang,UNIT PELAKSANA TRANSMISI KUPANG,UPT,100
7601,PT PLN (PERSERO) UNIT INDUK WILAYAH PAPUA DAN PAPUA BARAT,UIW Papua&Papua Brt,UNIT PELAKSANA PROYEK KETENAGALISTRIKAN PROVINSI PAPUA BARAT,UPP,163
7613,PT PLN (PERSERO) UNIT INDUK WILAYAH PAPUA DAN PAPUA BARAT,UP3 Biak,UNIT PELAKSANA PELAYANAN PELANGGAN BIAK,UP3,82
7614,PT PLN (PERSERO) UNIT INDUK WILAYAH PAPUA DAN PAPUA BARAT,UP3 Jayapura,UNIT PELAKSANA PELAYANAN PELANGGAN JAYAPURA,UP3,139
7615,PT PLN (PERSERO) UNIT INDUK WILAYAH PAPUA DAN PAPUA BARAT,UP3 Manokwari,UNIT PELAKSANA PELAYANAN PELANGGAN MANOKWARI,UP3,97
7611,PT PLN (PERSERO) UNIT INDUK WILAYAH PAPUA DAN PAPUA BARAT,UP3 Merauke,UNIT PELAKSANA PELAYANAN PELANGGAN MERAUKE,UP3,83
7618,PT PLN (PERSERO) UNIT INDUK WILAYAH PAPUA DAN PAPUA BARAT,UP3 Nabire,UNIT PELAKSANA PELAYANAN PELANGGAN NABIRE,UP3,56
7612,PT PLN (PERSERO) UNIT INDUK WILAYAH PAPUA DAN PAPUA BARAT,UP3 Sorong,UNIT PELAKSANA PELAYANAN PELANGGAN SORONG,UP3,115
7616,PT PLN (PERSERO) UNIT INDUK WILAYAH PAPUA DAN PAPUA BARAT,UP3 Timika,UNIT PELAKSANA PELAYANAN PELANGGAN TIMIKA,UP3,76
7617,PT PLN (PERSERO) UNIT INDUK WILAYAH PAPUA DAN PAPUA BARAT,UP3 Wamena,UNIT PELAKSANA PELAYANAN PELANGGAN WAMENA,UP3,50
7641,PT PLN (PERSERO) UNIT INDUK WILAYAH PAPUA DAN PAPUA BARAT,UP3B Papua,UNIT PELAKSANA PENYALURAN DAN PENGATUR BEBAN PAPUA,UP3B,73
7631,PT PLN (PERSERO) UNIT INDUK WILAYAH PAPUA DAN PAPUA BARAT,UPK Papua dan Papua Barat,UNIT PELAKSANA PEMBANGKITAN PAPUA DAN PAPUA BARAT,UPKIT,114
