program_id,kode_profesi,angkatan,jenjang,nama_profesi,kota_rekrutmen,tgl_buka,tgl_tutup,min_ipk,program_studi,minimal_ipk,program_title
MjE5MzgxNzU4NTMzOTE2,IP.UM.D3,92,D-III,Proyeksi PT PLN Indonesia Power - Lokasi Penempatan Seluruh Indonesia (Jurusan Teknik),Seluruh Indonesia,01 Oktober 2025,05 Oktober 2025 23:59 WIB,3,"TEKNIK ELEKTRO, TEKNIK MESIN, TEKNIK SIPIL",TEKNIK ELEKTRO minimal 3 TEKNIK MESIN minimal 3 TEKNIK SIPIL minimal 3,REKRUTMEN PLN GROUP TINGKAT S1/D4 DAN D3 TAHUN 2025 (Penempatan : PT PLN Indonesia Power)
MjE5MzgxNzU4NTMzOTE2,IP.UM.S1,92,S1/D-IV,Proyeksi PT PLN Indonesia Power - Lokasi Penempatan Seluruh Indonesia (Jurusan Teknik),Seluruh Indonesia,01 Oktober 2025,05 Oktober 2025 23:59 WIB,3,"DATA SCIENCE, ENERGI BARU TERBARUKAN, KESELAMATAN DAN KESEHATAN KERJA, KONVERSI ENERGI, SAFETY ENGINEERING, TEKNIK ELEKTRO, TEKNIK GEODESI, TEKNIK INDUSTRI, TEKNIK INFORMATIKA, TEKNIK KIMIA, TEKNIK LINGKUNGAN, TEKNIK MATERIAL, TEKNIK MESIN, TEKNIK SIPIL",TEKNIK ELEKTRO minimal 3 TEKNIK MESIN minimal 3 ENERGI BARU TERBARUKAN minimal 3 DATA SCIENCE minimal 3 KESELAMATAN DAN KESEHATAN KERJA minimal 3 KONVERSI ENERGI minimal 3 TEKNIK GEODESI minimal 3 TEKNIK INDUSTRI minimal 3 TEKNIK INFORMATIKA minimal 3 TEKNIK KIMIA minimal 3 TEKNIK LINGKUNGAN minimal 3 TEKNIK SIPIL minimal 3 SAFETY ENGINEERING minimal 3 TEKNIK MATERIAL minimal 3,REKRUTMEN PLN GROUP TINGKAT S1/D4 DAN D3 TAHUN 2025 (Penempatan : PT PLN Indonesia Power)
MjE5MzgxNzU4NTMzOTE2,IP.UM.S1.1,92,S1/D-IV,Proyeksi PT PLN Indonesia Power - Lokasi Penempatan Seluruh Indonesia (Jurusan Non Teknik),Seluruh Indonesia,01 Oktober 2025,05 Oktober 2025 23:59 WIB,3,"ADMINISTRASI, ADMINISTRASI BISNIS, ADMINISTRASI FISKAL, AKUNTANSI, BISNIS, BISNIS ANALIS, HUBUNGAN MASYARAKAT, KESEHATAN MASYARAKAT K3, KOMUNIKASI, MANAJEMEN, MANAJEMEN BISNIS, PSIKOLOGI",ADMINISTRASI minimal 3 AKUNTANSI minimal 3 BISNIS minimal 3 HUBUNGAN MASYARAKAT minimal 3 KOMUNIKASI minimal 3 MANAJEMEN minimal 3 PSIKOLOGI minimal 3 ADMINISTRASI FISKAL minimal 3 BISNIS ANALIS minimal 3 MANAJEMEN BISNIS minimal 3 KESEHATAN MASYARAKAT K3 minimal 3 ADMINISTRASI BISNIS minimal 3,REKRUTMEN PLN GROUP TINGKAT S1/D4 DAN D3 TAHUN 2025 (Penempatan : PT PLN Indonesia Power)
MjE5NDIxNzU4NTM1ODY5,ND.UM.D3,92,D-III,Proyeksi PT PLN Nusa Daya - Lokasi Penempatan Seluruh Indonesia,Seluruh Indonesia,01 Oktober 2025,05 Oktober 2025 23:59 WIB,3,"TEKNIK LISTRIK, TEKNIK MESIN",TEKNIK MESIN minimal 3 TEKNIK LISTRIK minimal 3,REKRUTMEN PLN GROUP TINGKAT S1/D4 DAN D3 TAHUN 2025 (Penempatan : PT PLN Nusa Daya)
MjE5NDIxNzU4NTM1ODY5,ND.UM.S1,92,S1/D-IV,Proyeksi PT PLN Nusa Daya - Lokasi Penempatan Seluruh Indonesia,Seluruh Indonesia,01 Oktober 2025,05 Oktober 2025 23:59 WIB,3,"AKUNTANSI, KOMUNIKASI, MANAJEMEN, MANAJEMEN BISNIS, MANAJEMEN KEUANGAN, PSIKOLOGI, TEKNIK LISTRIK, TEKNIK MESIN",AKUNTANSI minimal 3 KOMUNIKASI minimal 3 MANAJEMEN minimal 3 PSIKOLOGI minimal 3 MANAJEMEN BISNIS minimal 3 MANAJEMEN KEUANGAN minimal 3 TEKNIK LISTRIK minimal 3 TEKNIK MESIN minimal 3,REKRUTMEN PLN GROUP TINGKAT S1/D4 DAN D3 TAHUN 2025 (Penempatan : PT PLN Nusa Daya)
MjE5NjAxNzU5MjUxMTM5,S1.HK,92,S1/D-IV,Proyeksi PLN GROUP - S1 Hukum - Lokasi Penempatan Seluruh Indonesia,Seluruh Indonesia,01 Oktober 2025,05 Oktober 2025 23:59 WIB,3,HUKUM,HUKUM minimal 3,REKRUTMEN JENJANG S2 & S1 BIDANG HUKUM PLN GROUP TAHUN 2025 (Keterangan Penyetaraan Ijazah Dapat Disampaikan Pada Tahap Seleksi Akhir)
MjE5NjAxNzU5MjUxMTM5,S2.HK,92,S2,Proyeksi PLN GROUP - S2 Hukum/Public Policy Diaspora - Lokasi Pengangkatan Jakarta,Seluruh Indonesia,01 Oktober 2025,05 Oktober 2025 23:59 WIB,3,"HUKUM, PUBLIC POLICY",HUKUM minimal 3 PUBLIC POLICY minimal 3,REKRUTMEN JENJANG S2 & S1 BIDANG HUKUM PLN GROUP TAHUN 2025 (Keterangan Penyetaraan Ijazah Dapat Disampaikan Pada Tahap Seleksi Akhir)
MjE5NjAxNzU5MjUxMTM5,S2EX.HK,92,S2,Proyeksi PLN GROUP - S2 Hukum/Non Hukum dengan Latar Belakang S1 Hukum - Lokasi Pengangkatan Jakarta,Seluruh Indonesia,01 Oktober 2025,05 Oktober 2025 23:59 WIB,3.25,"HUKUM, PROGRAM STUDI LAINNYA NON TEKNIK, PROGRAM STUDI LAINNYA TEKNIK",HUKUM minimal 3.25 PROGRAM STUDI LAINNYA NON TEKNIK minimal 3.25 PROGRAM STUDI LAINNYA TEKNIK minimal 3.25,REKRUTMEN JENJANG S2 & S1 BIDANG HUKUM PLN GROUP TAHUN 2025 (Keterangan Penyetaraan Ijazah Dapat Disampaikan Pada Tahap Seleksi Akhir)
MjE5NTIxNzU5MTUwMDMz,NP.UM.D3,92,D-III,Proyeksi PT PLN Nusantara Power - Lokasi Penempatan Seluruh Indonesia,Seluruh Indonesia,01 Oktober 2025,05 Oktober 2025 23:59 WIB,3,AKUNTANSI,AKUNTANSI minimal 3,REKRUTMEN PLN GROUP TINGKAT S1/D4 DAN D3 TAHUN 2025 (Penempatan : PT PLN Nusantara Power)
MjE5NTIxNzU5MTUwMDMz,NP.UM.S1,92,S1/D-IV,Proyeksi PT PLN Nusantara Power - Lokasi Penempatan Seluruh Indonesia,Seluruh Indonesia,01 Oktober 2025,05 Oktober 2025 23:59 WIB,3,"AKUNTANSI, KESELAMATAN DAN KESEHATAN KERJA, KEUANGAN, LINGKUNGAN, LOGISTIK, SUPPLY CHAIN MANAGEMENT, TEKNIK ELEKTRO, TEKNIK INDUSTRI, TEKNIK LINGKUNGAN, TEKNIK MESIN, TEKNIK SIPIL",TEKNIK ELEKTRO minimal 3 TEKNIK MESIN minimal 3 TEKNIK INDUSTRI minimal 3 TEKNIK LINGKUNGAN minimal 3 TEKNIK SIPIL minimal 3 AKUNTANSI minimal 3 KESELAMATAN DAN KESEHATAN KERJA minimal 3 KEUANGAN minimal 3 LINGKUNGAN minimal 3 SUPPLY CHAIN MANAGEMENT minimal 3 LOGISTIK minimal 3,REKRUTMEN PLN GROUP TINGKAT S1/D4 DAN D3 TAHUN 2025 (Penempatan : PT PLN Nusantara Power)
MjE5NDQxNzU4NTM2MDcw,ES.UM.D3,92,D-III,Proyeksi PT PLN Electricity Services - Lokasi Penempatan Seluruh Indonesia,Seluruh Indonesia,01 Oktober 2025,05 Oktober 2025 23:59 WIB,3,"ADMINISTRASI BISNIS, KEUANGAN, TEKNIK ELEKTRO, TEKNIK INFORMATIKA",TEKNIK ELEKTRO minimal 3 TEKNIK INFORMATIKA minimal 3 ADMINISTRASI BISNIS minimal 3 KEUANGAN minimal 3,REKRUTMEN PLN GROUP TINGKAT S1/D4 DAN D3 TAHUN 2025 (Penempatan : PT PLN Electricity Services)
MjE5NDQxNzU4NTM2MDcw,ES.UM.S1,92,S1/D-IV,Proyeksi PT PLN Electricity Services - Lokasi Penempatan Seluruh Indonesia,Seluruh Indonesia,01 Oktober 2025,05 Oktober 2025 23:59 WIB,3,"ADMINISTRASI BISNIS, MANAJEMEN, TEKNIK ELEKTRO",TEKNIK ELEKTRO minimal 3 ADMINISTRASI BISNIS minimal 3 MANAJEMEN minimal 3,REKRUTMEN PLN GROUP TINGKAT S1/D4 DAN D3 TAHUN 2025 (Penempatan : PT PLN Electricity Services)
MTE5MDExNzU3MjI5MTI0,PLN.OAP.D3,91,D-III,Proyeksi PT PLN (PERSERO) - Lokasi Penempatan Seluruh Indonesia,Kabupaten Merauke,08 September 2025,21 September 2025 23:59 WIB,2.5,"ADMINISTRASI, AKUNTANSI, MANAJEMEN, PROGRAM STUDI LAINNYA NON TEKNIK, PROGRAM STUDI LAINNYA TEKNIK, TEKNIK ELEKTRO, TEKNIK INDUSTRI, TEKNIK SIPIL",ADMINISTRASI minimal 2.5 AKUNTANSI minimal 2.5 MANAJEMEN minimal 2.5 PROGRAM STUDI LAINNYA NON TEKNIK minimal 2.5 PROGRAM STUDI LAINNYA TEKNIK minimal 2.5 TEKNIK ELEKTRO minimal 2.5 TEKNIK INDUSTRI minimal 2.5 TEKNIK SIPIL minimal 2.5,REKRUTMEN PUTRA-PUTRI ASLI PAPUA PLN GROUP TAHUN 2025 LOKASI MERAUKE
MTE5MDExNzU3MjI5MTI0,PLN.OAP.S1,91,S1/D-IV,Proyeksi PT PLN (PERSERO) - Lokasi Penempatan Seluruh Indonesia,Kabupaten Merauke,08 September 2025,21 September 2025 23:59 WIB,2.5,"ADMINISTRASI, AKUNTANSI, MANAJEMEN, PROGRAM STUDI LAINNYA NON TEKNIK, PROGRAM STUDI LAINNYA TEKNIK, TEKNIK ELEKTRO, TEKNIK INDUSTRI, TEKNIK SIPIL",ADMINISTRASI minimal 2.5 AKUNTANSI minimal 2.5 MANAJEMEN minimal 2.5 PROGRAM STUDI LAINNYA NON TEKNIK minimal 2.5 PROGRAM STUDI LAINNYA TEKNIK minimal 2.5 TEKNIK ELEKTRO minimal 2.5 TEKNIK INDUSTRI minimal 2.5 TEKNIK SIPIL minimal 2.5,REKRUTMEN PUTRA-PUTRI ASLI PAPUA PLN GROUP TAHUN 2025 LOKASI MERAUKE
MTE5MDExNzU3MjI5MTI0,IP.OAP.S1,91,S1/D-IV,Proyeksi PT PLN Indonesia Power - Pengangkatan Di Papua,Kabupaten Merauke,08 September 2025,21 September 2025 23:59 WIB,2.5,"ADMINISTRASI, AKUNTANSI, BISNIS, HUBUNGAN MASYARAKAT, HUKUM, KESELAMATAN DAN KESEHATAN KERJA, KOMUNIKASI, KONVERSI ENERGI, MANAJEMEN, PROGRAM STUDI LAINNYA NON TEKNIK, PROGRAM STUDI LAINNYA TEKNIK, PSIKOLOGI, TEKNIK ELEKTRO, TEKNIK INDUSTRI, TEKNIK MESIN",ADMINISTRASI minimal 2.5 AKUNTANSI minimal 2.5 BISNIS minimal 2.5 HUBUNGAN MASYARAKAT minimal 2.5 HUKUM minimal 2.5 KESELAMATAN DAN KESEHATAN KERJA minimal 2.5 KOMUNIKASI minimal 2.5 KONVERSI ENERGI minimal 2.5 MANAJEMEN minimal 2.5 PROGRAM STUDI LAINNYA NON TEKNIK minimal 2.5 PROGRAM STUDI LAINNYA TEKNIK minimal 2.5 PSIKOLOGI minimal 2.5 TEKNIK ELEKTRO minimal 2.5 TEKNIK INDUSTRI minimal 2.5 TEKNIK MESIN minimal 2.5,REKRUTMEN PUTRA-PUTRI ASLI PAPUA PLN GROUP TAHUN 2025 LOKASI MERAUKE
MTE5MDExNzU3MjI5MTI0,NP.OAP.S1,91,S1/D-IV,Proyeksi PT PLN Nusantara Power - Lokasi Penempatan Seluruh Indonesia,Kabupaten Merauke,08 September 2025,21 September 2025 23:59 WIB,2.5,"ADMINISTRASI, MANAJEMEN, PROGRAM STUDI LAINNYA NON TEKNIK, PROGRAM STUDI LAINNYA TEKNIK, TEKNIK ELEKTRO, TEKNIK MESIN, TEKNIK SIPIL",ADMINISTRASI minimal 2.5 MANAJEMEN minimal 2.5 PROGRAM STUDI LAINNYA NON TEKNIK minimal 2.5 PROGRAM STUDI LAINNYA TEKNIK minimal 2.5 TEKNIK ELEKTRO minimal 2.5 TEKNIK MESIN minimal 2.5 TEKNIK SIPIL minimal 2.5,REKRUTMEN PUTRA-PUTRI ASLI PAPUA PLN GROUP TAHUN 2025 LOKASI MERAUKE
MTE5MDExNzU3MjI5MTI0,IP.OAP.D3,91,D-III,Proyeksi PT PLN Indonesia Power - Pengangkatan Di Papua,Kabupaten Merauke,08 September 2025,21 September 2025 23:59 WIB,2.5,TEKNIK MESIN,TEKNIK MESIN minimal 2.5,REKRUTMEN PUTRA-PUTRI ASLI PAPUA PLN GROUP TAHUN 2025 LOKASI MERAUKE
MTE5MTcxNzU3MjI5NjAx,PLN.OAP.D3,91,D-III,Proyeksi PT PLN (PERSERO) - Lokasi Penempatan Seluruh Indonesia,Kota Wamena,08 September 2025,21 September 2025 23:59 WIB,2.5,"ADMINISTRASI, AKUNTANSI, MANAJEMEN, PROGRAM STUDI LAINNYA NON TEKNIK, PROGRAM STUDI LAINNYA TEKNIK, TEKNIK ELEKTRO, TEKNIK INDUSTRI, TEKNIK SIPIL",ADMINISTRASI minimal 2.5 AKUNTANSI minimal 2.5 MANAJEMEN minimal 2.5 PROGRAM STUDI LAINNYA NON TEKNIK minimal 2.5 PROGRAM STUDI LAINNYA TEKNIK minimal 2.5 TEKNIK ELEKTRO minimal 2.5 TEKNIK INDUSTRI minimal 2.5 TEKNIK SIPIL minimal 2.5,REKRUTMEN PUTRA-PUTRI ASLI PAPUA PLN GROUP TAHUN 2025 LOKASI WAMENA
MTE5MTcxNzU3MjI5NjAx,PLN.OAP.S1,91,S1/D-IV,Proyeksi PT PLN (PERSERO) - Lokasi Penempatan Seluruh Indonesia,Kota Wamena,08 September 2025,21 September 2025 23:59 WIB,2.5,"ADMINISTRASI, AKUNTANSI, MANAJEMEN, PROGRAM STUDI LAINNYA NON TEKNIK, PROGRAM STUDI LAINNYA TEKNIK, TEKNIK ELEKTRO, TEKNIK INDUSTRI, TEKNIK SIPIL",ADMINISTRASI minimal 2.5 AKUNTANSI minimal 2.5 MANAJEMEN minimal 2.5 PROGRAM STUDI LAINNYA NON TEKNIK minimal 2.5 PROGRAM STUDI LAINNYA TEKNIK minimal 2.5 TEKNIK ELEKTRO minimal 2.5 TEKNIK INDUSTRI minimal 2.5 TEKNIK SIPIL minimal 2.5,REKRUTMEN PUTRA-PUTRI ASLI PAPUA PLN GROUP TAHUN 2025 LOKASI WAMENA
MTE5MTcxNzU3MjI5NjAx,IP.OAP.S1,91,S1/D-IV,Proyeksi PT PLN Indonesia Power - Pengangkatan Di Papua,Kota Wamena,08 September 2025,21 September 2025 23:59 WIB,2.5,"ADMINISTRASI, AKUNTANSI, BISNIS, HUBUNGAN MASYARAKAT, HUKUM, KESELAMATAN DAN KESEHATAN KERJA, KOMUNIKASI, KONVERSI ENERGI, MANAJEMEN, PROGRAM STUDI LAINNYA NON TEKNIK, PROGRAM STUDI LAINNYA TEKNIK, PSIKOLOGI, TEKNIK ELEKTRO, TEKNIK INDUSTRI, TEKNIK MESIN",ADMINISTRASI minimal 2.5 AKUNTANSI minimal 2.5 BISNIS minimal 2.5 HUBUNGAN MASYARAKAT minimal 2.5 HUKUM minimal 2.5 KESELAMATAN DAN KESEHATAN KERJA minimal 2.5 KOMUNIKASI minimal 2.5 KONVERSI ENERGI minimal 2.5 MANAJEMEN minimal 2.5 PROGRAM STUDI LAINNYA NON TEKNIK minimal 2.5 PROGRAM STUDI LAINNYA TEKNIK minimal 2.5 PSIKOLOGI minimal 2.5 TEKNIK ELEKTRO minimal 2.5 TEKNIK INDUSTRI minimal 2.5 TEKNIK MESIN minimal 2.5,REKRUTMEN PUTRA-PUTRI ASLI PAPUA PLN GROUP TAHUN 2025 LOKASI WAMENA
MTE5MTcxNzU3MjI5NjAx,NP.OAP.S1,91,S1/D-IV,Proyeksi PT PLN Nusantara Power - Lokasi Penempatan Seluruh Indonesia,Kota Wamena,08 September 2025,21 September 2025 23:59 WIB,2.5,"ADMINISTRASI, MANAJEMEN, PROGRAM STUDI LAINNYA NON TEKNIK, PROGRAM STUDI LAINNYA TEKNIK, TEKNIK ELEKTRO, TEKNIK MESIN, TEKNIK SIPIL",ADMINISTRASI minimal 2.5 MANAJEMEN minimal 2.5 PROGRAM STUDI LAINNYA NON TEKNIK minimal 2.5 PROGRAM STUDI LAINNYA TEKNIK minimal 2.5 TEKNIK ELEKTRO minimal 2.5 TEKNIK MESIN minimal 2.5 TEKNIK SIPIL minimal 2.5,REKRUTMEN PUTRA-PUTRI ASLI PAPUA PLN GROUP TAHUN 2025 LOKASI WAMENA
MTE5MTcxNzU3MjI5NjAx,IP.OAP.D3,91,D-III,Proyeksi PT PLN Indonesia Power - Pengangkatan Di Papua,Kota Wamena,08 September 2025,21 September 2025 23:59 WIB,2.5,TEKNIK MESIN,TEKNIK MESIN minimal 2.5,REKRUTMEN PUTRA-PUTRI ASLI PAPUA PLN GROUP TAHUN 2025 LOKASI WAMENA
MTE5MTMxNzU3MjI5NTA5,PLN.OAP.D3,91,D-III,Proyeksi PT PLN (PERSERO) - Lokasi Penempatan Seluruh Indonesia,Kota Timika,08 September 2025,21 September 2025 23:59 WIB,2.5,"ADMINISTRASI, AKUNTANSI, MANAJEMEN, PROGRAM STUDI LAINNYA NON TEKNIK, PROGRAM STUDI LAINNYA TEKNIK, TEKNIK ELEKTRO, TEKNIK INDUSTRI, TEKNIK SIPIL",ADMINISTRASI minimal 2.5 AKUNTANSI minimal 2.5 MANAJEMEN minimal 2.5 PROGRAM STUDI LAINNYA NON TEKNIK minimal 2.5 PROGRAM STUDI LAINNYA TEKNIK minimal 2.5 TEKNIK ELEKTRO minimal 2.5 TEKNIK INDUSTRI minimal 2.5 TEKNIK SIPIL minimal 2.5,REKRUTMEN PUTRA-PUTRI ASLI PAPUA PLN GROUP TAHUN 2025 LOKASI TIMIKA
MTE5MTMxNzU3MjI5NTA5,PLN.OAP.S1,91,S1/D-IV,Proyeksi PT PLN (PERSERO) - Lokasi Penempatan Seluruh Indonesia,Kota Timika,08 September 2025,21 September 2025 23:59 WIB,2.5,"ADMINISTRASI, AKUNTANSI, MANAJEMEN, PROGRAM STUDI LAINNYA NON TEKNIK, PROGRAM STUDI LAINNYA TEKNIK, TEKNIK ELEKTRO, TEKNIK INDUSTRI, TEKNIK SIPIL",ADMINISTRASI minimal 2.5 AKUNTANSI minimal 2.5 MANAJEMEN minimal 2.5 PROGRAM STUDI LAINNYA NON TEKNIK minimal 2.5 PROGRAM STUDI LAINNYA TEKNIK minimal 2.5 TEKNIK ELEKTRO minimal 2.5 TEKNIK INDUSTRI minimal 2.5 TEKNIK SIPIL minimal 2.5,REKRUTMEN PUTRA-PUTRI ASLI PAPUA PLN GROUP TAHUN 2025 LOKASI TIMIKA
MTE5MTMxNzU3MjI5NTA5,IP.OAP.S1,91,S1/D-IV,Proyeksi PT PLN Indonesia Power - Pengangkatan Di Papua,Kota Timika,08 September 2025,21 September 2025 23:59 WIB,2.5,"ADMINISTRASI, AKUNTANSI, BISNIS, HUBUNGAN MASYARAKAT, HUKUM, KESELAMATAN DAN KESEHATAN KERJA, KOMUNIKASI, KONVERSI ENERGI, MANAJEMEN, PROGRAM STUDI LAINNYA NON TEKNIK, PROGRAM STUDI LAINNYA TEKNIK, PSIKOLOGI, TEKNIK ELEKTRO, TEKNIK INDUSTRI, TEKNIK MESIN",ADMINISTRASI minimal 2.5 AKUNTANSI minimal 2.5 BISNIS minimal 2.5 HUBUNGAN MASYARAKAT minimal 2.5 HUKUM minimal 2.5 KESELAMATAN DAN KESEHATAN KERJA minimal 2.5 KOMUNIKASI minimal 2.5 KONVERSI ENERGI minimal 2.5 MANAJEMEN minimal 2.5 PROGRAM STUDI LAINNYA NON TEKNIK minimal 2.5 PROGRAM STUDI LAINNYA TEKNIK minimal 2.5 PSIKOLOGI minimal 2.5 TEKNIK ELEKTRO minimal 2.5 TEKNIK INDUSTRI minimal 2.5 TEKNIK MESIN minimal 2.5,REKRUTMEN PUTRA-PUTRI ASLI PAPUA PLN GROUP TAHUN 2025 LOKASI TIMIKA
MTE5MTMxNzU3MjI5NTA5,NP.OAP.S1,91,S1/D-IV,Proyeksi PT PLN Nusantara Power - Lokasi Penempatan Seluruh Indonesia,Kota Timika,08 September 2025,21 September 2025 23:59 WIB,2.5,"ADMINISTRASI, MANAJEMEN, PROGRAM STUDI LAINNYA NON TEKNIK, PROGRAM STUDI LAINNYA TEKNIK, TEKNIK ELEKTRO, TEKNIK MESIN, TEKNIK SIPIL",ADMINISTRASI minimal 2.5 MANAJEMEN minimal 2.5 PROGRAM STUDI LAINNYA NON TEKNIK minimal 2.5 PROGRAM STUDI LAINNYA TEKNIK minimal 2.5 TEKNIK ELEKTRO minimal 2.5 TEKNIK MESIN minimal 2.5 TEKNIK SIPIL minimal 2.5,REKRUTMEN PUTRA-PUTRI ASLI PAPUA PLN GROUP TAHUN 2025 LOKASI TIMIKA
MTE5MTMxNzU3MjI5NTA5,IP.OAP.D3,91,D-III,Proyeksi PT PLN Indonesia Power - Pengangkatan Di Papua,Kota Timika,08 September 2025,21 September 2025 23:59 WIB,2.5,TEKNIK MESIN,TEKNIK MESIN minimal 2.5,REKRUTMEN PUTRA-PUTRI ASLI PAPUA PLN GROUP TAHUN 2025 LOKASI TIMIKA
MTE5MDUxNzU3MjI5Mjkz,PLN.OAP.D3,91,D-III,Proyeksi PT PLN (PERSERO) - Lokasi Penempatan Seluruh Indonesia,Kabupaten Biak Numfor,08 September 2025,21 September 2025 23:59 WIB,2.5,"ADMINISTRASI, AKUNTANSI, MANAJEMEN, PROGRAM STUDI LAINNYA NON TEKNIK, PROGRAM STUDI LAINNYA TEKNIK, TEKNIK ELEKTRO, TEKNIK INDUSTRI, TEKNIK SIPIL",ADMINISTRASI minimal 2.5 AKUNTANSI minimal 2.5 MANAJEMEN minimal 2.5 PROGRAM STUDI LAINNYA NON TEKNIK minimal 2.5 PROGRAM STUDI LAINNYA TEKNIK minimal 2.5 TEKNIK ELEKTRO minimal 2.5 TEKNIK INDUSTRI minimal 2.5 TEKNIK SIPIL minimal 2.5,REKRUTMEN PUTRA-PUTRI ASLI PAPUA PLN GROUP TAHUN 2025 LOKASI BIAK
MTE5MDUxNzU3MjI5Mjkz,PLN.OAP.S1,91,S1/D-IV,Proyeksi PT PLN (PERSERO) - Lokasi Penempatan Seluruh Indonesia,Kabupaten Biak Numfor,08 September 2025,21 September 2025 23:59 WIB,2.5,"ADMINISTRASI, AKUNTANSI, MANAJEMEN, PROGRAM STUDI LAINNYA NON TEKNIK, PROGRAM STUDI LAINNYA TEKNIK, TEKNIK ELEKTRO, TEKNIK INDUSTRI, TEKNIK SIPIL",ADMINISTRASI minimal 2.5 AKUNTANSI minimal 2.5 MANAJEMEN minimal 2.5 PROGRAM STUDI LAINNYA NON TEKNIK minimal 2.5 PROGRAM STUDI LAINNYA TEKNIK minimal 2.5 TEKNIK ELEKTRO minimal 2.5 TEKNIK INDUSTRI minimal 2.5 TEKNIK SIPIL minimal 2.5,REKRUTMEN PUTRA-PUTRI ASLI PAPUA PLN GROUP TAHUN 2025 LOKASI BIAK
MTE5MDUxNzU3MjI5Mjkz,IP.OAP.S1,91,S1/D-IV,Proyeksi PT PLN Indonesia Power - Pengangkatan Di Papua,Kabupaten Biak Numfor,08 September 2025,21 September 2025 23:59 WIB,2.5,"ADMINISTRASI, AKUNTANSI, BISNIS, HUBUNGAN MASYARAKAT, HUKUM, KESELAMATAN DAN KESEHATAN KERJA, KOMUNIKASI, KONVERSI ENERGI, MANAJEMEN, PROGRAM STUDI LAINNYA NON TEKNIK, PROGRAM STUDI LAINNYA TEKNIK, PSIKOLOGI, TEKNIK ELEKTRO, TEKNIK INDUSTRI, TEKNIK MESIN",ADMINISTRASI minimal 2.5 AKUNTANSI minimal 2.5 BISNIS minimal 2.5 HUBUNGAN MASYARAKAT minimal 2.5 HUKUM minimal 2.5 KESELAMATAN DAN KESEHATAN KERJA minimal 2.5 KOMUNIKASI minimal 2.5 KONVERSI ENERGI minimal 2.5 MANAJEMEN minimal 2.5 PROGRAM STUDI LAINNYA NON TEKNIK minimal 2.5 PROGRAM STUDI LAINNYA TEKNIK minimal 2.5 PSIKOLOGI minimal 2.5 TEKNIK ELEKTRO minimal 2.5 TEKNIK INDUSTRI minimal 2.5 TEKNIK MESIN minimal 2.5,REKRUTMEN PUTRA-PUTRI ASLI PAPUA PLN GROUP TAHUN 2025 LOKASI BIAK
MTE5MDUxNzU3MjI5Mjkz,NP.OAP.S1,91,S1/D-IV,Proyeksi PT PLN Nusantara Power - Lokasi Penempatan Seluruh Indonesia,Kabupaten Biak Numfor,08 September 2025,21 September 2025 23:59 WIB,2.5,"ADMINISTRASI, MANAJEMEN, PROGRAM STUDI LAINNYA NON TEKNIK, PROGRAM STUDI LAINNYA TEKNIK, TEKNIK ELEKTRO, TEKNIK MESIN, TEKNIK SIPIL",ADMINISTRASI minimal 2.5 MANAJEMEN minimal 2.5 PROGRAM STUDI LAINNYA NON TEKNIK minimal 2.5 PROGRAM STUDI LAINNYA TEKNIK minimal 2.5 TEKNIK ELEKTRO minimal 2.5 TEKNIK MESIN minimal 2.5 TEKNIK SIPIL minimal 2.5,REKRUTMEN PUTRA-PUTRI ASLI PAPUA PLN GROUP TAHUN 2025 LOKASI BIAK
MTE5MDUxNzU3MjI5Mjkz,IP.OAP.D3,91,D-III,Proyeksi PT PLN Indonesia Power - Pengangkatan Di Papua,Kabupaten Biak Numfor,08 September 2025,21 September 2025 23:59 WIB,2.5,TEKNIK MESIN,TEKNIK MESIN minimal 2.5,REKRUTMEN PUTRA-PUTRI ASLI PAPUA PLN GROUP TAHUN 2025 LOKASI BIAK
MTE4OTcxNzU3MjI4OTM2,PLN.OAP.D3,91,D-III,Proyeksi PT PLN (PERSERO) - Lokasi Penempatan Seluruh Indonesia,Kota Sorong,08 September 2025,21 September 2025 23:59 WIB,2.5,"ADMINISTRASI, AKUNTANSI, MANAJEMEN, PROGRAM STUDI LAINNYA NON TEKNIK, PROGRAM STUDI LAINNYA TEKNIK, TEKNIK ELEKTRO, TEKNIK INDUSTRI, TEKNIK SIPIL",ADMINISTRASI minimal 2.5 AKUNTANSI minimal 2.5 MANAJEMEN minimal 2.5 PROGRAM STUDI LAINNYA NON TEKNIK minimal 2.5 PROGRAM STUDI LAINNYA TEKNIK minimal 2.5 TEKNIK ELEKTRO minimal 2.5 TEKNIK INDUSTRI minimal 2.5 TEKNIK SIPIL minimal 2.5,REKRUTMEN PUTRA-PUTRI ASLI PAPUA PLN GROUP TAHUN 2025 LOKASI SORONG
MTE4OTcxNzU3MjI4OTM2,PLN.OAP.S1,91,S1/D-IV,Proyeksi PT PLN (PERSERO) - Lokasi Penempatan Seluruh Indonesia,Kota Sorong,08 September 2025,21 September 2025 23:59 WIB,2.5,"ADMINISTRASI, AKUNTANSI, MANAJEMEN, PROGRAM STUDI LAINNYA NON TEKNIK, PROGRAM STUDI LAINNYA TEKNIK, TEKNIK ELEKTRO, TEKNIK INDUSTRI, TEKNIK SIPIL",ADMINISTRASI minimal 2.5 AKUNTANSI minimal 2.5 MANAJEMEN minimal 2.5 PROGRAM STUDI LAINNYA NON TEKNIK minimal 2.5 PROGRAM STUDI LAINNYA TEKNIK minimal 2.5 TEKNIK ELEKTRO minimal 2.5 TEKNIK INDUSTRI minimal 2.5 TEKNIK SIPIL minimal 2.5,REKRUTMEN PUTRA-PUTRI ASLI PAPUA PLN GROUP TAHUN 2025 LOKASI SORONG
MTE4OTcxNzU3MjI4OTM2,IP.OAP.S1,91,S1/D-IV,Proyeksi PT PLN Indonesia Power - Pengangkatan Di Papua,Kota Sorong,08 September 2025,21 September 2025 23:59 WIB,2.5,"ADMINISTRASI, AKUNTANSI, BISNIS, HUBUNGAN MASYARAKAT, HUKUM, KESELAMATAN DAN KESEHATAN KERJA, KOMUNIKASI, KONVERSI ENERGI, MANAJEMEN, PROGRAM STUDI LAINNYA NON TEKNIK, PROGRAM STUDI LAINNYA TEKNIK, PSIKOLOGI, TEKNIK ELEKTRO, TEKNIK INDUSTRI, TEKNIK MESIN",ADMINISTRASI minimal 2.5 AKUNTANSI minimal 2.5 BISNIS minimal 2.5 HUBUNGAN MASYARAKAT minimal 2.5 HUKUM minimal 2.5 KESELAMATAN DAN KESEHATAN KERJA minimal 2.5 KOMUNIKASI minimal 2.5 KONVERSI ENERGI minimal 2.5 MANAJEMEN minimal 2.5 PROGRAM STUDI LAINNYA NON TEKNIK minimal 2.5 PROGRAM STUDI LAINNYA TEKNIK minimal 2.5 PSIKOLOGI minimal 2.5 TEKNIK ELEKTRO minimal 2.5 TEKNIK INDUSTRI minimal 2.5 TEKNIK MESIN minimal 2.5,REKRUTMEN PUTRA-PUTRI ASLI PAPUA PLN GROUP TAHUN 2025 LOKASI SORONG
MTE4OTcxNzU3MjI4OTM2,NP.OAP.S1,91,S1/D-IV,Proyeksi PT PLN Nusantara Power - Lokasi Penempatan Seluruh Indonesia,Kota Sorong,08 September 2025,21 September 2025 23:59 WIB,2.5,"ADMINISTRASI, MANAJEMEN, PROGRAM STUDI LAINNYA NON TEKNIK, PROGRAM STUDI LAINNYA TEKNIK, TEKNIK ELEKTRO, TEKNIK MESIN, TEKNIK SIPIL",ADMINISTRASI minimal 2.5 MANAJEMEN minimal 2.5 PROGRAM STUDI LAINNYA NON TEKNIK minimal 2.5 PROGRAM STUDI LAINNYA TEKNIK minimal 2.5 TEKNIK ELEKTRO minimal 2.5 TEKNIK MESIN minimal 2.5 TEKNIK SIPIL minimal 2.5,REKRUTMEN PUTRA-PUTRI ASLI PAPUA PLN GROUP TAHUN 2025 LOKASI SORONG
MTE4OTcxNzU3MjI4OTM2,IP.OAP.D3,91,D-III,Proyeksi PT PLN Indonesia Power - Pengangkatan Di Papua,Kota Sorong,08 September 2025,21 September 2025 23:59 WIB,2.5,TEKNIK MESIN,TEKNIK MESIN minimal 2.5,REKRUTMEN PUTRA-PUTRI ASLI PAPUA PLN GROUP TAHUN 2025 LOKASI SORONG
MTE5MDkxNzU3MjI5Mzkz,PLN.OAP.D3,91,D-III,Proyeksi PT PLN (PERSERO) - Lokasi Penempatan Seluruh Indonesia,Kota Nabire,08 September 2025,21 September 2025 23:59 WIB,2.5,"ADMINISTRASI, AKUNTANSI, MANAJEMEN, PROGRAM STUDI LAINNYA NON TEKNIK, PROGRAM STUDI LAINNYA TEKNIK, TEKNIK ELEKTRO, TEKNIK INDUSTRI, TEKNIK SIPIL",ADMINISTRASI minimal 2.5 AKUNTANSI minimal 2.5 MANAJEMEN minimal 2.5 PROGRAM STUDI LAINNYA NON TEKNIK minimal 2.5 PROGRAM STUDI LAINNYA TEKNIK minimal 2.5 TEKNIK ELEKTRO minimal 2.5 TEKNIK INDUSTRI minimal 2.5 TEKNIK SIPIL minimal 2.5,REKRUTMEN PUTRA-PUTRI ASLI PAPUA PLN GROUP TAHUN 2025 LOKASI NABIRE
MTE5MDkxNzU3MjI5Mzkz,PLN.OAP.S1,91,S1/D-IV,Proyeksi PT PLN (PERSERO) - Lokasi Penempatan Seluruh Indonesia,Kota Nabire,08 September 2025,21 September 2025 23:59 WIB,2.5,"ADMINISTRASI, AKUNTANSI, MANAJEMEN, PROGRAM STUDI LAINNYA NON TEKNIK, PROGRAM STUDI LAINNYA TEKNIK, TEKNIK ELEKTRO, TEKNIK INDUSTRI, TEKNIK SIPIL",ADMINISTRASI minimal 2.5 AKUNTANSI minimal 2.5 MANAJEMEN minimal 2.5 PROGRAM STUDI LAINNYA NON TEKNIK minimal 2.5 PROGRAM STUDI LAINNYA TEKNIK minimal 2.5 TEKNIK ELEKTRO minimal 2.5 TEKNIK INDUSTRI minimal 2.5 TEKNIK SIPIL minimal 2.5,REKRUTMEN PUTRA-PUTRI ASLI PAPUA PLN GROUP TAHUN 2025 LOKASI NABIRE
MTE5MDkxNzU3MjI5Mzkz,IP.OAP.S1,91,S1/D-IV,Proyeksi PT PLN Indonesia Power - Pengangkatan Di Papua,Kota Nabire,08 September 2025,21 September 2025 23:59 WIB,2.5,"ADMINISTRASI, AKUNTANSI, BISNIS, HUBUNGAN MASYARAKAT, HUKUM, KESELAMATAN DAN KESEHATAN KERJA, KOMUNIKASI, KONVERSI ENERGI, MANAJEMEN, PROGRAM STUDI LAINNYA NON TEKNIK, PROGRAM STUDI LAINNYA TEKNIK, PSIKOLOGI, TEKNIK ELEKTRO, TEKNIK INDUSTRI, TEKNIK MESIN",ADMINISTRASI minimal 2.5 AKUNTANSI minimal 2.5 BISNIS minimal 2.5 HUBUNGAN MASYARAKAT minimal 2.5 HUKUM minimal 2.5 KESELAMATAN DAN KESEHATAN KERJA minimal 2.5 KOMUNIKASI minimal 2.5 KONVERSI ENERGI minimal 2.5 MANAJEMEN minimal 2.5 PROGRAM STUDI LAINNYA NON TEKNIK minimal 2.5 PROGRAM STUDI LAINNYA TEKNIK minimal 2.5 PSIKOLOGI minimal 2.5 TEKNIK ELEKTRO minimal 2.5 TEKNIK INDUSTRI minimal 2.5 TEKNIK MESIN minimal 2.5,REKRUTMEN PUTRA-PUTRI ASLI PAPUA PLN GROUP TAHUN 2025 LOKASI NABIRE
MTE5MDkxNzU3MjI5Mzkz,NP.OAP.S1,91,S1/D-IV,Proyeksi PT PLN Nusantara Power - Lokasi Penempatan Seluruh Indonesia,Kota Nabire,08 September 2025,21 September 2025 23:59 WIB,2.5,"ADMINISTRASI, MANAJEMEN, PROGRAM STUDI LAINNYA NON TEKNIK, PROGRAM STUDI LAINNYA TEKNIK, TEKNIK ELEKTRO, TEKNIK MESIN, TEKNIK SIPIL",ADMINISTRASI minimal 2.5 MANAJEMEN minimal 2.5 PROGRAM STUDI LAINNYA NON TEKNIK minimal 2.5 PROGRAM STUDI LAINNYA TEKNIK minimal 2.5 TEKNIK ELEKTRO minimal 2.5 TEKNIK MESIN minimal 2.5 TEKNIK SIPIL minimal 2.5,REKRUTMEN PUTRA-PUTRI ASLI PAPUA PLN GROUP TAHUN 2025 LOKASI NABIRE
MTE5MDkxNzU3MjI5Mzkz,IP.OAP.D3,91,D-III,Proyeksi PT PLN Indonesia Power - Pengangkatan Di Papua,Kota Nabire,08 September 2025,21 September 2025 23:59 WIB,2.5,TEKNIK MESIN,TEKNIK MESIN minimal 2.5,REKRUTMEN PUTRA-PUTRI ASLI PAPUA PLN GROUP TAHUN 2025 LOKASI NABIRE
MTE4NDExNjk3MjM3Mjcw,2.1.4.S1,86,S1/D-IV,Pemeliharaan Transmisi dan Gardu Induk,Kota Kupang,16 Oktober 2023,25 Oktober 2023 23:59 WIB,2.75,TEKNIK ELEKTRO,TEKNIK ELEKTRO minimal 2.75,REKRUTMEN PLN GROUP PUTRA-PUTRI ASLI MALUKU DAN NUSA TENGGARA JENJANG S1/D3 TAHUN 2023 LOKASI NUSA TENGGARA TIMUR
MTE4NDExNjk3MjM3Mjcw,4.8.4.S1,86,S1/D-IV,Manajemen Keuangan,Kota Kupang,16 Oktober 2023,25 Oktober 2023 23:59 WIB,2.75,"KEUANGAN, MANAJEMEN KEUANGAN",KEUANGAN minimal 2.75 MANAJEMEN KEUANGAN minimal 2.75,REKRUTMEN PLN GROUP PUTRA-PUTRI ASLI MALUKU DAN NUSA TENGGARA JENJANG S1/D3 TAHUN 2023 LOKASI NUSA TENGGARA TIMUR
MTE4NDExNjk3MjM3Mjcw,3.1.4.D3,86,D-III,Pemeliharaan Distribusi,Kota Kupang,16 Oktober 2023,25 Oktober 2023 23:59 WIB,2.75,TEKNIK ELEKTRO,TEKNIK ELEKTRO minimal 2.75,REKRUTMEN PLN GROUP PUTRA-PUTRI ASLI MALUKU DAN NUSA TENGGARA JENJANG S1/D3 TAHUN 2023 LOKASI NUSA TENGGARA TIMUR
MTE4NDExNjk3MjM3Mjcw,4.8.2.S1,86,S1/D-IV,Akuntansi,Kota Kupang,16 Oktober 2023,25 Oktober 2023 23:59 WIB,2.75,AKUNTANSI,AKUNTANSI minimal 2.75,REKRUTMEN PLN GROUP PUTRA-PUTRI ASLI MALUKU DAN NUSA TENGGARA JENJANG S1/D3 TAHUN 2023 LOKASI NUSA TENGGARA TIMUR
MTE4NDExNjk3MjM3Mjcw,3.2.2.S1,86,S1/D-IV,Pemasaran dan Pelayanan Pelanggan,Kota Kupang,16 Oktober 2023,25 Oktober 2023 23:59 WIB,2.75,"MANAJEMEN BISNIS, MANAJEMEN PEMASARAN, TEKNIK INDUSTRI",MANAJEMEN BISNIS minimal 2.75 MANAJEMEN PEMASARAN minimal 2.75 TEKNIK INDUSTRI minimal 2.75,REKRUTMEN PLN GROUP PUTRA-PUTRI ASLI MALUKU DAN NUSA TENGGARA JENJANG S1/D3 TAHUN 2023 LOKASI NUSA TENGGARA TIMUR
MTE4NDExNjk3MjM3Mjcw,4.2.5.S1,86,S1/D-IV,Manajemen Konstruksi,Kota Kupang,16 Oktober 2023,25 Oktober 2023 23:59 WIB,2.75,TEKNIK SIPIL,TEKNIK SIPIL minimal 2.75,REKRUTMEN PLN GROUP PUTRA-PUTRI ASLI MALUKU DAN NUSA TENGGARA JENJANG S1/D3 TAHUN 2023 LOKASI NUSA TENGGARA TIMUR
MTE4NDExNjk3MjM3Mjcw,3.1.4.S1,86,S1/D-IV,Pemeliharaan Distribusi,Kota Kupang,16 Oktober 2023,25 Oktober 2023 23:59 WIB,2.75,TEKNIK ELEKTRO,TEKNIK ELEKTRO minimal 2.75,REKRUTMEN PLN GROUP PUTRA-PUTRI ASLI MALUKU DAN NUSA TENGGARA JENJANG S1/D3 TAHUN 2023 LOKASI NUSA TENGGARA TIMUR
MTE4NDExNjk3MjM3Mjcw,1.2.4.S1,86,S1/D-IV,Pemeliharaan Pembangkitan,Kota Kupang,16 Oktober 2023,25 Oktober 2023 23:59 WIB,2.75,TEKNIK MESIN,TEKNIK MESIN minimal 2.75,REKRUTMEN PLN GROUP PUTRA-PUTRI ASLI MALUKU DAN NUSA TENGGARA JENJANG S1/D3 TAHUN 2023 LOKASI NUSA TENGGARA TIMUR
MTE4NDUxNjk3MjM4NTg5,2.1.4.S1,86,S1/D-IV,Pemeliharaan Transmisi dan Gardu Induk,Kota Mataram,16 Oktober 2023,25 Oktober 2023 23:59 WIB,2.75,TEKNIK ELEKTRO,TEKNIK ELEKTRO minimal 2.75,REKRUTMEN PLN GROUP PUTRA-PUTRI ASLI MALUKU DAN NUSA TENGGARA JENJANG S1/D3 TAHUN 2023 LOKASI NUSA TENGGARA BARAT
MTE4NDUxNjk3MjM4NTg5,3.1.4.S1,86,S1/D-IV,Pemeliharaan Distribusi,Kota Mataram,16 Oktober 2023,25 Oktober 2023 23:59 WIB,2.75,TEKNIK ELEKTRO,TEKNIK ELEKTRO minimal 2.75,REKRUTMEN PLN GROUP PUTRA-PUTRI ASLI MALUKU DAN NUSA TENGGARA JENJANG S1/D3 TAHUN 2023 LOKASI NUSA TENGGARA BARAT
MTE4NDUxNjk3MjM4NTg5,4.2.5.S1,86,S1/D-IV,Manajemen Konstruksi,Kota Mataram,16 Oktober 2023,25 Oktober 2023 23:59 WIB,2.75,TEKNIK SIPIL,TEKNIK SIPIL minimal 2.75,REKRUTMEN PLN GROUP PUTRA-PUTRI ASLI MALUKU DAN NUSA TENGGARA JENJANG S1/D3 TAHUN 2023 LOKASI NUSA TENGGARA BARAT
MTE4NDUxNjk3MjM4NTg5,3.2.2.S1,86,S1/D-IV,Pemasaran dan Pelayanan Pelanggan,Kota Mataram,16 Oktober 2023,25 Oktober 2023 23:59 WIB,2.75,"MANAJEMEN BISNIS, MANAJEMEN PEMASARAN, TEKNIK INDUSTRI",MANAJEMEN BISNIS minimal 2.75 MANAJEMEN PEMASARAN minimal 2.75 TEKNIK INDUSTRI minimal 2.75,REKRUTMEN PLN GROUP PUTRA-PUTRI ASLI MALUKU DAN NUSA TENGGARA JENJANG S1/D3 TAHUN 2023 LOKASI NUSA TENGGARA BARAT
MTE4NDUxNjk3MjM4NTg5,4.8.2.S1,86,S1/D-IV,Akuntansi,Kota Mataram,16 Oktober 2023,25 Oktober 2023 23:59 WIB,2.75,AKUNTANSI,AKUNTANSI minimal 2.75,REKRUTMEN PLN GROUP PUTRA-PUTRI ASLI MALUKU DAN NUSA TENGGARA JENJANG S1/D3 TAHUN 2023 LOKASI NUSA TENGGARA BARAT
MTE4NDUxNjk3MjM4NTg5,4.8.4.S1,86,S1/D-IV,Manajemen Keuangan,Kota Mataram,16 Oktober 2023,25 Oktober 2023 23:59 WIB,2.75,"KEUANGAN, MANAJEMEN KEUANGAN",KEUANGAN minimal 2.75 MANAJEMEN KEUANGAN minimal 2.75,REKRUTMEN PLN GROUP PUTRA-PUTRI ASLI MALUKU DAN NUSA TENGGARA JENJANG S1/D3 TAHUN 2023 LOKASI NUSA TENGGARA BARAT
MTE4NDUxNjk3MjM4NTg5,3.1.4.D3,86,D-III,Pemeliharaan Distribusi,Kota Mataram,16 Oktober 2023,25 Oktober 2023 23:59 WIB,2.75,TEKNIK ELEKTRO,TEKNIK ELEKTRO minimal 2.75,REKRUTMEN PLN GROUP PUTRA-PUTRI ASLI MALUKU DAN NUSA TENGGARA JENJANG S1/D3 TAHUN 2023 LOKASI NUSA TENGGARA BARAT
MTE4NDUxNjk3MjM4NTg5,1.2.4.S1,86,S1/D-IV,Pemeliharaan Pembangkitan,Kota Mataram,16 Oktober 2023,25 Oktober 2023 23:59 WIB,2.75,TEKNIK MESIN,TEKNIK MESIN minimal 2.75,REKRUTMEN PLN GROUP PUTRA-PUTRI ASLI MALUKU DAN NUSA TENGGARA JENJANG S1/D3 TAHUN 2023 LOKASI NUSA TENGGARA BARAT
MTE4MjkxNjk3MTk5NzAw,2.1.4.S1,86,S1/D-IV,Pemeliharaan Transmisi dan Gardu Induk,Kota Ambon,16 Oktober 2023,25 Oktober 2023 23:59 WIB,2.75,TEKNIK ELEKTRO,TEKNIK ELEKTRO minimal 2.75,REKRUTMEN PLN GROUP PUTRA-PUTRI ASLI MALUKU DAN NUSA TENGGARA JENJANG S1/D3 TAHUN 2023 LOKASI MALUKU DAN MALUKU UTARA
MTE4MjkxNjk3MTk5NzAw,3.1.4.S1,86,S1/D-IV,Pemeliharaan Distribusi,Kota Ambon,16 Oktober 2023,25 Oktober 2023 23:59 WIB,2.75,TEKNIK ELEKTRO,TEKNIK ELEKTRO minimal 2.75,REKRUTMEN PLN GROUP PUTRA-PUTRI ASLI MALUKU DAN NUSA TENGGARA JENJANG S1/D3 TAHUN 2023 LOKASI MALUKU DAN MALUKU UTARA
MTE4MjkxNjk3MTk5NzAw,4.2.5.S1,86,S1/D-IV,Manajemen Konstruksi,Kota Ambon,16 Oktober 2023,25 Oktober 2023 23:59 WIB,2.75,TEKNIK SIPIL,TEKNIK SIPIL minimal 2.75,REKRUTMEN PLN GROUP PUTRA-PUTRI ASLI MALUKU DAN NUSA TENGGARA JENJANG S1/D3 TAHUN 2023 LOKASI MALUKU DAN MALUKU UTARA
MTE4MjkxNjk3MTk5NzAw,1.2.4.S1,86,S1/D-IV,Pemeliharaan Pembangkitan,Kota Ambon,16 Oktober 2023,25 Oktober 2023 23:59 WIB,2.75,TEKNIK MESIN,TEKNIK MESIN minimal 2.75,REKRUTMEN PLN GROUP PUTRA-PUTRI ASLI MALUKU DAN NUSA TENGGARA JENJANG S1/D3 TAHUN 2023 LOKASI MALUKU DAN MALUKU UTARA
MTE4MjkxNjk3MTk5NzAw,3.2.2.S1,86,S1/D-IV,Pemasaran dan Pelayanan Pelanggan,Kota Ambon,16 Oktober 2023,25 Oktober 2023 23:59 WIB,2.75,"MANAJEMEN BISNIS, MANAJEMEN PEMASARAN, TEKNIK INDUSTRI",MANAJEMEN BISNIS minimal 2.75 MANAJEMEN PEMASARAN minimal 2.75 TEKNIK INDUSTRI minimal 2.75,REKRUTMEN PLN GROUP PUTRA-PUTRI ASLI MALUKU DAN NUSA TENGGARA JENJANG S1/D3 TAHUN 2023 LOKASI MALUKU DAN MALUKU UTARA
MTE4MjkxNjk3MTk5NzAw,4.8.2.S1,86,S1/D-IV,Akuntansi,Kota Ambon,16 Oktober 2023,25 Oktober 2023 23:59 WIB,2.75,AKUNTANSI,AKUNTANSI minimal 2.75,REKRUTMEN PLN GROUP PUTRA-PUTRI ASLI MALUKU DAN NUSA TENGGARA JENJANG S1/D3 TAHUN 2023 LOKASI MALUKU DAN MALUKU UTARA
MTE4MjkxNjk3MTk5NzAw,4.8.4.S1,86,S1/D-IV,Manajemen Keuangan,Kota Ambon,16 Oktober 2023,25 Oktober 2023 23:59 WIB,2.75,"KEUANGAN, MANAJEMEN KEUANGAN",KEUANGAN minimal 2.75 MANAJEMEN KEUANGAN minimal 2.75,REKRUTMEN PLN GROUP PUTRA-PUTRI ASLI MALUKU DAN NUSA TENGGARA JENJANG S1/D3 TAHUN 2023 LOKASI MALUKU DAN MALUKU UTARA
MTE4MjkxNjk3MTk5NzAw,3.1.4.D3,86,D-III,Pemeliharaan Distribusi,Kota Ambon,16 Oktober 2023,25 Oktober 2023 23:59 WIB,2.75,TEKNIK ELEKTRO,TEKNIK ELEKTRO minimal 2.75,REKRUTMEN PLN GROUP PUTRA-PUTRI ASLI MALUKU DAN NUSA TENGGARA JENJANG S1/D3 TAHUN 2023 LOKASI MALUKU DAN MALUKU UTARA
MTE3MDMxNjgzODYyMzEz,3.1.4.S1,81,S1/D-IV,Pemeliharaan Distribusi,Kabupaten Manokwari,22 Mei 2023,02 Juni 2023 23:59 WIB,2.5,TEKNIK ELEKTRO,TEKNIK ELEKTRO minimal 2.5,REKRUTMEN ORANG ASLI PAPUA (OAP) TAHUN 2023 LOKASI MANOKWARI
MTE3MDMxNjgzODYyMzEz,2.1.4.S1,81,S1/D-IV,Pemeliharaan Transmisi dan Gardu Induk,Kabupaten Manokwari,22 Mei 2023,02 Juni 2023 23:59 WIB,2.5,TEKNIK ELEKTRO,TEKNIK ELEKTRO minimal 2.5,REKRUTMEN ORANG ASLI PAPUA (OAP) TAHUN 2023 LOKASI MANOKWARI
MTE3MDMxNjgzODYyMzEz,4.2.5.S1,81,S1/D-IV,Manajemen Konstruksi,Kabupaten Manokwari,22 Mei 2023,02 Juni 2023 23:59 WIB,2.5,TEKNIK SIPIL,TEKNIK SIPIL minimal 2.5,REKRUTMEN ORANG ASLI PAPUA (OAP) TAHUN 2023 LOKASI MANOKWARI
MTE3MDMxNjgzODYyMzEz,1.2.4.S1,81,S1/D-IV,Pemeliharaan Pembangkitan,Kabupaten Manokwari,22 Mei 2023,02 Juni 2023 23:59 WIB,2.5,TEKNIK MESIN,TEKNIK MESIN minimal 2.5,REKRUTMEN ORANG ASLI PAPUA (OAP) TAHUN 2023 LOKASI MANOKWARI
MTE3MDMxNjgzODYyMzEz,3.2.2.S1,81,S1/D-IV,Pemasaran dan Pelayanan Pelanggan,Kabupaten Manokwari,22 Mei 2023,02 Juni 2023 23:59 WIB,2.5,"MANAJEMEN, MANAJEMEN BISNIS, MANAJEMEN PEMASARAN, TEKNIK INDUSTRI",MANAJEMEN minimal 2.5 MANAJEMEN BISNIS minimal 2.5 MANAJEMEN PEMASARAN minimal 2.5 TEKNIK INDUSTRI minimal 2.5,REKRUTMEN ORANG ASLI PAPUA (OAP) TAHUN 2023 LOKASI MANOKWARI
MTE3MDMxNjgzODYyMzEz,4.8.2.S1,81,S1/D-IV,Akuntansi,Kabupaten Manokwari,22 Mei 2023,02 Juni 2023 23:59 WIB,2.5,AKUNTANSI,AKUNTANSI minimal 2.5,REKRUTMEN ORANG ASLI PAPUA (OAP) TAHUN 2023 LOKASI MANOKWARI
MTE2OTcxNjgxNzAwODM4,3.1.4.S1,81,S1/D-IV,Pemeliharaan Distribusi,Kota Jayapura,22 Mei 2023,02 Juni 2023 23:59 WIB,2.5,TEKNIK ELEKTRO,TEKNIK ELEKTRO minimal 2.5,REKRUTMEN ORANG ASLI PAPUA (OAP) TAHUN 2023 LOKASI JAYAPURA
MTE2OTcxNjgxNzAwODM4,2.1.4.S1,81,S1/D-IV,Pemeliharaan Transmisi dan Gardu Induk,Kota Jayapura,22 Mei 2023,02 Juni 2023 23:59 WIB,2.5,TEKNIK ELEKTRO,TEKNIK ELEKTRO minimal 2.5,REKRUTMEN ORANG ASLI PAPUA (OAP) TAHUN 2023 LOKASI JAYAPURA
MTE2OTcxNjgxNzAwODM4,4.2.5.S1,81,S1/D-IV,Manajemen Konstruksi,Kota Jayapura,22 Mei 2023,02 Juni 2023 23:59 WIB,2.5,TEKNIK SIPIL,TEKNIK SIPIL minimal 2.5,REKRUTMEN ORANG ASLI PAPUA (OAP) TAHUN 2023 LOKASI JAYAPURA
MTE2OTcxNjgxNzAwODM4,3.2.2.S1,81,S1/D-IV,Pemasaran dan Pelayanan Pelanggan,Kota Jayapura,22 Mei 2023,02 Juni 2023 23:59 WIB,2.5,"MANAJEMEN, MANAJEMEN BISNIS, MANAJEMEN PEMASARAN, TEKNIK INDUSTRI",MANAJEMEN BISNIS minimal 2.5 MANAJEMEN PEMASARAN minimal 2.5 TEKNIK INDUSTRI minimal 2.5 MANAJEMEN minimal 2.5,REKRUTMEN ORANG ASLI PAPUA (OAP) TAHUN 2023 LOKASI JAYAPURA
MTE2OTcxNjgxNzAwODM4,1.2.4.S1,81,S1/D-IV,Pemeliharaan Pembangkitan,Kota Jayapura,22 Mei 2023,02 Juni 2023 23:59 WIB,2.5,TEKNIK MESIN,TEKNIK MESIN minimal 2.5,REKRUTMEN ORANG ASLI PAPUA (OAP) TAHUN 2023 LOKASI JAYAPURA
MTE2OTcxNjgxNzAwODM4,4.8.2.S1,81,S1/D-IV,Akuntansi,Kota Jayapura,22 Mei 2023,02 Juni 2023 23:59 WIB,2.5,AKUNTANSI,AKUNTANSI minimal 2.5,REKRUTMEN ORANG ASLI PAPUA (OAP) TAHUN 2023 LOKASI JAYAPURA
MjE3MDgxNjgzODYyNzg1,3.1.4.S1,81,S1/D-IV,Pemeliharaan Distribusi,Kabupaten Merauke,22 Mei 2023,02 Juni 2023 23:59 WIB,2.5,TEKNIK ELEKTRO,TEKNIK ELEKTRO minimal 2.5,REKRUTMEN ORANG ASLI PAPUA (OAP) TAHUN 2023 LOKASI MERAUKE
MjE3MDgxNjgzODYyNzg1,2.1.4.S1,81,S1/D-IV,Pemeliharaan Transmisi dan Gardu Induk,Kabupaten Merauke,22 Mei 2023,02 Juni 2023 23:59 WIB,2.5,TEKNIK ELEKTRO,TEKNIK ELEKTRO minimal 2.5,REKRUTMEN ORANG ASLI PAPUA (OAP) TAHUN 2023 LOKASI MERAUKE
MjE3MDgxNjgzODYyNzg1,4.2.5.S1,81,S1/D-IV,Manajemen Konstruksi,Kabupaten Merauke,22 Mei 2023,02 Juni 2023 23:59 WIB,2.5,TEKNIK SIPIL,TEKNIK SIPIL minimal 2.5,REKRUTMEN ORANG ASLI PAPUA (OAP) TAHUN 2023 LOKASI MERAUKE
MjE3MDgxNjgzODYyNzg1,1.2.1.S1,81,S1/D-IV,Perencanaan Pembangkitan,Kabupaten Merauke,22 Mei 2023,02 Juni 2023 23:59 WIB,2.5,TEKNIK MESIN,TEKNIK MESIN minimal 2.5,REKRUTMEN ORANG ASLI PAPUA (OAP) TAHUN 2023 LOKASI MERAUKE
MjE3MDgxNjgzODYyNzg1,3.2.2.S1,81,S1/D-IV,Pemasaran dan Pelayanan Pelanggan,Kabupaten Merauke,22 Mei 2023,02 Juni 2023 23:59 WIB,2.5,"MANAJEMEN, MANAJEMEN BISNIS, MANAJEMEN PEMASARAN, TEKNIK INDUSTRI",MANAJEMEN minimal 2.5 MANAJEMEN BISNIS minimal 2.5 MANAJEMEN PEMASARAN minimal 2.5 TEKNIK INDUSTRI minimal 2.5,REKRUTMEN ORANG ASLI PAPUA (OAP) TAHUN 2023 LOKASI MERAUKE
MjE3MDgxNjgzODYyNzg1,4.8.2.S1,81,S1/D-IV,Akuntansi,Kabupaten Merauke,22 Mei 2023,02 Juni 2023 23:59 WIB,2.5,AKUNTANSI,AKUNTANSI minimal 2.5,REKRUTMEN ORANG ASLI PAPUA (OAP) TAHUN 2023 LOKASI MERAUKE
MjE3NjIxNjg0NzI0OTc1,2.1.4.S1,81,S1/D-IV,Pemeliharaan Transmisi dan Gardu Induk,Kota Nabire,22 Mei 2023,02 Juni 2023 23:59 WIB,2.5,TEKNIK ELEKTRO,TEKNIK ELEKTRO minimal 2.5,REKRUTMEN ORANG ASLI PAPUA (OAP) TAHUN 2023 LOKASI NABIRE
MjE3NjIxNjg0NzI0OTc1,3.1.4.S1,81,S1/D-IV,Pemeliharaan Distribusi,Kota Nabire,22 Mei 2023,02 Juni 2023 23:59 WIB,2.5,TEKNIK ELEKTRO,TEKNIK ELEKTRO minimal 2.5,REKRUTMEN ORANG ASLI PAPUA (OAP) TAHUN 2023 LOKASI NABIRE
MjE3NjIxNjg0NzI0OTc1,4.2.5.S1,81,S1/D-IV,Manajemen Konstruksi,Kota Nabire,22 Mei 2023,02 Juni 2023 23:59 WIB,2.5,TEKNIK SIPIL,TEKNIK SIPIL minimal 2.5,REKRUTMEN ORANG ASLI PAPUA (OAP) TAHUN 2023 LOKASI NABIRE
MjE3NjIxNjg0NzI0OTc1,1.2.4.S1,81,S1/D-IV,Pemeliharaan Pembangkitan,Kota Nabire,22 Mei 2023,02 Juni 2023 23:59 WIB,2.5,TEKNIK MESIN,TEKNIK MESIN minimal 2.5,REKRUTMEN ORANG ASLI PAPUA (OAP) TAHUN 2023 LOKASI NABIRE
MjE3NjIxNjg0NzI0OTc1,3.2.2.S1,81,S1/D-IV,Pemasaran dan Pelayanan Pelanggan,Kota Nabire,22 Mei 2023,02 Juni 2023 23:59 WIB,2.5,"MANAJEMEN BISNIS, MANAJEMEN PEMASARAN, TEKNIK INDUSTRI",MANAJEMEN BISNIS minimal 2.5 MANAJEMEN PEMASARAN minimal 2.5 TEKNIK INDUSTRI minimal 2.5,REKRUTMEN ORANG ASLI PAPUA (OAP) TAHUN 2023 LOKASI NABIRE
MjE3NjIxNjg0NzI0OTc1,4.8.2.S1,81,S1/D-IV,Akuntansi,Kota Nabire,22 Mei 2023,02 Juni 2023 23:59 WIB,2.5,AKUNTANSI,AKUNTANSI minimal 2.5,REKRUTMEN ORANG ASLI PAPUA (OAP) TAHUN 2023 LOKASI NABIRE
MjE3NTIxNjg0NzI0MzEy,3.1.4.S1,81,S1/D-IV,Pemeliharaan Distribusi,Kabupaten Biak Numfor,22 Mei 2023,02 Juni 2023 23:59 WIB,2.5,TEKNIK ELEKTRO,TEKNIK ELEKTRO minimal 2.5,REKRUTMEN ORANG ASLI PAPUA (OAP) TAHUN 2023 LOKASI BIAK
MjE3NTIxNjg0NzI0MzEy,2.1.4.S1,81,S1/D-IV,Pemeliharaan Transmisi dan Gardu Induk,Kabupaten Biak Numfor,22 Mei 2023,02 Juni 2023 23:59 WIB,2.5,TEKNIK ELEKTRO,TEKNIK ELEKTRO minimal 2.5,REKRUTMEN ORANG ASLI PAPUA (OAP) TAHUN 2023 LOKASI BIAK
MjE3NTIxNjg0NzI0MzEy,1.2.4.S1,81,S1/D-IV,Pemeliharaan Pembangkitan,Kabupaten Biak Numfor,22 Mei 2023,02 Juni 2023 23:59 WIB,2.5,TEKNIK MESIN,TEKNIK MESIN minimal 2.5,REKRUTMEN ORANG ASLI PAPUA (OAP) TAHUN 2023 LOKASI BIAK
MjE3NTIxNjg0NzI0MzEy,4.2.5.S1,81,S1/D-IV,Manajemen Konstruksi,Kabupaten Biak Numfor,22 Mei 2023,02 Juni 2023 23:59 WIB,2.5,TEKNIK SIPIL,TEKNIK SIPIL minimal 2.5,REKRUTMEN ORANG ASLI PAPUA (OAP) TAHUN 2023 LOKASI BIAK
MjE3NTIxNjg0NzI0MzEy,4.8.2.S1,81,S1/D-IV,Akuntansi,Kabupaten Biak Numfor,22 Mei 2023,02 Juni 2023 23:59 WIB,2.5,AKUNTANSI,AKUNTANSI minimal 2.5,REKRUTMEN ORANG ASLI PAPUA (OAP) TAHUN 2023 LOKASI BIAK
MjE3NTIxNjg0NzI0MzEy,3.2.2.S1,81,S1/D-IV,Pemasaran dan Pelayanan Pelanggan,Kabupaten Biak Numfor,22 Mei 2023,02 Juni 2023 23:59 WIB,2.5,"MANAJEMEN, MANAJEMEN BISNIS, MANAJEMEN PEMASARAN, TEKNIK INDUSTRI",MANAJEMEN minimal 2.5 MANAJEMEN BISNIS minimal 2.5 MANAJEMEN PEMASARAN minimal 2.5 TEKNIK INDUSTRI minimal 2.5,REKRUTMEN ORANG ASLI PAPUA (OAP) TAHUN 2023 LOKASI BIAK
MjE3MzgxNjg0NzIzNDcz,3.1.4.S1,81,S1/D-IV,Pemeliharaan Distribusi,Kota Sorong,22 Mei 2023,02 Juni 2023 23:59 WIB,2.5,TEKNIK ELEKTRO,TEKNIK ELEKTRO minimal 2.5,REKRUTMEN ORANG ASLI PAPUA (OAP) TAHUN 2023 LOKASI SORONG
MjE3MzgxNjg0NzIzNDcz,2.1.4.S1,81,S1/D-IV,Pemeliharaan Transmisi dan Gardu Induk,Kota Sorong,22 Mei 2023,02 Juni 2023 23:59 WIB,2.5,TEKNIK ELEKTRO,TEKNIK ELEKTRO minimal 2.5,REKRUTMEN ORANG ASLI PAPUA (OAP) TAHUN 2023 LOKASI SORONG
MjE3MzgxNjg0NzIzNDcz,4.2.5.S1,81,S1/D-IV,Manajemen Konstruksi,Kota Sorong,22 Mei 2023,02 Juni 2023 23:59 WIB,2.5,TEKNIK SIPIL,TEKNIK SIPIL minimal 2.5,REKRUTMEN ORANG ASLI PAPUA (OAP) TAHUN 2023 LOKASI SORONG
MjE3MzgxNjg0NzIzNDcz,1.2.4.S1,81,S1/D-IV,Pemeliharaan Pembangkitan,Kota Sorong,22 Mei 2023,02 Juni 2023 23:59 WIB,2.5,TEKNIK MESIN,TEKNIK MESIN minimal 2.5,REKRUTMEN ORANG ASLI PAPUA (OAP) TAHUN 2023 LOKASI SORONG
MjE3MzgxNjg0NzIzNDcz,3.2.2.S1,81,S1/D-IV,Pemasaran dan Pelayanan Pelanggan,Kota Sorong,22 Mei 2023,02 Juni 2023 23:59 WIB,2.5,"MANAJEMEN, MANAJEMEN BISNIS, MANAJEMEN PEMASARAN, TEKNIK INDUSTRI",MANAJEMEN minimal 2.5 MANAJEMEN BISNIS minimal 2.5 MANAJEMEN PEMASARAN minimal 2.5 TEKNIK INDUSTRI minimal 2.5,REKRUTMEN ORANG ASLI PAPUA (OAP) TAHUN 2023 LOKASI SORONG
MjE3MzgxNjg0NzIzNDcz,4.8.2.S1,81,S1/D-IV,Akuntansi,Kota Sorong,22 Mei 2023,02 Juni 2023 23:59 WIB,2.5,AKUNTANSI,AKUNTANSI minimal 2.5,REKRUTMEN ORANG ASLI PAPUA (OAP) TAHUN 2023 LOKASI SORONG
MjE3MDAxNjgzODYwNTg3,3.1.4.S1,81,S1/D-IV,Pemeliharaan Distribusi,Kabupaten Mimika,22 Mei 2023,02 Juni 2023 23:59 WIB,2.5,TEKNIK ELEKTRO,TEKNIK ELEKTRO minimal 2.5,REKRUTMEN ORANG ASLI PAPUA (OAP) TAHUN 2023 LOKASI TIMIKA
MjE3MDAxNjgzODYwNTg3,2.1.4.S1,81,S1/D-IV,Pemeliharaan Transmisi dan Gardu Induk,Kabupaten Mimika,22 Mei 2023,02 Juni 2023 23:59 WIB,2.5,TEKNIK ELEKTRO,TEKNIK ELEKTRO minimal 2.5,REKRUTMEN ORANG ASLI PAPUA (OAP) TAHUN 2023 LOKASI TIMIKA
MjE3MDAxNjgzODYwNTg3,4.2.5.S1,81,S1/D-IV,Manajemen Konstruksi,Kabupaten Mimika,22 Mei 2023,02 Juni 2023 23:59 WIB,2.5,TEKNIK SIPIL,TEKNIK SIPIL minimal 2.5,REKRUTMEN ORANG ASLI PAPUA (OAP) TAHUN 2023 LOKASI TIMIKA
MjE3MDAxNjgzODYwNTg3,1.2.4.S1,81,S1/D-IV,Pemeliharaan Pembangkitan,Kabupaten Mimika,22 Mei 2023,02 Juni 2023 23:59 WIB,2.5,TEKNIK MESIN,TEKNIK MESIN minimal 2.5,REKRUTMEN ORANG ASLI PAPUA (OAP) TAHUN 2023 LOKASI TIMIKA
MjE3MDAxNjgzODYwNTg3,3.2.2.S1,81,S1/D-IV,Pemasaran dan Pelayanan Pelanggan,Kabupaten Mimika,22 Mei 2023,02 Juni 2023 23:59 WIB,2.5,"MANAJEMEN, MANAJEMEN BISNIS, MANAJEMEN PEMASARAN, TEKNIK INDUSTRI",MANAJEMEN minimal 2.5 MANAJEMEN BISNIS minimal 2.5 MANAJEMEN PEMASARAN minimal 2.5 TEKNIK INDUSTRI minimal 2.5,REKRUTMEN ORANG ASLI PAPUA (OAP) TAHUN 2023 LOKASI TIMIKA
MjE3MDAxNjgzODYwNTg3,4.8.2.S1,81,S1/D-IV,Akuntansi,Kabupaten Mimika,22 Mei 2023,02 Juni 2023 23:59 WIB,2.5,AKUNTANSI,AKUNTANSI minimal 2.5,REKRUTMEN ORANG ASLI PAPUA (OAP) TAHUN 2023 LOKASI TIMIKA
MjE3MjYxNjg0NzE5ODQz,3.1.4.S1,81,S1/D-IV,Pemeliharaan Distribusi,Kabupaten Jayawijaya,22 Mei 2023,02 Juni 2023 23:59 WIB,2.5,TEKNIK ELEKTRO,TEKNIK ELEKTRO minimal 2.5,REKRUTMEN ORANG ASLI PAPUA (OAP) TAHUN 2023 LOKASI WAMENA
MjE3MjYxNjg0NzE5ODQz,2.1.4.S1,81,S1/D-IV,Pemeliharaan Transmisi dan Gardu Induk,Kabupaten Jayawijaya,22 Mei 2023,02 Juni 2023 23:59 WIB,2.5,TEKNIK ELEKTRO,TEKNIK ELEKTRO minimal 2.5,REKRUTMEN ORANG ASLI PAPUA (OAP) TAHUN 2023 LOKASI WAMENA
MjE3MjYxNjg0NzE5ODQz,1.2.4.S1,81,S1/D-IV,Pemeliharaan Pembangkitan,Kabupaten Jayawijaya,22 Mei 2023,02 Juni 2023 23:59 WIB,2.5,TEKNIK MESIN,TEKNIK MESIN minimal 2.5,REKRUTMEN ORANG ASLI PAPUA (OAP) TAHUN 2023 LOKASI WAMENA
MjE3MjYxNjg0NzE5ODQz,4.2.5.S1,81,S1/D-IV,Manajemen Konstruksi,Kabupaten Jayawijaya,22 Mei 2023,02 Juni 2023 23:59 WIB,2.5,TEKNIK SIPIL,TEKNIK SIPIL minimal 2.5,REKRUTMEN ORANG ASLI PAPUA (OAP) TAHUN 2023 LOKASI WAMENA
MjE3MjYxNjg0NzE5ODQz,3.2.2.S1,81,S1/D-IV,Pemasaran dan Pelayanan Pelanggan,Kabupaten Jayawijaya,22 Mei 2023,02 Juni 2023 23:59 WIB,2.5,"MANAJEMEN, MANAJEMEN BISNIS, MANAJEMEN PEMASARAN, TEKNIK INDUSTRI",MANAJEMEN minimal 2.5 MANAJEMEN BISNIS minimal 2.5 MANAJEMEN PEMASARAN minimal 2.5 TEKNIK INDUSTRI minimal 2.5,REKRUTMEN ORANG ASLI PAPUA (OAP) TAHUN 2023 LOKASI WAMENA
MjE3MjYxNjg0NzE5ODQz,4.8.2.S1,81,S1/D-IV,Akuntansi,Kabupaten Jayawijaya,22 Mei 2023,02 Juni 2023 23:59 WIB,2.5,AKUNTANSI,AKUNTANSI minimal 2.5,REKRUTMEN ORANG ASLI PAPUA (OAP) TAHUN 2023 LOKASI WAMENA
MTE2NTcxNjY1MDY0ODQw,2.1.2.S2,9,S2,Enjiniring Transmisi dan Gardu Induk,Kota Administrasi Jakarta Selatan,07 Oktober 2022,16 Oktober 2022 23:59 WIB,3,TEKNIK ELEKTRO,TEKNIK ELEKTRO minimal 3,Rekrutmen PLN Group Tingkat S2 Pro Hire Indonesia Career Excellence 2022
MTE2NTcxNjY1MDY0ODQw,1.2.2.S2,9,S2,Enjiniring Pembangkitan,Kota Administrasi Jakarta Selatan,07 Oktober 2022,16 Oktober 2022 23:59 WIB,3,"ENERGI BARU TERBARUKAN, TEKNIK ELEKTRO, TEKNIK KIMIA",ENERGI BARU TERBARUKAN minimal 3 TEKNIK ELEKTRO minimal 3 TEKNIK KIMIA minimal 3,Rekrutmen PLN Group Tingkat S2 Pro Hire Indonesia Career Excellence 2022
MTE2NTcxNjY1MDY0ODQw,4.4.1.S2,9,S2,Teknologi Informasi,Kota Administrasi Jakarta Selatan,07 Oktober 2022,16 Oktober 2022 23:59 WIB,3,DATA SCIENCE,DATA SCIENCE minimal 3,Rekrutmen PLN Group Tingkat S2 Pro Hire Indonesia Career Excellence 2022
MTE2NTcxNjY1MDY0ODQw,4.8.5.S2,9,S2,Manajemen Perusahaan,Kota Administrasi Jakarta Selatan,07 Oktober 2022,16 Oktober 2022 23:59 WIB,3,"ADMINISTRASI BISNIS, MANAJEMEN ASET, MANAJEMEN BISNIS, MANAJEMEN INVESTASI BANK",ADMINISTRASI BISNIS minimal 3 MANAJEMEN ASET minimal 3 MANAJEMEN BISNIS minimal 3 MANAJEMEN INVESTASI BANK minimal 3,Rekrutmen PLN Group Tingkat S2 Pro Hire Indonesia Career Excellence 2022
MTE2NTcxNjY1MDY0ODQw,3.2.1.S2,9,S2,Niaga,Kota Administrasi Jakarta Selatan,07 Oktober 2022,16 Oktober 2022 23:59 WIB,3,"BIG DATA DAN BUSINESS INTELLIGENCE, DIGITAL MARKETING DAN ANALYTICS",BIG DATA DAN BUSINESS INTELLIGENCE minimal 3 DIGITAL MARKETING DAN ANALYTICS minimal 3,Rekrutmen PLN Group Tingkat S2 Pro Hire Indonesia Career Excellence 2022
MjE2NDYxNjY1MDYxNjcx,4.3.1.S2,78,S2,Hukum,Kota Administrasi Jakarta Selatan,07 Oktober 2022,16 Oktober 2022 23:59 WIB,3,HUKUM,HUKUM minimal 3,Rekrutmen PLN Group Tingkat S2 Fresh Graduate Indonesia Career Excellence 2022
MjE2NDYxNjY1MDYxNjcx,4.4.1.S2,78,S2,Teknologi Informasi,Kota Administrasi Jakarta Selatan,07 Oktober 2022,16 Oktober 2022 23:59 WIB,3,TEKNIK INFORMATIKA,TEKNIK INFORMATIKA minimal 3,Rekrutmen PLN Group Tingkat S2 Fresh Graduate Indonesia Career Excellence 2022
MjE2NDYxNjY1MDYxNjcx,1.2.2.S2,78,S2,Enjiniring Pembangkitan,Kota Administrasi Jakarta Selatan,07 Oktober 2022,16 Oktober 2022 23:59 WIB,3,"ENERGI BARU TERBARUKAN, TEKNIK KIMIA, TEKNIK MESIN",TEKNIK KIMIA minimal 3 TEKNIK MESIN minimal 3 ENERGI BARU TERBARUKAN minimal 3,Rekrutmen PLN Group Tingkat S2 Fresh Graduate Indonesia Career Excellence 2022
MjE2NDYxNjY1MDYxNjcx,4.4.3.S2,78,S2,Data Analitik,Kota Administrasi Jakarta Selatan,07 Oktober 2022,16 Oktober 2022 23:59 WIB,3,DATA SCIENCE,DATA SCIENCE minimal 3,Rekrutmen PLN Group Tingkat S2 Fresh Graduate Indonesia Career Excellence 2022
MjE2NDYxNjY1MDYxNjcx,4.4.2.S2,78,S2,Manajemen Digital,Kota Administrasi Jakarta Selatan,07 Oktober 2022,16 Oktober 2022 23:59 WIB,3,"KEUANGAN, MANAJEMEN, MANAJEMEN KEUANGAN, TEKNIK INDUSTRI",KEUANGAN minimal 3 MANAJEMEN minimal 3 MANAJEMEN KEUANGAN minimal 3 TEKNIK INDUSTRI minimal 3,Rekrutmen PLN Group Tingkat S2 Fresh Graduate Indonesia Career Excellence 2022
MTE2MTUxNjQ4NjA0ODEx,ICON.15.S1,8,S1/D-IV,Pembangunan dan Aktivasi (Icon+),Kota Administrasi Jakarta Selatan,30 Maret 2022,08 April 2022 23:59 WIB,3,TEKNIK TELEKOMUNIKASI,TEKNIK TELEKOMUNIKASI minimal 3,REKRUTMEN PLN GROUP PT INDONESIA COMNETS PLUS TINGKAT S1/D4 TAHUN 2022
MTE2MTUxNjQ4NjA0ODEx,ICON.14.S1,8,S1/D-IV,Pemeliharaan dan Aset (Icon+),Kota Administrasi Jakarta Selatan,30 Maret 2022,08 April 2022 23:59 WIB,3,TEKNIK TELEKOMUNIKASI,TEKNIK TELEKOMUNIKASI minimal 3,REKRUTMEN PLN GROUP PT INDONESIA COMNETS PLUS TINGKAT S1/D4 TAHUN 2022
MTE1ODcxNjA5MzI2NzYw,3.1.2.S1,74,S1/D-IV,Enjiniring Distribusi,Kota Jayapura,30 Desember 2020,09 Januari 2021 23:59 WIB,2.75,TEKNIK ELEKTRO,TEKNIK ELEKTRO minimal 2.75,REKRUTMEN PPB BUMN KHUSUS PUTRA PUTRI PAPUA
MTE1ODcxNjA5MzI2NzYw,2.1.2.S1,74,S1/D-IV,Enjiniring Transmisi dan Gardu Induk,Kota Jayapura,30 Desember 2020,09 Januari 2021 23:59 WIB,2.75,TEKNIK ELEKTRO,TEKNIK ELEKTRO minimal 2.75,REKRUTMEN PPB BUMN KHUSUS PUTRA PUTRI PAPUA
