program_id,title,status,jenjang,angkatan,kode_profesi,lokasi_tes,tgl_buka,tgl_tutup,minat_profesi,program_studi,pdf_files,detail_url,listing_page
MjE5MzgxNzU4NTMzOTE2,REKRUTMEN PLN GROUP TINGKAT S1/D4 DAN D3 TAHUN 2025 (Penempatan : PT PLN Indonesia Power),CLOSED,"D-III, S1/D-IV",92,IP.UM.D3; IP.UM.S1; IP.UM.S1.1,Seluruh Indonesia,01 Oktober 2025,05 Oktober 2025 23:59 WIB,"Proyeksi PT PLN Indonesia Power - Lokasi Penempatan Seluruh Indonesia (Jurusan Teknik), Proyeksi PT PLN Indonesia Power - Lokasi Penempatan Seluruh Indonesia (Jurusan Non Teknik)","TEKNIK ELEKTRO, TEKNIK MESIN, TEKNIK SIPIL, DATA SCIENCE, ENERGI BARU TERBARUKAN, KESELAMATAN DAN KESEHATAN KERJA, KONVERSI ENERGI, SAFETY ENGINEERING, TEKNIK GEODESI, TEKNIK INDUSTRI, TEKNIK INFORMATIKA, TEKNIK KIMIA, TEKNIK LINGKUNGAN, TEKNIK MATERIAL, ADMINISTRASI, ADMINISTRASI BISNIS, ADMINISTRASI FISKAL, AKUNTANSI, BISNIS, BISNIS ANALIS, HUBUNGAN MASYARAKAT, KESEHATAN MASYARAKAT K3, KOMUNIKASI, MANAJEMEN, MANAJEMEN BISNIS, PSIKOLOGI",1759155188_Rekrutmen PLN Nasional 2025.pdf,https://rekrutmen.pln.co.id/vacancy/site/view/id/MjE5MzgxNzU4NTMzOTE2,1
MjE5NDIxNzU4NTM1ODY5,REKRUTMEN PLN GROUP TINGKAT S1/D4 DAN D3 TAHUN 2025 (Penempatan : PT PLN Nusa Daya),CLOSED,"D-III, S1/D-IV",92,ND.UM.D3; ND.UM.S1,Seluruh Indonesia,01 Oktober 2025,05 Oktober 2025 23:59 WIB,Proyeksi PT PLN Nusa Daya - Lokasi Penempatan Seluruh Indonesia,"TEKNIK LISTRIK, TEKNIK MESIN, AKUNTANSI, KOMUNIKASI, MANAJEMEN, MANAJEMEN BISNIS, MANAJEMEN KEUANGAN, PSIKOLOGI",1759155308_Rekrutmen PLN Nasional 2025.pdf,https://rekrutmen.pln.co.id/vacancy/site/view/id/MjE5NDIxNzU4NTM1ODY5,1
MjE5NTQxNzU5MTUxMDM2,REKRUTMEN PLN GROUP TINGKAT S1/D4 BIDANG MATEMATIKA TAHUN 2025,CLOSED,S1/D-IV,,,Seluruh Indonesia,01 Oktober 2025,05 Oktober 2025,Proyeksi PLN GROUP - Lokasi Penempatan Seluruh Indonesia,MATEMATIKA,1759155336_Rekrutmen PLN Nasional 2025.pdf,https://rekrutmen.pln.co.id/vacancy/site/view/id/MjE5NTQxNzU5MTUxMDM2,1
MTE5NDExNzU4NTM1ODEz,REKRUTMEN PLN GROUP TINGKAT S1/D4 DAN D3 TAHUN 2025 (Penempatan : PT PLN Energi Primer Indonesia),CLOSED,S1/D-IV,,,Seluruh Indonesia,01 Oktober 2025,05 Oktober 2025,Proyeksi PT PLN Energi Primer Indonesia - Lokasi Penempatan Seluruh Indonesia,"SUPPLY CHAIN MANAGEMENT, TEKNIK GEOLOGI, TEKNIK INDUSTRI, TEKNIK PERTAMBANGAN",1759155229_Rekrutmen PLN Nasional 2025.pdf,https://rekrutmen.pln.co.id/vacancy/site/view/id/MTE5NDExNzU4NTM1ODEz,1
MjE5NjAxNzU5MjUxMTM5,REKRUTMEN JENJANG S2 & S1 BIDANG HUKUM PLN GROUP TAHUN 2025 (Keterangan Penyetaraan Ijazah Dapat Disampaikan Pada Tahap Seleksi Akhir),CLOSED,"S1/D-IV, S2",92,S1.HK; S2.HK; S2EX.HK,Seluruh Indonesia,01 Oktober 2025,05 Oktober 2025 23:59 WIB,"Proyeksi PLN GROUP - S1 Hukum - Lokasi Penempatan Seluruh Indonesia, Proyeksi PLN GROUP - S2 Hukum/Public Policy Diaspora - Lokasi Pengangkatan Jakarta, Proyeksi PLN GROUP - S2 Hukum/Non Hukum dengan Latar Belakang S1 Hukum - Lokasi Pengangkatan Jakarta","HUKUM, PUBLIC POLICY, PROGRAM STUDI LAINNYA NON TEKNIK, PROGRAM STUDI LAINNYA TEKNIK",1759251139_Flyer Rekrutmen Bidang Hukum 2025.pdf,https://rekrutmen.pln.co.id/vacancy/site/view/id/MjE5NjAxNzU5MjUxMTM5,1
MjE5NTIxNzU5MTUwMDMz,REKRUTMEN PLN GROUP TINGKAT S1/D4 DAN D3 TAHUN 2025 (Penempatan : PT PLN Nusantara Power),CLOSED,"D-III, S1/D-IV",92,NP.UM.D3; NP.UM.S1,Seluruh Indonesia,01 Oktober 2025,05 Oktober 2025 23:59 WIB,Proyeksi PT PLN Nusantara Power - Lokasi Penempatan Seluruh Indonesia,"AKUNTANSI, KESELAMATAN DAN KESEHATAN KERJA, KEUANGAN, LINGKUNGAN, LOGISTIK, SUPPLY CHAIN MANAGEMENT, TEKNIK ELEKTRO, TEKNIK INDUSTRI, TEKNIK LINGKUNGAN, TEKNIK MESIN, TEKNIK SIPIL",1759155210_Rekrutmen PLN Nasional 2025.pdf,https://rekrutmen.pln.co.id/vacancy/site/view/id/MjE5NTIxNzU5MTUwMDMz,1
MjE5NDQxNzU4NTM2MDcw,REKRUTMEN PLN GROUP TINGKAT S1/D4 DAN D3 TAHUN 2025 (Penempatan : PT PLN Electricity Services),CLOSED,"D-III, S1/D-IV",92,ES.UM.D3; ES.UM.S1,Seluruh Indonesia,01 Oktober 2025,05 Oktober 2025 23:59 WIB,Proyeksi PT PLN Electricity Services - Lokasi Penempatan Seluruh Indonesia,"ADMINISTRASI BISNIS, KEUANGAN, TEKNIK ELEKTRO, TEKNIK INFORMATIKA, MANAJEMEN",1759155279_Rekrutmen PLN Nasional 2025.pdf,https://rekrutmen.pln.co.id/vacancy/site/view/id/MjE5NDQxNzU4NTM2MDcw,1
MTE5MDExNzU3MjI5MTI0,REKRUTMEN PUTRA-PUTRI ASLI PAPUA PLN GROUP TAHUN 2025 LOKASI MERAUKE,CLOSED,"D-III, S1/D-IV",91,IP.OAP.D3; IP.OAP.S1; NP.OAP.S1; PLN.OAP.D3; PLN.OAP.S1,Merauke,08 September 2025,21 September 2025 23:59 WIB,"Proyeksi PT PLN (PERSERO) - Lokasi Penempatan Seluruh Indonesia, Proyeksi PT PLN Indonesia Power - Pengangkatan Di Papua, Proyeksi PT PLN Nusantara Power - Lokasi Penempatan Seluruh Indonesia","ADMINISTRASI, AKUNTANSI, MANAJEMEN, PROGRAM STUDI LAINNYA NON TEKNIK, PROGRAM STUDI LAINNYA TEKNIK, TEKNIK ELEKTRO, TEKNIK INDUSTRI, TEKNIK SIPIL, BISNIS, HUBUNGAN MASYARAKAT, HUKUM, KESELAMATAN DAN KESEHATAN KERJA, KOMUNIKASI, KONVERSI ENERGI, PSIKOLOGI, TEKNIK MESIN",1757229124_REKRUTMEN OAP 2025 PROMO.pdf,https://rekrutmen.pln.co.id/vacancy/site/view/id/MTE5MDExNzU3MjI5MTI0,1
MTE5MTcxNzU3MjI5NjAx,REKRUTMEN PUTRA-PUTRI ASLI PAPUA PLN GROUP TAHUN 2025 LOKASI WAMENA,CLOSED,"D-III, S1/D-IV",91,IP.OAP.D3; IP.OAP.S1; NP.OAP.S1; PLN.OAP.D3; PLN.OAP.S1,Wamena,08 September 2025,21 September 2025 23:59 WIB,"Proyeksi PT PLN (PERSERO) - Lokasi Penempatan Seluruh Indonesia, Proyeksi PT PLN Indonesia Power - Pengangkatan Di Papua, Proyeksi PT PLN Nusantara Power - Lokasi Penempatan Seluruh Indonesia","ADMINISTRASI, AKUNTANSI, MANAJEMEN, PROGRAM STUDI LAINNYA NON TEKNIK, PROGRAM STUDI LAINNYA TEKNIK, TEKNIK ELEKTRO, TEKNIK INDUSTRI, TEKNIK SIPIL, BISNIS, HUBUNGAN MASYARAKAT, HUKUM, KESELAMATAN DAN KESEHATAN KERJA, KOMUNIKASI, KONVERSI ENERGI, PSIKOLOGI, TEKNIK MESIN",1757229610_REKRUTMEN OAP 2025 PROMO.pdf,https://rekrutmen.pln.co.id/vacancy/site/view/id/MTE5MTcxNzU3MjI5NjAx,2
MTE5MTMxNzU3MjI5NTA5,REKRUTMEN PUTRA-PUTRI ASLI PAPUA PLN GROUP TAHUN 2025 LOKASI TIMIKA,CLOSED,"D-III, S1/D-IV",91,IP.OAP.D3; IP.OAP.S1; NP.OAP.S1; PLN.OAP.D3; PLN.OAP.S1,Timika,08 September 2025,21 September 2025 23:59 WIB,"Proyeksi PT PLN (PERSERO) - Lokasi Penempatan Seluruh Indonesia, Proyeksi PT PLN Indonesia Power - Pengangkatan Di Papua, Proyeksi PT PLN Nusantara Power - Lokasi Penempatan Seluruh Indonesia","ADMINISTRASI, AKUNTANSI, MANAJEMEN, PROGRAM STUDI LAINNYA NON TEKNIK, PROGRAM STUDI LAINNYA TEKNIK, TEKNIK ELEKTRO, TEKNIK INDUSTRI, TEKNIK SIPIL, BISNIS, HUBUNGAN MASYARAKAT, HUKUM, KESELAMATAN DAN KESEHATAN KERJA, KOMUNIKASI, KONVERSI ENERGI, PSIKOLOGI, TEKNIK MESIN",1757229509_REKRUTMEN OAP 2025 PROMO.pdf,https://rekrutmen.pln.co.id/vacancy/site/view/id/MTE5MTMxNzU3MjI5NTA5,2
MTE5MDUxNzU3MjI5Mjkz,REKRUTMEN PUTRA-PUTRI ASLI PAPUA PLN GROUP TAHUN 2025 LOKASI BIAK,CLOSED,"D-III, S1/D-IV",91,IP.OAP.D3; IP.OAP.S1; NP.OAP.S1; PLN.OAP.D3; PLN.OAP.S1,Biak Numfor,08 September 2025,21 September 2025 23:59 WIB,"Proyeksi PT PLN (PERSERO) - Lokasi Penempatan Seluruh Indonesia, Proyeksi PT PLN Indonesia Power - Pengangkatan Di Papua, Proyeksi PT PLN Nusantara Power - Lokasi Penempatan Seluruh Indonesia","ADMINISTRASI, AKUNTANSI, MANAJEMEN, PROGRAM STUDI LAINNYA NON TEKNIK, PROGRAM STUDI LAINNYA TEKNIK, TEKNIK ELEKTRO, TEKNIK INDUSTRI, TEKNIK SIPIL, BISNIS, HUBUNGAN MASYARAKAT, HUKUM, KESELAMATAN DAN KESEHATAN KERJA, KOMUNIKASI, KONVERSI ENERGI, PSIKOLOGI, TEKNIK MESIN",1757229293_REKRUTMEN OAP 2025 PROMO.pdf,https://rekrutmen.pln.co.id/vacancy/site/view/id/MTE5MDUxNzU3MjI5Mjkz,2
MTE4OTcxNzU3MjI4OTM2,REKRUTMEN PUTRA-PUTRI ASLI PAPUA PLN GROUP TAHUN 2025 LOKASI SORONG,CLOSED,"D-III, S1/D-IV",91,IP.OAP.D3; IP.OAP.S1; NP.OAP.S1; PLN.OAP.D3; PLN.OAP.S1,Sorong,08 September 2025,21 September 2025 23:59 WIB,"Proyeksi PT PLN (PERSERO) - Lokasi Penempatan Seluruh Indonesia, Proyeksi PT PLN Indonesia Power - Pengangkatan Di Papua, Proyeksi PT PLN Nusantara Power - Lokasi Penempatan Seluruh Indonesia","ADMINISTRASI, AKUNTANSI, MANAJEMEN, PROGRAM STUDI LAINNYA NON TEKNIK, PROGRAM STUDI LAINNYA TEKNIK, TEKNIK ELEKTRO, TEKNIK INDUSTRI, TEKNIK SIPIL, BISNIS, HUBUNGAN MASYARAKAT, HUKUM, KESELAMATAN DAN KESEHATAN KERJA, KOMUNIKASI, KONVERSI ENERGI, PSIKOLOGI, TEKNIK MESIN",1757228936_REKRUTMEN OAP 2025 PROMO.pdf,https://rekrutmen.pln.co.id/vacancy/site/view/id/MTE4OTcxNzU3MjI4OTM2,2
MTE5MDkxNzU3MjI5Mzkz,REKRUTMEN PUTRA-PUTRI ASLI PAPUA PLN GROUP TAHUN 2025 LOKASI NABIRE,CLOSED,"D-III, S1/D-IV",91,IP.OAP.D3; IP.OAP.S1; NP.OAP.S1; PLN.OAP.D3; PLN.OAP.S1,Nabire,08 September 2025,21 September 2025 23:59 WIB,"Proyeksi PT PLN (PERSERO) - Lokasi Penempatan Seluruh Indonesia, Proyeksi PT PLN Indonesia Power - Pengangkatan Di Papua, Proyeksi PT PLN Nusantara Power - Lokasi Penempatan Seluruh Indonesia","ADMINISTRASI, AKUNTANSI, MANAJEMEN, PROGRAM STUDI LAINNYA NON TEKNIK, PROGRAM STUDI LAINNYA TEKNIK, TEKNIK ELEKTRO, TEKNIK INDUSTRI, TEKNIK SIPIL, BISNIS, HUBUNGAN MASYARAKAT, HUKUM, KESELAMATAN DAN KESEHATAN KERJA, KOMUNIKASI, KONVERSI ENERGI, PSIKOLOGI, TEKNIK MESIN",1757229393_REKRUTMEN OAP 2025 PROMO.pdf,https://rekrutmen.pln.co.id/vacancy/site/view/id/MTE5MDkxNzU3MjI5Mzkz,2
MTE4NDExNjk3MjM3Mjcw,REKRUTMEN PLN GROUP PUTRA-PUTRI ASLI MALUKU DAN NUSA TENGGARA JENJANG S1/D3 TAHUN 2023 LOKASI NUSA TENGGARA TIMUR,CLOSED,"S1/D-IV, D-III",86,1.2.4.S1; 2.1.4.S1; 3.1.4.D3; 3.1.4.S1; 3.2.2.S1; 4.2.5.S1; 4.8.2.S1; 4.8.4.S1,Kupang,16 Oktober 2023,25 Oktober 2023 23:59 WIB,"Pemeliharaan Transmisi dan Gardu Induk, Manajemen Keuangan, Pemeliharaan Distribusi, Akuntansi, Pemasaran dan Pelayanan Pelanggan, Manajemen Konstruksi, Pemeliharaan Pembangkitan","TEKNIK ELEKTRO, KEUANGAN, MANAJEMEN KEUANGAN, AKUNTANSI, MANAJEMEN BISNIS, MANAJEMEN PEMASARAN, TEKNIK INDUSTRI, TEKNIK SIPIL, TEKNIK MESIN",1697213146_FLYER MALUKU NUSRA.pdf,https://rekrutmen.pln.co.id/vacancy/site/view/id/MTE4NDExNjk3MjM3Mjcw,2
MTE4NDUxNjk3MjM4NTg5,REKRUTMEN PLN GROUP PUTRA-PUTRI ASLI MALUKU DAN NUSA TENGGARA JENJANG S1/D3 TAHUN 2023 LOKASI NUSA TENGGARA BARAT,CLOSED,"S1/D-IV, D-III",86,1.2.4.S1; 2.1.4.S1; 3.1.4.D3; 3.1.4.S1; 3.2.2.S1; 4.2.5.S1; 4.8.2.S1; 4.8.4.S1,Mataram,16 Oktober 2023,25 Oktober 2023 23:59 WIB,"Pemeliharaan Transmisi dan Gardu Induk, Pemeliharaan Distribusi, Manajemen Konstruksi, Pemasaran dan Pelayanan Pelanggan, Akuntansi, Manajemen Keuangan, Pemeliharaan Pembangkitan","TEKNIK ELEKTRO, TEKNIK SIPIL, MANAJEMEN BISNIS, MANAJEMEN PEMASARAN, TEKNIK INDUSTRI, AKUNTANSI, KEUANGAN, MANAJEMEN KEUANGAN, TEKNIK MESIN",1697213389_FLYER MALUKU NUSRA.pdf,https://rekrutmen.pln.co.id/vacancy/site/view/id/MTE4NDUxNjk3MjM4NTg5,2
MTE4MjkxNjk3MTk5NzAw,REKRUTMEN PLN GROUP PUTRA-PUTRI ASLI MALUKU DAN NUSA TENGGARA JENJANG S1/D3 TAHUN 2023 LOKASI MALUKU DAN MALUKU UTARA,CLOSED,"S1/D-IV, D-III",86,1.2.4.S1; 2.1.4.S1; 3.1.4.D3; 3.1.4.S1; 3.2.2.S1; 4.2.5.S1; 4.8.2.S1; 4.8.4.S1,Ambon,16 Oktober 2023,25 Oktober 2023 23:59 WIB,"Pemeliharaan Transmisi dan Gardu Induk, Pemeliharaan Distribusi, Manajemen Konstruksi, Pemeliharaan Pembangkitan, Pemasaran dan Pelayanan Pelanggan, Akuntansi, Manajemen Keuangan","TEKNIK ELEKTRO, TEKNIK SIPIL, TEKNIK MESIN, MANAJEMEN BISNIS, MANAJEMEN PEMASARAN, TEKNIK INDUSTRI, AKUNTANSI, KEUANGAN, MANAJEMEN KEUANGAN",1697188109_FLYER MALUKU NUSRA.pdf,https://rekrutmen.pln.co.id/vacancy/site/view/id/MTE4MjkxNjk3MTk5NzAw,2
MjE4MDQxNjg4MjUzMjk2,REKRUTMEN PLN GROUP TINGKAT S2 DIASPORA EXPERIENCED TAHUN 2023,CLOSED,S2,,,Administrasi Jakarta Selatan,03 Juli 2023,17 Juli 2023,Rekrutmen S2 Diaspora Experienced,"ADMINISTRASI BISNIS, AKUNTANSI, HUKUM, MANAJEMEN, MANAJEMEN ASET, MANAJEMEN BISNIS, MANAJEMEN INVESTASI BANK, MANAJEMEN KEUANGAN, MANAJEMEN PEMASARAN, MANAJEMEN PROYEK, MANAJEMEN RISIKO, SUPPLY CHAIN MANAGEMENT, TEKNIK BIOENERGI",1688303316_FA A4 - Rekrutmen S1 _ S2 Diaspora JUNI 2023-compressed.pdf,https://rekrutmen.pln.co.id/vacancy/site/view/id/MjE4MDQxNjg4MjUzMjk2,2
MjE4MDIxNjg4MjUzMjQ2,REKRUTMEN PLN GROUP TINGKAT S2 DIASPORA FRESH GRADUATE TAHUN 2023,CLOSED,S2,,,Administrasi Jakarta Selatan,03 Juli 2023,17 Juli 2023,Rekrutmen S2 Diaspora Fresh Graduate,"ADMINISTRASI BISNIS, AKUNTANSI, HUKUM, MANAJEMEN, MANAJEMEN ASET, MANAJEMEN BISNIS, MANAJEMEN INVESTASI BANK, MANAJEMEN KEUANGAN, MANAJEMEN PEMASARAN, MANAJEMEN PROYEK, MANAJEMEN RISIKO, SUPPLY CHAIN MANAGEMENT, TEKNIK BIOENERGI",1688303353_FA A4 - Rekrutmen S1 _ S2 Diaspora JUNI 2023-compressed.pdf,https://rekrutmen.pln.co.id/vacancy/site/view/id/MjE4MDIxNjg4MjUzMjQ2,2
MTE3OTkxNjg4MjUzMTQx,REKRUTMEN PLN GROUP TINGKAT S1 DIASPORA FRESH GRADUATE TAHUN 2023,CLOSED,S1/D-IV,,,Administrasi Jakarta Pusat,03 Juli 2023,17 Juli 2023,Rekrutmen S1 Diaspora Fresh Graduate,"ADMINISTRASI BISNIS, DATA SCIENCE, ELEKTRONIKA DAN INSTRUMENTASI, MANAJEMEN, MANAJEMEN BISNIS, MANAJEMEN KEUANGAN, MANAJEMEN PEMASARAN, MANAJEMEN PROYEK, SUPPLY CHAIN MANAGEMENT, TEKNIK BIOENERGI, TEKNIK ELEKTRO, TEKNIK INDUSTRI, TEKNIK INFORMATIKA, TEKNIK MESIN, TEKNIK PERTAMBANGAN",1688303338_FA A4 - Rekrutmen S1 _ S2 Diaspora JUNI 2023-compressed.pdf,https://rekrutmen.pln.co.id/vacancy/site/view/id/MTE3OTkxNjg4MjUzMTQx,3
MTE3MDMxNjgzODYyMzEz,REKRUTMEN ORANG ASLI PAPUA (OAP) TAHUN 2023 LOKASI MANOKWARI,CLOSED,S1/D-IV,81,1.2.4.S1; 2.1.4.S1; 3.1.4.S1; 3.2.2.S1; 4.2.5.S1; 4.8.2.S1,Manokwari,22 Mei 2023,02 Juni 2023 23:59 WIB,"Pemeliharaan Distribusi, Pemeliharaan Transmisi dan Gardu Induk, Manajemen Konstruksi, Pemeliharaan Pembangkitan, Pemasaran dan Pelayanan Pelanggan, Akuntansi","TEKNIK ELEKTRO, TEKNIK SIPIL, TEKNIK MESIN, MANAJEMEN, MANAJEMEN BISNIS, MANAJEMEN PEMASARAN, TEKNIK INDUSTRI, AKUNTANSI",1684487098_PENGUMUMAN REKRUTMEN OAP TAHUN 2023.pdf,https://rekrutmen.pln.co.id/vacancy/site/view/id/MTE3MDMxNjgzODYyMzEz,3
MTE2OTcxNjgxNzAwODM4,REKRUTMEN ORANG ASLI PAPUA (OAP) TAHUN 2023 LOKASI JAYAPURA,CLOSED,S1/D-IV,81,1.2.4.S1; 2.1.4.S1; 3.1.4.S1; 3.2.2.S1; 4.2.5.S1; 4.8.2.S1,Jayapura,22 Mei 2023,02 Juni 2023 23:59 WIB,"Pemeliharaan Distribusi, Pemeliharaan Transmisi dan Gardu Induk, Manajemen Konstruksi, Pemasaran dan Pelayanan Pelanggan, Pemeliharaan Pembangkitan, Akuntansi","TEKNIK ELEKTRO, TEKNIK SIPIL, MANAJEMEN, MANAJEMEN BISNIS, MANAJEMEN PEMASARAN, TEKNIK INDUSTRI, TEKNIK MESIN, AKUNTANSI",1684723898_PENGUMUMAN REKRUTMEN OAP TAHUN 2023.pdf,https://rekrutmen.pln.co.id/vacancy/site/view/id/MTE2OTcxNjgxNzAwODM4,3
MjE3MDgxNjgzODYyNzg1,REKRUTMEN ORANG ASLI PAPUA (OAP) TAHUN 2023 LOKASI MERAUKE,CLOSED,S1/D-IV,81,1.2.1.S1; 2.1.4.S1; 3.1.4.S1; 3.2.2.S1; 4.2.5.S1; 4.8.2.S1,Merauke,22 Mei 2023,02 Juni 2023 23:59 WIB,"Pemeliharaan Distribusi, Pemeliharaan Transmisi dan Gardu Induk, Manajemen Konstruksi, Perencanaan Pembangkitan, Pemasaran dan Pelayanan Pelanggan, Akuntansi","TEKNIK ELEKTRO, TEKNIK SIPIL, TEKNIK MESIN, MANAJEMEN, MANAJEMEN BISNIS, MANAJEMEN PEMASARAN, TEKNIK INDUSTRI, AKUNTANSI",1684489159_PENGUMUMAN REKRUTMEN OAP TAHUN 2023.pdf,https://rekrutmen.pln.co.id/vacancy/site/view/id/MjE3MDgxNjgzODYyNzg1,3
MjE3NjIxNjg0NzI0OTc1,REKRUTMEN ORANG ASLI PAPUA (OAP) TAHUN 2023 LOKASI NABIRE,CLOSED,S1/D-IV,81,1.2.4.S1; 2.1.4.S1; 3.1.4.S1; 3.2.2.S1; 4.2.5.S1; 4.8.2.S1,Nabire,22 Mei 2023,02 Juni 2023 23:59 WIB,"Pemeliharaan Transmisi dan Gardu Induk, Pemeliharaan Distribusi, Manajemen Konstruksi, Pemeliharaan Pembangkitan, Pemasaran dan Pelayanan Pelanggan, Akuntansi","TEKNIK ELEKTRO, TEKNIK SIPIL, TEKNIK MESIN, MANAJEMEN BISNIS, MANAJEMEN PEMASARAN, TEKNIK INDUSTRI, AKUNTANSI",1684724975_PENGUMUMAN REKRUTMEN OAP TAHUN 2023.pdf,https://rekrutmen.pln.co.id/vacancy/site/view/id/MjE3NjIxNjg0NzI0OTc1,3
MjE3NTIxNjg0NzI0MzEy,REKRUTMEN ORANG ASLI PAPUA (OAP) TAHUN 2023 LOKASI BIAK,CLOSED,S1/D-IV,81,1.2.4.S1; 2.1.4.S1; 3.1.4.S1; 3.2.2.S1; 4.2.5.S1; 4.8.2.S1,Biak Numfor,22 Mei 2023,02 Juni 2023 23:59 WIB,"Pemeliharaan Distribusi, Pemeliharaan Transmisi dan Gardu Induk, Pemeliharaan Pembangkitan, Manajemen Konstruksi, Akuntansi, Pemasaran dan Pelayanan Pelanggan","TEKNIK ELEKTRO, TEKNIK MESIN, TEKNIK SIPIL, AKUNTANSI, MANAJEMEN, MANAJEMEN BISNIS, MANAJEMEN PEMASARAN, TEKNIK INDUSTRI",1684724312_PENGUMUMAN REKRUTMEN OAP TAHUN 2023.pdf,https://rekrutmen.pln.co.id/vacancy/site/view/id/MjE3NTIxNjg0NzI0MzEy,3
MjE3MzgxNjg0NzIzNDcz,REKRUTMEN ORANG ASLI PAPUA (OAP) TAHUN 2023 LOKASI SORONG,CLOSED,S1/D-IV,81,1.2.4.S1; 2.1.4.S1; 3.1.4.S1; 3.2.2.S1; 4.2.5.S1; 4.8.2.S1,Sorong,22 Mei 2023,02 Juni 2023 23:59 WIB,"Pemeliharaan Distribusi, Pemeliharaan Transmisi dan Gardu Induk, Manajemen Konstruksi, Pemeliharaan Pembangkitan, Pemasaran dan Pelayanan Pelanggan, Akuntansi","TEKNIK ELEKTRO, TEKNIK SIPIL, TEKNIK MESIN, MANAJEMEN, MANAJEMEN BISNIS, MANAJEMEN PEMASARAN, TEKNIK INDUSTRI, AKUNTANSI",1684723473_PENGUMUMAN REKRUTMEN OAP TAHUN 2023.pdf,https://rekrutmen.pln.co.id/vacancy/site/view/id/MjE3MzgxNjg0NzIzNDcz,3
MjE3MDAxNjgzODYwNTg3,REKRUTMEN ORANG ASLI PAPUA (OAP) TAHUN 2023 LOKASI TIMIKA,CLOSED,S1/D-IV,81,1.2.4.S1; 2.1.4.S1; 3.1.4.S1; 3.2.2.S1; 4.2.5.S1; 4.8.2.S1,Mimika,22 Mei 2023,02 Juni 2023 23:59 WIB,"Pemeliharaan Distribusi, Pemeliharaan Transmisi dan Gardu Induk, Manajemen Konstruksi, Pemeliharaan Pembangkitan, Pemasaran dan Pelayanan Pelanggan, Akuntansi","TEKNIK ELEKTRO, TEKNIK SIPIL, TEKNIK MESIN, MANAJEMEN, MANAJEMEN BISNIS, MANAJEMEN PEMASARAN, TEKNIK INDUSTRI, AKUNTANSI",1684485011_PENGUMUMAN REKRUTMEN OAP TAHUN 2023.pdf,https://rekrutmen.pln.co.id/vacancy/site/view/id/MjE3MDAxNjgzODYwNTg3,3
MjE3MjYxNjg0NzE5ODQz,REKRUTMEN ORANG ASLI PAPUA (OAP) TAHUN 2023 LOKASI WAMENA,CLOSED,S1/D-IV,81,1.2.4.S1; 2.1.4.S1; 3.1.4.S1; 3.2.2.S1; 4.2.5.S1; 4.8.2.S1,Jayawijaya,22 Mei 2023,02 Juni 2023 23:59 WIB,"Pemeliharaan Distribusi, Pemeliharaan Transmisi dan Gardu Induk, Pemeliharaan Pembangkitan, Manajemen Konstruksi, Pemasaran dan Pelayanan Pelanggan, Akuntansi","TEKNIK ELEKTRO, TEKNIK MESIN, TEKNIK SIPIL, MANAJEMEN, MANAJEMEN BISNIS, MANAJEMEN PEMASARAN, TEKNIK INDUSTRI, AKUNTANSI",1684719843_PENGUMUMAN REKRUTMEN OAP TAHUN 2023.pdf,https://rekrutmen.pln.co.id/vacancy/site/view/id/MjE3MjYxNjg0NzE5ODQz,3
MTE2NTcxNjY1MDY0ODQw,Rekrutmen PLN Group Tingkat S2 Pro Hire Indonesia Career Excellence 2022,CLOSED,S2,9,1.2.2.S2; 2.1.2.S2; 3.2.1.S2; 4.4.1.S2; 4.8.5.S2,Administrasi Jakarta Selatan,07 Oktober 2022,16 Oktober 2022 23:59 WIB,"Enjiniring Transmisi dan Gardu Induk, Enjiniring Pembangkitan, Teknologi Informasi, Manajemen Perusahaan, Niaga","TEKNIK ELEKTRO, ENERGI BARU TERBARUKAN, TEKNIK KIMIA, DATA SCIENCE, ADMINISTRASI BISNIS, MANAJEMEN ASET, MANAJEMEN BISNIS, MANAJEMEN INVESTASI BANK, BIG DATA DAN BUSINESS INTELLIGENCE, DIGITAL MARKETING DAN ANALYTICS",1665375524_2210 Rekrutmen ICE 2022.pdf,https://rekrutmen.pln.co.id/vacancy/site/view/id/MTE2NTcxNjY1MDY0ODQw,3
MjE2NDYxNjY1MDYxNjcx,Rekrutmen PLN Group Tingkat S2 Fresh Graduate Indonesia Career Excellence 2022,CLOSED,S2,78,1.2.2.S2; 4.3.1.S2; 4.4.1.S2; 4.4.2.S2; 4.4.3.S2,Administrasi Jakarta Selatan,07 Oktober 2022,16 Oktober 2022 23:59 WIB,"Hukum, Teknologi Informasi, Enjiniring Pembangkitan, Data Analitik, Manajemen Digital","HUKUM, TEKNIK INFORMATIKA, ENERGI BARU TERBARUKAN, TEKNIK KIMIA, TEKNIK MESIN, DATA SCIENCE, KEUANGAN, MANAJEMEN, MANAJEMEN KEUANGAN, TEKNIK INDUSTRI",1665375488_2210 Rekrutmen ICE 2022.pdf,https://rekrutmen.pln.co.id/vacancy/site/view/id/MjE2NDYxNjY1MDYxNjcx,4
MTE2MTUxNjQ4NjA0ODEx,REKRUTMEN PLN GROUP PT INDONESIA COMNETS PLUS TINGKAT S1/D4 TAHUN 2022,CLOSED,S1/D-IV,8,ICON.14.S1; ICON.15.S1,Administrasi Jakarta Selatan,30 Maret 2022,08 April 2022 23:59 WIB,"Pembangunan dan Aktivasi (Icon+), Pemeliharaan dan Aset (Icon+)",TEKNIK TELEKOMUNIKASI,1648623715_2203 PENGUMUMAN REKRUTMEN ICON 2022.pdf,https://rekrutmen.pln.co.id/vacancy/site/view/id/MTE2MTUxNjQ4NjA0ODEx,4
MTE1ODcxNjA5MzI2NzYw,REKRUTMEN PPB BUMN KHUSUS PUTRA PUTRI PAPUA,CLOSED,S1/D-IV,74,2.1.2.S1; 3.1.2.S1,Jayapura,30 Desember 2020,09 Januari 2021 23:59 WIB,"Enjiniring Distribusi, Enjiniring Transmisi dan Gardu Induk",TEKNIK ELEKTRO,,https://rekrutmen.pln.co.id/vacancy/site/view/id/MTE1ODcxNjA5MzI2NzYw,4
