judul,tahun_di_judul,pertama_terlihat,terakhir_terlihat,n
REKRUTMEN UMUM TINGKAT SMK TAHUN 2017 - BANDA ACEH,2017,2017-06,2022-01,9
REKRUTMEN UMUM TINGKAT SMK TAHUN 2017 - JAYAPURA,2017,2017-06,2022-01,15
REKRUTMEN UMUM TINGKAT SMK TAHUN 2017 - MAMUJU,2017,2017-06,2022-01,12
REKRUTMEN UMUM TINGKAT SMK TAHUN 2017 - BANJARMASIN,2017,2017-06,2022-01,12
REKRUTMEN UMUM TINGKAT PELAKSANA TAHUN 2017 - TERNATE,2017,2017-06,2021-04,9
REKRUTMEN UMUM TINGKAT PELAKSANA TAHUN 2017 - AMBON,2017,2017-06,2022-01,12
REKRUTMEN UMUM TINGKAT SMK TAHUN 2017 - MEDAN,2017,2017-06,2022-01,9
REKRUTMEN UMUM TINGKAT SMK TAHUN 2017 - PALU,2017,2017-06,2022-01,9
REKRUTMEN UMUM TINGKAT SMK TAHUN 2017 - GORONTALO,2017,2017-06,2021-04,6
REKRUTMEN UMUM TINGKAT SMK TAHUN 2017 - TIMIKA,2017,2017-06,2022-01,9
REKRUTMEN UMUM TINGKAT SMK TAHUN 2017 - BANDUNG,2017,2017-07,2021-04,8
REKRUTMEN UMUM TINGKAT SMK TAHUN 2017 - KUPANG,2017,2017-07,2021-04,8
REKRUTMEN UMUM TINGKAT SMK TAHUN 2017 - ENDE,2017,2017-07,2022-01,14
REKRUTMEN UMUM TINGKAT SMK TAHUN 2017 - TANJUNG PINANG,2017,2017-07,2021-04,8
REKRUTMEN UMUM TINGKAT SMK TAHUN 2017 - PEKANBARU,2017,2017-07,2021-04,8
REKRUTMEN UMUM TINGKAT SMK TAHUN 2017 - PONTIANAK,2017,2017-07,2022-01,10
REKRUTMEN UMUM TINGKAT SMK TAHUN 2017 - YOGYAKARTA,2017,2017-07,2021-04,8
REKRUTMEN UMUM TINGKAT S1/D3 MELALUI AIRLANGGA CAREER FAIR,,2017-09,2022-01,9
REKRUTMEN UMUM PLN GROUP TINGKAT S1/D4 & D3 LOKASI PONTIANAK,,2019-07,2022-01,11
REKRUTMEN UMUM PLN GROUP TINGKAT S1/D4 & D3 - PEKANBARU,,2019-07,2022-01,8
REKRUTMEN UMUM PLN GROUP TINGKAT S1/D4 & D3 LOKASI MANADO,,2019-07,2021-04,5
REKRUTMEN UMUM PLN GROUP TINGKAT S1/D4 & D3 LOKASI LAMPUNG,,2019-07,2022-01,8
REKRUTMEN UMUM PLN GROUP TINGKAT S1/D4 & D3 - AMBON,,2019-07,2022-01,8
REKRUTMEN UMUM PLN GROUP TINGKAT S1/D4 & D3 - ACEH,,2019-07,2022-01,8
REKRUTMEN UMUM PLN GROUP TINGKAT S1/D4 & D3 - KUPANG,,2019-07,2022-01,8
REKRUTMEN UMUM MELALUI TITIAN KARIR ITB OKTOBER 2017,2017,2019-07,2022-01,8
REKRUTMEN UMUM TINGKAT SMK TAHUN 2017 - PADANG,2017,2019-07,2022-01,8
REKRUTMEN UMUM TINGKAT SMK TAHUN 2017 - JAKARTA,2017,2019-07,2022-01,8
REKRUTMEN UMUM TINGKAT SMK TAHUN 2017 - BALIKPAPAN,2017,2019-07,2022-01,8
REKRUTMEN UMUM TINGKAT SMK TAHUN 2017 - MAKASSAR,2017,2019-07,2022-01,11
REKRUTMEN UMUM TINGKAT S1/D-IV DAN D-III LOKASI : JAYAPURA,,2019-07,2022-01,8
Rekrutmen Umum Unsyiah Career Day Tingkat S1/D.IV & D.III,,2019-07,2022-01,8
Rekrutmen Umum Tingkat S1/D.IV&D.III; - Lokasi Makassar,,2019-07,2022-01,8
Rekrutmen Umum Tingkat S1/D.IV&D.III; - Lokasi Balikpapan,,2019-07,2022-01,7
Rekrutmen Umum Tingkat S1/D.IV&D.III; - Lokasi Denpasar,,2019-07,2022-01,7
Rekrutmen Umum Tingkat S1/D.IV&D.III; - Lokasi Pekanbaru,,2019-07,2022-01,7
Rekrutmen Umum Tingkat S1/D.IV&D.III; - Lokasi Bandar Lampung,,2019-07,2022-01,7
Rekrutmen Umum Tingkat S1/D.IV&D.III; - Lokasi Manado,,2019-07,2022-01,7
REKRUTMEN PLN GROUP TINGKAT S1/D4 & D3 (2019) - MAKASSAR,2019,2019-07,2021-04,5
REKRUTMEN PLN GROUP TINGKAT S1/D4 & D3 (2019) - DENPASAR,2019,2019-07,2022-01,11
REKRUTMEN PLN GROUP TINGKAT S1/D4 & D3 (2019) - PADANG,2019,2019-07,2022-01,11
DIRECT SHOPPING INDONESIA CAREER EVENING 2018,2018,2019-07,2022-01,8
REKRUTMEN UMUM PLN GROUP TINGKAT S1/D4 & D3 - BCO SURABAYA,,2019-07,2022-01,8
REKRUTMEN UMUM PLN GROUP TINGKAT S1/D4 & D3 - ICD UGM 2018,2018,2019-07,2022-01,8
REKRUTMEN UMUM PLN GROUP TINGKAT S1/D4 & D3 - SURABAYA,,2019-07,2022-01,8
REKRUTMEN UMUM PLN GROUP TINGKAT S1/D4 & D3 LOKASI BANDUNG,,2019-07,2022-01,8
REKRUTMEN PRO HIRE PLN GROUP TAHUN 2018 - SURABAYA,2018,2019-07,2022-01,8
REKRUTMEN PRO HIRE PLN GROUP TAHUN 2018 - BANDUNG,2018,2019-07,2022-01,8
REKRUTMEN UMUM TINGKAT SMK TAHUN 2017 - MERAUKE,2017,2019-07,2022-01,8
REKRUTMEN UMUM TINGKAT SMK TAHUN 2017 - MANOKWARI,2017,2019-07,2022-01,8
REKRUTMEN UMUM TINGKAT SMK TAHUN 2017 - SURABAYA,2017,2019-07,2021-04,5
REKRUTMEN UMUM TINGKAT SMK TAHUN 2017 - DENPASAR,2017,2019-07,2022-01,14
REKRUTMEN UMUM TINGKAT SMK TAHUN 2017 - MANADO,2017,2019-07,2022-01,11
REKRUTMEN UMUM TINGKAT SMK TAHUN 2017 - KENDARI,2017,2019-07,2022-01,8
Rekrutmen Umum Melalui Titian Karir ITB April 2017,2017,2019-07,2022-01,8
REKRUTMEN UMUM MELALUI BURSA KARIR ITS KE-33 TINGKAT S1/D-IV DAN D-III,,2019-07,2022-01,8
REKRUTMEN UMUM TINGKAT S1/D-IV DAN D-III LOKASI : KUPANG,,2019-07,2022-01,8
REKRUTMEN UMUM TINGKAT S1/D-IV DAN D-III LOKASI : PALEMBANG,,2019-07,2022-01,8
REKRUTMEN PRO HIRE PLN GROUP TAHUN 2019 - ASET PROPERTI,2019,2019-08,2022-01,32
REKRUTMEN PLN GROUP S1/D4 & D3 - AIRLANGGA CAREER FAIR,,2019-08,2022-01,20
REKRUTMEN PRO HIRE PLN GROUP TAHUN 2019 - JAKARTA,2019,2019-08,2022-01,11
REKRUTMEN PLN GROUP TINGKAT S1/D4 & D3 (2019) - MEDAN,2019,2019-08,2022-01,9
REKRUTMEN PLN GROUP TINGKAT S1/D4 & D3 (2019) - BANDUNG,2019,2019-08,2022-01,9
REKRUTMEN PLN GROUP TINGKAT S1/D4 &D3; (2019) - SURABAYA,2019,2019-08,2022-01,9
REKRUTMEN PLN GROUP TINGKAT S1/D4 & D3 (2019) - YOGYAKARTA,2019,2019-08,2022-01,9
REKRUTMEN PLN GROUP TINGKAT S1/D4 & D3 (2019) - BALIKPAPAN,2019,2019-08,2021-04,6
REKRUTMEN PLN GROUP TINGKAT S1/D4 & D3 (2019) - JAKARTA,2019,2019-08,2022-01,9
REKRUTMEN PLN GROUP TINGKAT S1/D4 & D3 (2019) - PALEMBANG,2019,2019-08,2022-01,9
REKRUTMEN PLN GROUP TINGKAT S1/D-IV & D3 LOKASI PALEMBANG,,2019-09,2022-01,30
REKRUTMEN PLN GROUP TINGKAT S1/D-IV & D-III LOKASI KUPANG,,2019-09,2022-01,30
REKRUTMEN PLN GROUP S1/D-IV & D-III TAHUN 2019 LOKASI MEDAN,2019,2019-09,2022-01,30
REKRUTMEN PLN GROUP TINGKAT S1/D-IV & D-III LOKASI BANJARMASIN,,2019-09,2022-01,30
REKRUTMEN PLN GROUP TINGKAT S1/D-IV & D-III LOKASI JAKARTA,,2019-09,2022-01,30
REKRUTMEN PLN GROUP TINGKAT S1/D-IV & D3 LOKASI YOGYAKARTA,,2019-09,2022-01,30
REKRUTMEN PLN GROUP TINGKAT S1/D-IV & D-III LOKASI MAKASSAR,,2019-09,2022-01,30
REKRUTMEN PLN GROUP TINGKAT S2 INDONESIA CAREER EVENING 2019,2019,2019-11,2022-01,27
REKRUTMEN PRO HIRE VP PENGELOLAAN PAJAK PLN GROUP TAHUN 2020,2020,2020-04,2022-01,18
REKRUTMEN PLN GROUP PT INDONESIA COMNETS PLUS TINGKAT S1/D4 TAHUN 2022,2022,2022-05,2026-05,25
REKRUTMEN PPB BUMN KHUSUS PUTRA PUTRI PAPUA,,2022-05,2026-05,25
Rekrutmen PLN Group Tingkat S2 Fresh Graduate Indonesia Career Excellence 2022,2022,2022-10,2026-05,16
Rekrutmen PLN Group Tingkat S2 Pro Hire Indonesia Career Excellence 2022,2022,2022-10,2025-04,15
REKRUTMEN ORANG ASLI PAPUA (OAP) TAHUN 2023 LOKASI NABIRE,2023,2023-06,2025-09,24
REKRUTMEN ORANG ASLI PAPUA (OAP) TAHUN 2023 LOKASI SORONG,2023,2023-06,2025-09,4
REKRUTMEN ORANG ASLI PAPUA (OAP) TAHUN 2023 LOKASI WAMENA,2023,2023-06,2025-09,30
REKRUTMEN ORANG ASLI PAPUA (OAP) TAHUN 2023 LOKASI MERAUKE,2023,2023-06,2025-09,4
REKRUTMEN ORANG ASLI PAPUA (OAP) TAHUN 2023 LOKASI MANOKWARI,2023,2023-06,2025-04,9
REKRUTMEN ORANG ASLI PAPUA (OAP) TAHUN 2023 LOKASI TIMIKA,2023,2023-06,2025-09,30
REKRUTMEN ORANG ASLI PAPUA (OAP) TAHUN 2023 LOKASI JAYAPURA,2023,2023-06,2025-09,31
REKRUTMEN ORANG ASLI PAPUA (OAP) TAHUN 2023 LOKASI BIAK,2023,2023-06,2023-06,1
REKRUTMEN PLN GROUP TINGKAT S1 DIASPORA FRESH GRADUATE TAHUN 2023,2023,2023-07,2025-09,23
REKRUTMEN PLN GROUP TINGKAT S2 DIASPORA EXPERIENCED TAHUN 2023,2023,2023-07,2026-03,24
REKRUTMEN PLN GROUP TINGKAT S2 DIASPORA FRESH GRADUATE TAHUN 2023,2023,2023-07,2026-03,24
REKRUTMEN PLN GROUP PUTRA-PUTRI ASLI MALUKU DAN NUSA TENGGARA JENJANG S1/D3 TAHUN 2023 LOKASI MALUKU DAN MALUKU UTARA,2023,2023-10,2026-03,22
REKRUTMEN PLN GROUP PUTRA-PUTRI ASLI MALUKU DAN NUSA TENGGARA JENJANG S1/D3 TAHUN 2023 LOKASI NUSA TENGGARA BARAT,2023,2023-10,2026-03,22
REKRUTMEN PLN GROUP PUTRA-PUTRI ASLI MALUKU DAN NUSA TENGGARA JENJANG S1/D3 TAHUN 2023 LOKASI NUSA TENGGARA TIMUR,2023,2023-10,2026-03,22
REKRUTMEN PUTRA-PUTRI ASLI PAPUA PLN GROUP TAHUN 2025 LOKASI SORONG,2025,2025-09,2026-03,2
REKRUTMEN PUTRA-PUTRI ASLI PAPUA PLN GROUP TAHUN 2025 LOKASI MANOKWARI,2025,2025-09,2025-09,1
REKRUTMEN PUTRA-PUTRI ASLI PAPUA PLN GROUP TAHUN 2025 LOKASI BIAK,2025,2025-09,2026-03,2
REKRUTMEN PUTRA-PUTRI ASLI PAPUA PLN GROUP TAHUN 2025 LOKASI MERAUKE,2025,2025-09,2026-05,11
REKRUTMEN PUTRA-PUTRI ASLI PAPUA PLN GROUP TAHUN 2025 LOKASI JAYAPURA,2025,2025-09,2025-09,1
REKRUTMEN PUTRA-PUTRI ASLI PAPUA PLN GROUP TAHUN 2025 LOKASI WAMENA,2025,2025-09,2026-05,12
REKRUTMEN PUTRA-PUTRI ASLI PAPUA PLN GROUP TAHUN 2025 LOKASI TIMIKA,2025,2025-09,2026-05,12
REKRUTMEN PUTRA-PUTRI ASLI PAPUA PLN GROUP TAHUN 2025 LOKASI NABIRE,2025,2025-09,2026-03,2
REKRUTMEN PLN GROUP TINGKAT S1/D4 DAN D3 TAHUN 2025 (Penempatan : PT PLN Indonesia Power),2025,2025-10,2026-05,10
REKRUTMEN PLN GROUP TINGKAT S1/D4 DAN D3 TAHUN 2025 (Penempatan : PT PLN Nusa Daya),2025,2025-10,2026-05,10
REKRUTMEN PLN GROUP TINGKAT S1/D4 BIDANG MATEMATIKA TAHUN 2025,2025,2025-10,2026-05,10
REKRUTMEN PLN GROUP TINGKAT S1/D4 DAN D3 TAHUN 2025 (Penempatan : PT PLN Energi Primer Indonesia),2025,2025-10,2026-05,10
REKRUTMEN JENJANG S2 & S1 BIDANG HUKUM PLN GROUP TAHUN 2025,2025,2025-10,2025-10,2
REKRUTMEN PLN GROUP TINGKAT S1/D4 DAN D3 TAHUN 2025 (Penempatan : PT PLN Nusantara Power),2025,2025-10,2026-05,10
REKRUTMEN PLN GROUP TINGKAT S1/D4 DAN D3 TAHUN 2025 (Penempatan : PT PLN Electricity Services),2025,2025-10,2026-05,10
REKRUTMEN JENJANG S2 & S1 BIDANG HUKUM PLN GROUP TAHUN 2025 (Keterangan Penyetaraan Ijazah Dapat Disampaikan Pada Tahap Seleksi Akhir),2025,2025-10,2026-05,8
