urutan,kata_kunci,bidang,sub_bidang,bidang_pembidangan,catatan
10,PDKB GI,TEKNIK,Transmisi dan Gardu Induk,Transmisi dan Gardu Induk,PDKB tegangan tinggi
11,PDKB GITET,TEKNIK,Transmisi dan Gardu Induk,Transmisi dan Gardu Induk,
12,PDKB SUTT,TEKNIK,Transmisi dan Gardu Induk,Transmisi dan Gardu Induk,
13,PDKB SUTET,TEKNIK,Transmisi dan Gardu Induk,Transmisi dan Gardu Induk,
14,GARDU INDUK,TEKNIK,Transmisi dan Gardu Induk,Transmisi dan Gardu Induk,
15,GITET,TEKNIK,Transmisi dan Gardu Induk,Transmisi dan Gardu Induk,
16,TRANSMISI,TEKNIK,Transmisi dan Gardu Induk,Transmisi dan Gardu Induk,
17,PENYALURAN,TEKNIK,Transmisi dan Gardu Induk,Transmisi dan Gardu Induk,
18,SUTT,TEKNIK,Transmisi dan Gardu Induk,Transmisi dan Gardu Induk,
19,SUTET,TEKNIK,Transmisi dan Gardu Induk,Transmisi dan Gardu Induk,
30,PROTEKSI,TEKNIK,Proteksi dan Kontrol,Proteksi dan Kontrol,
31,SCADA,TEKNIK,Proteksi dan Kontrol,Proteksi dan Kontrol,
32,OTOMASI,TEKNIK,Proteksi dan Kontrol,Proteksi dan Kontrol,
33,RTU,TEKNIK,Proteksi dan Kontrol,Proteksi dan Kontrol,remote terminal unit
34,TELEKOMUNIKASI,TEKNIK,Proteksi dan Kontrol,Proteksi dan Kontrol,
40,PUSAT LISTRIK,TEKNIK,Pembangkitan,Pembangkitan,
41,PEMBANGKITAN,TEKNIK,Pembangkitan,Pembangkitan,
42,PEMBANGKIT,TEKNIK,Pembangkitan,Pembangkitan,
43,ENERGI PRIMER,TEKNIK,Pembangkitan,Pembangkitan,
44,BAHAN BAKAR,TEKNIK,Pembangkitan,Pembangkitan,
45,EXCESS POWER,TEKNIK,Pembangkitan,Pembangkitan,
46,IPP,TEKNIK,Pembangkitan,Pembangkitan,independent power producer
50,PERENCANAAN SISTEM,TEKNIK,Perencanaan Sistem,Perencanaan Sistem,
51,SISTEM KELISTRIKAN,TEKNIK,Perencanaan Sistem,Perencanaan Sistem,
52,PENGATURAN OPERASI,TEKNIK,Perencanaan Sistem,Perencanaan Sistem,
53,PENGATUR BEBAN,TEKNIK,Perencanaan Sistem,Perencanaan Sistem,
54,OPERASI SISTEM,TEKNIK,Perencanaan Sistem,Perencanaan Sistem,
55,KEANDALAN,TEKNIK,Perencanaan Sistem,Perencanaan Sistem,
60,TEKNIK LAYANAN PELANGGAN,TEKNIK,Distribusi,Distribusi,harus di atas PELAYANAN PELANGGAN
61,TRANSAKSI ENERGI,TEKNIK,Distribusi,Distribusi,
62,DISTRIBUSI,TEKNIK,Distribusi,Distribusi,
63,PDKB,TEKNIK,Distribusi,Distribusi,PDKB tanpa embel GI/SUTT = distribusi
64,PENGENDALIAN SUSUT,TEKNIK,Distribusi,Distribusi,
65,PEMBACAAN METER,TEKNIK,Distribusi,Distribusi,
66,LISTRIK PERDESAAN,TEKNIK,Distribusi,Distribusi,
67,PELAYANAN TEKNIK,TEKNIK,Distribusi,Distribusi,yantek
68,JARINGAN,TEKNIK,Distribusi,Distribusi,
69,OPERASI DAN PEMELIHARAAN,TEKNIK,Distribusi,Distribusi,
47,ELEKTROMEKANIK,TEKNIK,Pembangkitan,Pembangkitan,
56,ENJINIRING SIPIL,NON-TEKNIK,Manajemen Konstruksi dan Pengadaan,Manajemen Konstruksi dan Pengadaan,harus di atas ENJINIRING
57,ENJINIRING,TEKNIK,Perencanaan Sistem,Perencanaan Sistem,
58,EVALUASI SISTEM,TEKNIK,Perencanaan Sistem,Perencanaan Sistem,
59,ASESMEN GI,TEKNIK,Transmisi dan Gardu Induk,Transmisi dan Gardu Induk,asesmen gardu induk & GIS
70,AUTOMATIC METER READING,TEKNIK,Distribusi,Distribusi,
71,METER,TEKNIK,Distribusi,Distribusi,
90,ASESMEN,NON-TEKNIK,Sumber Daya Manusia,Sumber Daya Manusia,
91,COACHING,NON-TEKNIK,Sumber Daya Manusia,Sumber Daya Manusia,
100,PENGADAAN TANAH,NON-TEKNIK,Manajemen Konstruksi dan Pengadaan,Manajemen Konstruksi dan Pengadaan,
107,KONTRAK,NON-TEKNIK,Manajemen Konstruksi dan Pengadaan,Manajemen Konstruksi dan Pengadaan,
108,SIPIL,NON-TEKNIK,Manajemen Konstruksi dan Pengadaan,Manajemen Konstruksi dan Pengadaan,
101,PENGADAAN,NON-TEKNIK,Manajemen Konstruksi dan Pengadaan,Manajemen Konstruksi dan Pengadaan,
102,LOGISTIK,NON-TEKNIK,Manajemen Konstruksi dan Pengadaan,Manajemen Konstruksi dan Pengadaan,
103,KONSTRUKSI,NON-TEKNIK,Manajemen Konstruksi dan Pengadaan,Manajemen Konstruksi dan Pengadaan,
104,PROYEK,NON-TEKNIK,Manajemen Konstruksi dan Pengadaan,Manajemen Konstruksi dan Pengadaan,
105,PERTANAHAN,NON-TEKNIK,Manajemen Konstruksi dan Pengadaan,Manajemen Konstruksi dan Pengadaan,
106,ROW,NON-TEKNIK,Manajemen Konstruksi dan Pengadaan,Manajemen Konstruksi dan Pengadaan,right of way
110,AKUNTANSI,NON-TEKNIK,Keuangan dan Akuntansi,Keuangan dan Akuntansi,
111,KEUANGAN,NON-TEKNIK,Keuangan dan Akuntansi,Keuangan dan Akuntansi,
112,ANGGARAN,NON-TEKNIK,Keuangan dan Akuntansi,Keuangan dan Akuntansi,
113,PAJAK,NON-TEKNIK,Keuangan dan Akuntansi,Keuangan dan Akuntansi,
114,PERBENDAHARAAN,NON-TEKNIK,Keuangan dan Akuntansi,Keuangan dan Akuntansi,
115,VERIFIKASI,NON-TEKNIK,Keuangan dan Akuntansi,Keuangan dan Akuntansi,
116,PENDANAAN,NON-TEKNIK,Keuangan dan Akuntansi,Keuangan dan Akuntansi,
117,INVESTASI,NON-TEKNIK,Keuangan dan Akuntansi,Keuangan dan Akuntansi,
120,HUMAN CAPITAL,NON-TEKNIK,Sumber Daya Manusia,Sumber Daya Manusia,
121,TALENTA,NON-TEKNIK,Sumber Daya Manusia,Sumber Daya Manusia,
122,HUBUNGAN INDUSTRIAL,NON-TEKNIK,Sumber Daya Manusia,Sumber Daya Manusia,
123,REMUNERASI,NON-TEKNIK,Sumber Daya Manusia,Sumber Daya Manusia,
124,KEPEGAWAIAN,NON-TEKNIK,Sumber Daya Manusia,Sumber Daya Manusia,
125,PEMBELAJARAN,NON-TEKNIK,Sumber Daya Manusia,Sumber Daya Manusia,
126,PENDIDIKAN DAN PELATIHAN,NON-TEKNIK,Sumber Daya Manusia,Sumber Daya Manusia,
127,ORGANISASI,NON-TEKNIK,Sumber Daya Manusia,Sumber Daya Manusia,
128,KESEJAHTERAAN,NON-TEKNIK,Sumber Daya Manusia,Sumber Daya Manusia,
130,PELAYANAN PELANGGAN,NON-TEKNIK,Niaga dan Pemasaran,Niaga dan Pemasaran,
131,LAYANAN PELANGGAN,NON-TEKNIK,Niaga dan Pemasaran,Niaga dan Pemasaran,
132,NIAGA,NON-TEKNIK,Niaga dan Pemasaran,Niaga dan Pemasaran,
133,PEMASARAN,NON-TEKNIK,Niaga dan Pemasaran,Niaga dan Pemasaran,
134,SALES,NON-TEKNIK,Niaga dan Pemasaran,Niaga dan Pemasaran,
135,PENAGIHAN,NON-TEKNIK,Niaga dan Pemasaran,Niaga dan Pemasaran,
136,PENJUALAN,NON-TEKNIK,Niaga dan Pemasaran,Niaga dan Pemasaran,
137,PELANGGAN,NON-TEKNIK,Niaga dan Pemasaran,Niaga dan Pemasaran,residual pelanggan
200,TEKNOLOGI INFORMASI,NON-TEKNIK,Teknologi Informasi,Sumber Daya Manusia,fungsi korporat; pembidangan didekatkan ke SDM
201,DIGITAL,NON-TEKNIK,Teknologi Informasi,Sumber Daya Manusia,
202,APLIKASI,NON-TEKNIK,Teknologi Informasi,Sumber Daya Manusia,
203,DATA,NON-TEKNIK,Teknologi Informasi,Sumber Daya Manusia,
210,HUKUM,NON-TEKNIK,Hukum dan Kepatuhan,Keuangan dan Akuntansi,
211,KEPATUHAN,NON-TEKNIK,Hukum dan Kepatuhan,Keuangan dan Akuntansi,
212,LEGAL,NON-TEKNIK,Hukum dan Kepatuhan,Keuangan dan Akuntansi,
220,AUDIT,NON-TEKNIK,Audit dan Risiko,Keuangan dan Akuntansi,
221,RISIKO,NON-TEKNIK,Audit dan Risiko,Keuangan dan Akuntansi,
222,PENGAWASAN INTERN,NON-TEKNIK,Audit dan Risiko,Keuangan dan Akuntansi,
230,KESELAMATAN,NON-TEKNIK,K3 dan Lingkungan,Manajemen Konstruksi dan Pengadaan,
231,KESEHATAN KERJA,NON-TEKNIK,K3 dan Lingkungan,Manajemen Konstruksi dan Pengadaan,
232,LINGKUNGAN,NON-TEKNIK,K3 dan Lingkungan,Manajemen Konstruksi dan Pengadaan,
233,KEAMANAN,NON-TEKNIK,K3 dan Lingkungan,Manajemen Konstruksi dan Pengadaan,
234,ESG,NON-TEKNIK,K3 dan Lingkungan,Manajemen Konstruksi dan Pengadaan,
240,KOMUNIKASI,NON-TEKNIK,Komunikasi dan Umum,Sumber Daya Manusia,
241,TJSL,NON-TEKNIK,Komunikasi dan Umum,Sumber Daya Manusia,
242,SEKRETARIAT,NON-TEKNIK,Komunikasi dan Umum,Sumber Daya Manusia,
243,ADMINISTRASI,NON-TEKNIK,Komunikasi dan Umum,Sumber Daya Manusia,
244,UMUM,NON-TEKNIK,Komunikasi dan Umum,Sumber Daya Manusia,
245,FASILITAS,NON-TEKNIK,Komunikasi dan Umum,Sumber Daya Manusia,
250,ASET,NON-TEKNIK,Perencanaan dan Kinerja,Keuangan dan Akuntansi,
251,KINERJA,NON-TEKNIK,Perencanaan dan Kinerja,Keuangan dan Akuntansi,
252,PERENCANAAN,NON-TEKNIK,Perencanaan dan Kinerja,Keuangan dan Akuntansi,
253,PENGENDALIAN,NON-TEKNIK,Perencanaan dan Kinerja,Keuangan dan Akuntansi,
254,MANAJEMEN,NON-TEKNIK,Perencanaan dan Kinerja,Keuangan dan Akuntansi,
255,PENGELOLAAN,NON-TEKNIK,Perencanaan dan Kinerja,Keuangan dan Akuntansi,
256,PENGEMBANGAN,NON-TEKNIK,Perencanaan dan Kinerja,Keuangan dan Akuntansi,
