tahun,vacancy_name,tenant_name,vacancy_type,stream_name,allow_sma,allow_d3,allow_s1,allow_s2,highest_age_sma,highest_age_d3,highest_age_s1,highest_age_s2,lowest_ipk_sma,lowest_ipk_d3,lowest_ipk_s1,lowest_ipk_s2,check_certificate,major_non_sma_custom,major_sma_custom,vacancy_id,_lain
2024,"Junior Technician Operasi, Maintenance Sistem Transmisi dan Distribusi Tenaga Listrik",PT Perusahaan Listrik Negara (Persero),Fresh Graduate,Engineering and Maintenance,0,1,0,0,,27,,,,3.00,,,0,"Instrumentasi Fisik,Teknik Biomedika,Teknik Elektro,Teknik Elektro Aplikasi Mikroprosesor,Teknik Elektro dan Informatika,Teknik Elektro Elektroniks Divais,Teknik Elektro Industri,Teknik Elektro Komunikasi,Teknik Elektro Manajemen Telekomunikasi,Teknik Elektro Multimedia Dan Jaringan,Teknik Elektro Perancangan Vlsi,Teknik Elektro Teknik Kontrol Industri,Teknik Elektro Telekomunikasi,Teknik Elektro Tenaga Listrik,Teknik Elektronika,Teknik Eletromedik,Teknik Instrumentasi,Teknik Mekanik,Teknik Mekatronika,Teknik Perangkat Lunak,Teknik Rekayasa Perangkat Lunak,Teknik Telekomunikasi,Teknik Komputer Dan Jaringan,Teknik Biomedik,Teknik Biomedis,Teknik Bioproses,Teknik Biosistem,Teknik Elektonika,Teknik Elektro Navigasi Dan Komunikasi Penerbangan,Teknik Elektro Otomasi,Teknik Elektromedis,Teknik Elektronika Industri,Teknik Elektronika Pesawat Udara,Teknik Elektronika Telekomunikasi,Teknik Informatika Dan Komputer,Teknik Informatika Konsentrasi Rekam Medis Dan Informasi Kesehatan,Teknik Informatika Multimedia,Teknik Komputer Dan Informatika,Teknik Komputer Jaringan,Teknik Komputer Dan Komunikasi,Teknik Komputer Kontrol,Teknik Komputer Multimedia,Biomedical Engineering,Teknologi Instrumentasi,Teknik Elektro,Teknik Tenaga Elektrik,Teknik Telekomunikasi,Teknik Elektronika,Teknik Kendali (Atau Instrumentasi dan Kontrol),Teknik Biomedika,Teknik Komputer,Teknik Informatika,Ilmu Komputer,Sistem Informasi,Teknologi Informasi,Teknik Perangkat Lunak,Teknik Mekatronika,Teknik Ketenagalistrikan,Teknik Listrik,Teknik Listrik Arus Kuat,Teknik Listrik Arus Lemah,Teknik Listrik Bandara,Teknik Listrik dan Elektronik,Teknik Tenaga Listrik,Teknik Instalasi Pemanfaatan Tenaga Listrik,Teknik Instalasi Tenaga Listrik",,5FE0B1D0EE7D95082A3426DE85AEF948,"{""tenant_id"": ""02543A3FC1510646608160107316B33F"", ""vacancy_base_url"": ""https://web.archive.org/web/20240327194708/https://rekrutmenbersama2024.fhcibumn.id/"", ""jurusan_filter_type"": ""in"", ""total_job_available"": ""21000"", ""major_group_non_sma"": ""[\""62\"",\""67\""]"", ""major_group_sma"": ""null""}"
2024,Officer Marketing dan pengelolaan Pelanggan,PT Perusahaan Listrik Negara (Persero),Fresh Graduate,Bisnis Niaga / Pemasaran,0,0,1,0,,,30,,,,3.00,,0,"Administrasi Pendidikan,Administrasi Rumah Sakit,Administrasi,Administrasi Akuntansi,Administrasi Akuntansi Perpajakan,Administrasi Asuransi dan Aktuaria,Administrasi Bisnis,Administrasi Bisnis dan Ekonomi,Administrasi Bisnis dan Pemasaran,Administrasi Bisnis Otomotif,Administrasi Bisnis Usaha Perjalanan Wisata,Administrasi Fiskal,Administrasi Hotel,Administrasi Kantor dan Sekretaris,Administrasi Kebijakan Kesehatan,Administrasi Kesehatan,Administrasi Keuangan,Administrasi Keuangan dan Perbankan,Administrasi Keuangan Publik,Administrasi Logistik,Administrasi Negara,Administrasi Niaga,Administrasi Pembangunan Negara,Administrasi Pemerintahan,Administrasi Pendidikan Olahraga,Administrasi Peradilan,Administrasi Perhotelan,Administrasi Perkantoran,Administrasi Perkantoran dan Sekretari,Administrasi Perpajakan,Administrasi Pertanahan,Administrasi Publik,Administrasi Sekretariat,Administrasi Ilmu Pengetahuan Sosial,Hospitaliti Administrasi Hotel,Ilmu Administrasi,Ilmu Administrasi Jurusan Usaha Perjalanan Wisata,Ilmu Administrasi Negara,ilmu administrasi publik,Adm.Perkantoran,Adminitrasi Pendidikan,Adminitrasi Perkantoran,Adminitrasi Rumah Sakit,Adminsitrasi Bisnis Dan Pemasaran,Adminsitrasi Keuangan,Business Administration,Adminisitrasi Bisnis Dan Pemasaran,Ilmu Manajemen,Ilmu Manajemen Perbankan,Ilmu Manajemen Stratejik,Kebijakan dan Manajemen Publik,Kepegawaian,Manajemen,Manajemen Administrasi Niaga,Manajemen Agama,Manajemen Akuntansi,Manajemen Aset,Manajemen Asuransi,Manajemen Bisnis,Manajemen Bisnis Unggas,Manajemen dan Administrasi,Manajemen Dan Ekonomi Alam,Manajemen Divisi Kamar,Manajemen Ekonomi dan Bisnis,Manajemen Finansial,Manajemen Hutan,Manajemen Industri,Manajemen Industri Pangan,Manajemen Informasi,Manajemen Informasi Dan Dokumen,Manajemen Informatika,Manajemen Internasional,Manajemen Kesehatan,Manajemen Ketahanan Pangan,Manajemen Keuangan,Manajemen Keuangan dan Bank,Manajemen Keuangan Dan Investasi,Manajemen Kewirausahaan,Manajemen Komunikasi,Manajemen Konstruksi,Manajemen Logistik,Manajemen Material,Manajemen Operasional,Manajemen Pelayanan Rumah Sakit,Manajemen Pemasaran,Manajemen Pembangunan Daerah,Manajemen Pendidikan,Manajemen Pendidikan Islam,Manajemen Perkantoran,Manajemen Perusahaan,Manajemen Produksi Media,Manajemen Rekayasa Industri,Manajemen Resiko,Manajemen Risiko,Manajemen Rumah Sakit,Manajemen Sektor Publik,Manajemen Sistem Informasi,Manajemen Strategik Dan Perencanaan,Manajemen Stratejik,Manajemen Sumber Daya,Manajemen Sumber Daya Manusia,Manajemen Sumber daya Perairan,Manajemen Teknik,Manajemen Teknik Industri,Manajemen Teknologi,Manajemen Teknologi Informasi,Manajemen Tenaga Ekonomi,Manajemen Transpor Udara,Manajemen Transport Laut,Manajemen Transportasi,Manajemen Umum,Pasar Dan Prilaku Konsumen,Pemasaran,Pemasaran Dalam Negeri,Pemasaran dan Niaga,Pemasaran Internasional,Pengendalian Management,Manajemen Proyek,Sekretaris,Strategic Management,Manajemen Ekonomi,Permerekan,Perubahan dan Pengembangan Organisasi,Biomanajemen,Bisnis Manajemen,Desain Dan Manajemen Produk,Manajemen Bandar Udara,Manajemen Lalu Lintas Udara,Hospitality Manajemen Tata Hidangan,Hospitality Manajemen Pastry,Ilmu Manajemen Bisnis,Ilmu Manajemen Komunikasi,Manajemen Administrasi,Manajemen Administrasi Akuntansi,Manajemen Administrasi Perhotelan,Manajemen Agroindustri,Manajemen Bencana,Manajemen Berita,Manajemen Bisnis Industri,Manajemen Bisnis Internasional,Manajemen Bisnis Jasa Perjalanan Wisata,Manajemen Bisnis Konvensi Dan Event,Manajemen Bisnis Konvensi Dan Perhelatan,Manajemen Bisnis Pariwisata,Manajemen Bisnis Perjalanan,Manajemen Bisnis Perjalanan Wisata,Manajemen Bisnis Syariah,Manajemen Bisnis Telekomunikasi Dan Informatika,Manajemen Dakwah,Manajemen Dakwah Islam,Manajemen Dakwah Komunikasi,Manajemen Dan Bisnis,Manajemen Dan Kebijakan Publik,Manajemen Destinasi Pariwisata,Manajemen Isi Kamar,Manajemen Isi Kamar Perhotelan,Manajemen Event,Manajemen Haji Dan Umrah,Manajemen Hospitality,Manajemen Hotel,Manajemen Industri Jasa Makan Dan Gizi,Manajemen Industri Katering,Manajemen Informasi Dan Komunikasi,Manajemen Informasi Kesehatan,Manajemen Informatika Dan Teknik Komputer,Manajemen Islam,Manajemen Kebijakan Publik,Manajemen Kepariwisataan,Manajemen Kepelabuhan Dan Pelayaran,Manajemen Keselamatan Transportasi Jalan,Manajemen Keuangan Syariah,Manajemen Konvensi Dan Acara,Manajemen Konvensi Dan Perhelatan,Manajemen Kuliner,Manajemen Lembaga Keuangan Syariah,Manajemen Logistik Industri Agro,Manajemen Logistik Industri Elektronika,Manajemen Mice,Manajemen Obat Dan Farmasi,Manajemen Operasi Dan Produksi,Manajemen Pajak,Manajemen Pariwisata,Manajemen Patiseri,Manajemen Pelabuhan,Manajemen Pemasaran Industri Elektronika,Manajemen Pemasaran Pariwisata,Manajemen Pemerintahan,Manajemen Pendidikan Isiam,Manajemen Pendidikan Islam Bimbingan Dan Konseling Islam,Manajemen Pendidikan Kristen,Manajemen Penerbangan,Manajemen Pengaturan Perjalanan,Manajemen Pengelolaan Perhotelan,Manajemen Pengelolaan Sumberdaya Perairan,Manajemen Perbankan,Manajemen Perbankan Dan Keuangan Syariah,Manajemen Perbankan Syariah,Manajemen Perdagangan,Manajemen Perencanaan Dan Pemasaran Pariwisata,Manajemen Perhotelan Dan Pariwisata,Manajemen Perjalanan Wisata,Manajemen Perpajakan,Manajemen Pertanian Lahan Kering,Manajemen Produksi,Manajemen Produksi Siaran,Manajemen Produksi Siaran Radio Dan Televisi,Manajemen Rekayasa,Manajemen Rekayasa Perikanan Tangkap,Manajemen Rekod Dan Arsip,Manajemen Resort Dan Leisure,Manajemen Sumber Daya Air,Manajemen Sumber Daya Akuatik,Manajemen Sumber Daya Manusia Aparatur,Manajemen Sumber Daya Perikanan,Manajemen Sumber Daya Lahan,Manajemen Tata Boga,Manajemen Tata Hidangan,Manajemen Teknik Studio Produksi,Manajemen Teknologi Perikanan Tangkap,Manajemen Transportasi Logistik Material,Manajemen Transportasi Dan Logistik,Manajemen Transportasi Darat,Manajemen Transportasi Laut,Manajemen Transportasi Logistik,Manajemen Transportasi Perkeretaapian,Manajemen Usaha Perjalanan,Manajemen Usaha Perjalanan Wisata,Manajemen Usaha Peternakan,Manajemen Zakat Wakaf,Manajemen Transportasi Udara,Teknologi Manajemen Perikanan,Teknologi Dan Manajemen Budidaya Perairan,Teknologi Dan Manajemen Perikanan Budidaya,Teknologi Dan Manajemen Perikanan Budidaya Air Tawar,Teknologi Dan Manajemen Perikanan Tangkap,Teknologi Dan Manajemen Peternakan,Teknologi Dan Manajemen Produksi Perkebunan,Teknologi Produksi Dan Manajemen Perikanan Budidaya,Advertising,Advertising Periklanan,Culinary Management,Kesekretariatan,Kesekretariatan Konsentrasi Perpustakaan Dan Arsip,Kesekretariatan Perpustakaan Dan Arsip",,6AC30367A2467D57547411ABB59BBCB9,"{""tenant_id"": ""02543A3FC1510646608160107316B33F"", ""vacancy_base_url"": ""https://web.archive.org/web/20240327194708/https://rekrutmenbersama2024.fhcibumn.id/"", ""jurusan_filter_type"": ""in"", ""total_job_available"": ""6000"", ""major_group_non_sma"": ""[\""45\"",\""1\""]"", ""major_group_sma"": ""null""}"
2024,Officer Pengelolaan Akuntansi,PT Perusahaan Listrik Negara (Persero),Fresh Graduate,Keuangan,0,0,1,0,,,30,,,,3.00,,0,"Accounting, Taxation,Komputer Akuntansi,Komputerisasi Akuntansi,Pajak dan Pabean,Perpajakan/Pajak,Accounting, Informasi System,Akuntansi dan Management,Akuntansi Manajemen,Ekonomi Akuntansi,Ilmu Akuntansi,Akuntansi,Akuntansi Keuangan,Akuntansi Perpajakan,Akuntansi Sektor Publik,Akuntansi Dan Keuangan Lembaga,Akuntansi Dan Manajemen,Akuntansi Keuangan Dan Perbankan,Akuntansi Lembaga Keuangan Syariah,Akuntansi Manajerial,Akuntansi Perbankan,Akuntansi Syariah,Akuntansi Terapan,Auditing Dan Pelaporan Keuangan",,02F4E7BE49383EAA4B51E2A77F51F011,"{""tenant_id"": ""02543A3FC1510646608160107316B33F"", ""vacancy_base_url"": ""https://web.archive.org/web/20240327194708/https://rekrutmenbersama2024.fhcibumn.id/"", ""jurusan_filter_type"": ""in"", ""total_job_available"": ""1000"", ""major_group_non_sma"": ""[\""4\""]"", ""major_group_sma"": ""null""}"
2024,Technician Pengelolaan Proyek,PT Perusahaan Listrik Negara (Persero),Fresh Graduate,Operasi / Produksi / Proyek,0,0,1,0,,,30,,,,3.00,,0,"Planologi,Rancang Kota,Teknik Arsitektur,Teknik Arsitektur Dan Perencanaan,Teknik Arsitektur Lansekap,Teknik Arsitektur Perancangan Kota,Teknik Arsitektur Real Estate,Teknik Arsitektur Teknologi Bangunan,Teknik Arsitektur Teori Dan Perancanaan,Teknik Arsitektur Teori Dan Sejarah,Teknik Lingkungan,Teknik Pengairan,Teknik Perancangan Jalan dan Jembatan,Teknik Perencanaan Dan Konstruksi,Teknik Perencanaan Wilayah Dan Kota,Teknik Planologi,Teknik Sipil,Teknik Sipil Bangunan Gedung,Teknik Sipil Dan Lingkungan,Teknik Sipil Geoteknik,Teknik Sipil Manajemen Konstruksi,Teknik Sipil Manajemen Proyek,Teknik Sipil Manajemen Sda,Teknik Sipil SDA,Teknik Sipil Struktur,Teknik Sipil Transportasi,Teknik Perecanaan Wilayah Dan Kota,Teknik Perencanaan Wilayah Dan Kota Planologi,Teknik Perkeretaapian,Teknik Sipil Perancangan Jalan Dan Jembatan,Teknik Sipil Dan Perencanaan,Teknik Sipil Infrastruktur Perkotaan,Teknik Sipil Arsitektur,Perencanaan Wilayah Dan Kota,Teknologi Infrastruktur Dan Kewilayahan,Teknik Sipil,Teknik Lingkungan,Rancang Kota,Perencanaan Wilayah dan Kota,Teknik Pengairan,Teknik Arsitektur,Teknologi Alat Berat,Transportasi",,2A4ED5A251C9AE7871EFD65306F9A7EE,"{""tenant_id"": ""02543A3FC1510646608160107316B33F"", ""vacancy_base_url"": ""https://web.archive.org/web/20240327194708/https://rekrutmenbersama2024.fhcibumn.id/"", ""jurusan_filter_type"": ""in"", ""total_job_available"": ""1000"", ""major_group_non_sma"": ""[\""74\""]"", ""major_group_sma"": ""null""}"
2024,"Technician Pengelolaan Operasi, Pemeliharaan dan Manajemen Mesin",PT Perusahaan Listrik Negara (Persero),Fresh Graduate,Operasi / Produksi / Proyek,0,0,1,0,,,30,,,,3.00,,0,"Teknik Pengolahan Karet Dan Plastik,Teknologi Kimia Tekstil,Teknologi Produksi Tekstil,Teknologi Tekstil,Teknologi Rekayasa Perancangan Manufaktur,Teknik Mesin,Teknik Produksi,Teknik Kimia,Teknik Industri Farmasi,Teknik Industri,Penerbangan/Aeronotika dan Astronotika,Teknik Pertekstilan (Tekstil),Teknik Refrigerasi,Bioteknologi Dalam Industri,Teknik Nuklir,Teknik Fisika,Teknik Enerji,Penginderaan Jauh,Teknik Material (Ilmu Bahan),Teknologi Penerbangan,Teknik Aeronautika,Teknik Fisika,Teknik Industri,Teknik Industri dan Manajemen,Teknik Kimia,Teknik Kimia Katalisis Industri,Teknik Kimia Manajemen Gas,Teknik Kimia Perancangan Produk,Teknik Kimia Perlindungan Lingkunga,Teknik Kimia Teknologi Gas,Teknik Manufaktur,Teknik Material,Teknik Mesin,Teknik Mesin Dan Industri,Teknik Mesin Pertanian Dan Pangan,Teknik Mesin/Otomotif,Teknik Mesin/Produksi,Teknik Nuklir,Teknik Otomasi,Teknik Otomasi Manufaktur dan Mekatronika,Teknik Otomotif,Teknik Otomotif dan Robotika,Teknik Penerbangan,Teknik Pesawat Udara,Teknik Tekstil,Teknik Telekomunikasi dan Navigasi Udara,Teknik Aeronautica,Teknik Bandar Udara,Teknik Dirgantara,Teknik Industri Agro,Teknik Industri Otomotif,Teknik Industri Pertanian,Teknik Kedirgantaraan,Teknik Kimia Industri,Teknik Kimia Perlindungan Lingkungan,Teknik Kimia Tekstil,Teknik Komunikasi Dan Navigasi Udara,Teknik Listrik Bandar Udara,Teknik Mekanik Industri,Teknik Mekanika,Teknik Mekanikal Bandara,Teknik Mekanisasi Pertanian,Teknik Mesin Aeronutika,Teknik Mesin Alat Berat,Teknik Mesin Dan Biosistem,Teknik Mesin Dan Dirgantara,Teknik Mesin Kilang,Teknik Mesin Pesawat Udara,Teknik Motor Pesawat,Teknik Navigasi Dan Telekomunikasi Udara,Teknik Navigasi Penerbangan,Teknik Pendingin Dan Tata Udara,Teknik Penerbangan Mesin,Teknik Permesinan,Teknik Produksi Proses Manufaktur,Teknik Produksi Dan Proses Manufaktur,Teknik Rangka Pesawat,Teknik Produksi,Teknik Telekomunikasi Dan Navigasi Penerbangan,Teknik Telekomunikasi Dan Navigasi Pesawat",,0DBFE106BA67EDE021572637325DEB1F,"{""tenant_id"": ""02543A3FC1510646608160107316B33F"", ""vacancy_base_url"": ""https://web.archive.org/web/20240327194708/https://rekrutmenbersama2024.fhcibumn.id/"", ""jurusan_filter_type"": ""in"", ""total_job_available"": ""1000"", ""major_group_non_sma"": ""[\""18\""]"", ""major_group_sma"": ""null""}"
2024,"Junior Technician Pengelolaan Operasi, Pemeliharaan dan Manajemen Aset",PT Perusahaan Listrik Negara (Persero) - PT Haleyora Power,Fresh Graduate,Engineering and Maintenance,0,1,0,0,,27,,,,3.00,,,0,"Instrumentasi Fisik,Teknik Biomedika,Teknik Elektro,Teknik Elektro Aplikasi Mikroprosesor,Teknik Elektro dan Informatika,Teknik Elektro Elektroniks Divais,Teknik Elektro Industri,Teknik Elektro Komunikasi,Teknik Elektro Manajemen Telekomunikasi,Teknik Elektro Multimedia Dan Jaringan,Teknik Elektro Perancangan Vlsi,Teknik Elektro Teknik Kontrol Industri,Teknik Elektro Telekomunikasi,Teknik Elektro Tenaga Listrik,Teknik Elektronika,Teknik Eletromedik,Teknik Instrumentasi,Teknik Mekanik,Teknik Mekatronika,Teknik Perangkat Lunak,Teknik Rekayasa Perangkat Lunak,Teknik Telekomunikasi,Teknik Komputer Dan Jaringan,Teknik Biomedik,Teknik Biomedis,Teknik Bioproses,Teknik Biosistem,Teknik Elektonika,Teknik Elektro Navigasi Dan Komunikasi Penerbangan,Teknik Elektro Otomasi,Teknik Elektromedis,Teknik Elektronika Industri,Teknik Elektronika Pesawat Udara,Teknik Elektronika Telekomunikasi,Teknik Informatika Dan Komputer,Teknik Informatika Konsentrasi Rekam Medis Dan Informasi Kesehatan,Teknik Informatika Multimedia,Teknik Komputer Dan Informatika,Teknik Komputer Jaringan,Teknik Komputer Dan Komunikasi,Teknik Komputer Kontrol,Teknik Komputer Multimedia,Biomedical Engineering,Teknologi Instrumentasi,Teknik Elektro,Teknik Tenaga Elektrik,Teknik Telekomunikasi,Teknik Elektronika,Teknik Kendali (Atau Instrumentasi dan Kontrol),Teknik Biomedika,Teknik Komputer,Teknik Informatika,Ilmu Komputer,Sistem Informasi,Teknologi Informasi,Teknik Perangkat Lunak,Teknik Mekatronika,Teknik Ketenagalistrikan,Teknik Listrik,Teknik Listrik Arus Kuat,Teknik Listrik Arus Lemah,Teknik Listrik Bandara,Teknik Listrik dan Elektronik,Teknik Tenaga Listrik,Teknik Instalasi Pemanfaatan Tenaga Listrik,Teknik Instalasi Tenaga Listrik",,0F5601D1B75BBED91441A5B80B6172DA,"{""tenant_id"": ""252DE67346592997854C752D36AD6867"", ""vacancy_base_url"": ""https://web.archive.org/web/20240327194708/https://rekrutmenbersama2024.fhcibumn.id/"", ""jurusan_filter_type"": ""in"", ""total_job_available"": ""2000"", ""major_group_non_sma"": ""[\""62\"",\""67\""]"", ""major_group_sma"": ""null""}"
2024,"Technician Pengelolaan operasi, pemeliharaan dan manajemen aset",PT Perusahaan Listrik Negara (Persero) - PT Pelayanan Listrik Nasional Batam (PT PLN Batam),Fresh Graduate,Engineering and Maintenance,0,0,1,0,,,30,,,,3.00,,0,"Instrumentasi Fisik,Teknik Biomedika,Teknik Elektro,Teknik Elektro Aplikasi Mikroprosesor,Teknik Elektro dan Informatika,Teknik Elektro Elektroniks Divais,Teknik Elektro Industri,Teknik Elektro Komunikasi,Teknik Elektro Manajemen Telekomunikasi,Teknik Elektro Multimedia Dan Jaringan,Teknik Elektro Perancangan Vlsi,Teknik Elektro Teknik Kontrol Industri,Teknik Elektro Telekomunikasi,Teknik Elektro Tenaga Listrik,Teknik Elektronika,Teknik Eletromedik,Teknik Instrumentasi,Teknik Mekanik,Teknik Mekatronika,Teknik Perangkat Lunak,Teknik Rekayasa Perangkat Lunak,Teknik Telekomunikasi,Teknik Komputer Dan Jaringan,Teknik Biomedik,Teknik Biomedis,Teknik Bioproses,Teknik Biosistem,Teknik Elektonika,Teknik Elektro Navigasi Dan Komunikasi Penerbangan,Teknik Elektro Otomasi,Teknik Elektromedis,Teknik Elektronika Industri,Teknik Elektronika Pesawat Udara,Teknik Elektronika Telekomunikasi,Teknik Informatika Dan Komputer,Teknik Informatika Konsentrasi Rekam Medis Dan Informasi Kesehatan,Teknik Informatika Multimedia,Teknik Komputer Dan Informatika,Teknik Komputer Jaringan,Teknik Komputer Dan Komunikasi,Teknik Komputer Kontrol,Teknik Komputer Multimedia,Biomedical Engineering,Teknologi Instrumentasi,Teknik Elektro,Teknik Tenaga Elektrik,Teknik Telekomunikasi,Teknik Elektronika,Teknik Kendali (Atau Instrumentasi dan Kontrol),Teknik Biomedika,Teknik Komputer,Teknik Informatika,Ilmu Komputer,Sistem Informasi,Teknologi Informasi,Teknik Perangkat Lunak,Teknik Mekatronika",,CED73CF1379B4E778CFEAE5895E93577,"{""tenant_id"": ""82EB893934A51E531EA8876A4A0284F8"", ""vacancy_base_url"": ""https://web.archive.org/web/20240327194708/https://rekrutmenbersama2024.fhcibumn.id/"", ""jurusan_filter_type"": ""in"", ""total_job_available"": ""1000"", ""major_group_non_sma"": ""[\""62\""]"", ""major_group_sma"": ""null""}"
2024,"Technician Pengelolaan operasi, pemeliharaan dan manajemen mesin",PT Perusahaan Listrik Negara (Persero) - PT Pelayanan Listrik Nasional Batam (PT PLN Batam),Fresh Graduate,Engineering and Maintenance,0,0,1,0,,,30,,,,3.00,,0,"Teknik Pengolahan Karet Dan Plastik,Teknologi Kimia Tekstil,Teknologi Produksi Tekstil,Teknologi Tekstil,Teknologi Rekayasa Perancangan Manufaktur,Teknik Mesin,Teknik Produksi,Teknik Kimia,Teknik Industri Farmasi,Teknik Industri,Penerbangan/Aeronotika dan Astronotika,Teknik Pertekstilan (Tekstil),Teknik Refrigerasi,Bioteknologi Dalam Industri,Teknik Nuklir,Teknik Fisika,Teknik Enerji,Penginderaan Jauh,Teknik Material (Ilmu Bahan),Teknologi Penerbangan,Teknik Aeronautika,Teknik Fisika,Teknik Industri,Teknik Industri dan Manajemen,Teknik Kimia,Teknik Kimia Katalisis Industri,Teknik Kimia Manajemen Gas,Teknik Kimia Perancangan Produk,Teknik Kimia Perlindungan Lingkunga,Teknik Kimia Teknologi Gas,Teknik Manufaktur,Teknik Material,Teknik Mesin,Teknik Mesin Dan Industri,Teknik Mesin Pertanian Dan Pangan,Teknik Mesin/Otomotif,Teknik Mesin/Produksi,Teknik Nuklir,Teknik Otomasi,Teknik Otomasi Manufaktur dan Mekatronika,Teknik Otomotif,Teknik Otomotif dan Robotika,Teknik Penerbangan,Teknik Pesawat Udara,Teknik Tekstil,Teknik Telekomunikasi dan Navigasi Udara,Teknik Aeronautica,Teknik Bandar Udara,Teknik Dirgantara,Teknik Industri Agro,Teknik Industri Otomotif,Teknik Industri Pertanian,Teknik Kedirgantaraan,Teknik Kimia Industri,Teknik Kimia Perlindungan Lingkungan,Teknik Kimia Tekstil,Teknik Komunikasi Dan Navigasi Udara,Teknik Listrik Bandar Udara,Teknik Mekanik Industri,Teknik Mekanika,Teknik Mekanikal Bandara,Teknik Mekanisasi Pertanian,Teknik Mesin Aeronutika,Teknik Mesin Alat Berat,Teknik Mesin Dan Biosistem,Teknik Mesin Dan Dirgantara,Teknik Mesin Kilang,Teknik Mesin Pesawat Udara,Teknik Motor Pesawat,Teknik Navigasi Dan Telekomunikasi Udara,Teknik Navigasi Penerbangan,Teknik Pendingin Dan Tata Udara,Teknik Penerbangan Mesin,Teknik Permesinan,Teknik Produksi Proses Manufaktur,Teknik Produksi Dan Proses Manufaktur,Teknik Rangka Pesawat,Teknik Produksi,Teknik Telekomunikasi Dan Navigasi Penerbangan,Teknik Telekomunikasi Dan Navigasi Pesawat",,2E8D0E2AE7293839FFE56A0F2F0C186E,"{""tenant_id"": ""82EB893934A51E531EA8876A4A0284F8"", ""vacancy_base_url"": ""https://web.archive.org/web/20240327194708/https://rekrutmenbersama2024.fhcibumn.id/"", ""jurusan_filter_type"": ""in"", ""total_job_available"": ""2000"", ""major_group_non_sma"": ""[\""18\""]"", ""major_group_sma"": ""null""}"
2024,Technician Pengelolaan project dan aset,PT Perusahaan Listrik Negara (Persero) - PT Pelayanan Listrik Nasional Batam (PT PLN Batam),Fresh Graduate,Engineering and Maintenance,0,0,1,0,,,30,,,,3.00,,0,"Teknik Pengolahan Karet Dan Plastik,Teknologi Kimia Tekstil,Teknologi Produksi Tekstil,Teknologi Tekstil,Teknologi Rekayasa Perancangan Manufaktur,Teknik Mesin,Teknik Produksi,Teknik Kimia,Teknik Industri Farmasi,Teknik Industri,Penerbangan/Aeronotika dan Astronotika,Teknik Pertekstilan (Tekstil),Teknik Refrigerasi,Bioteknologi Dalam Industri,Teknik Nuklir,Teknik Fisika,Teknik Enerji,Penginderaan Jauh,Teknik Material (Ilmu Bahan),Teknologi Penerbangan,Teknik Aeronautika,Teknik Fisika,Teknik Industri,Teknik Industri dan Manajemen,Teknik Kimia,Teknik Kimia Katalisis Industri,Teknik Kimia Manajemen Gas,Teknik Kimia Perancangan Produk,Teknik Kimia Perlindungan Lingkunga,Teknik Kimia Teknologi Gas,Teknik Manufaktur,Teknik Material,Teknik Mesin,Teknik Mesin Dan Industri,Teknik Mesin Pertanian Dan Pangan,Teknik Mesin/Otomotif,Teknik Mesin/Produksi,Teknik Nuklir,Teknik Otomasi,Teknik Otomasi Manufaktur dan Mekatronika,Teknik Otomotif,Teknik Otomotif dan Robotika,Teknik Penerbangan,Teknik Pesawat Udara,Teknik Tekstil,Teknik Telekomunikasi dan Navigasi Udara,Teknik Aeronautica,Teknik Bandar Udara,Teknik Dirgantara,Teknik Industri Agro,Teknik Industri Otomotif,Teknik Industri Pertanian,Teknik Kedirgantaraan,Teknik Kimia Industri,Teknik Kimia Perlindungan Lingkungan,Teknik Kimia Tekstil,Teknik Komunikasi Dan Navigasi Udara,Teknik Listrik Bandar Udara,Teknik Mekanik Industri,Teknik Mekanika,Teknik Mekanikal Bandara,Teknik Mekanisasi Pertanian,Teknik Mesin Aeronutika,Teknik Mesin Alat Berat,Teknik Mesin Dan Biosistem,Teknik Mesin Dan Dirgantara,Teknik Mesin Kilang,Teknik Mesin Pesawat Udara,Teknik Motor Pesawat,Teknik Navigasi Dan Telekomunikasi Udara,Teknik Navigasi Penerbangan,Teknik Pendingin Dan Tata Udara,Teknik Penerbangan Mesin,Teknik Permesinan,Teknik Produksi Proses Manufaktur,Teknik Produksi Dan Proses Manufaktur,Teknik Rangka Pesawat,Teknik Produksi,Teknik Telekomunikasi Dan Navigasi Penerbangan,Teknik Telekomunikasi Dan Navigasi Pesawat,Planologi,Rancang Kota,Teknik Arsitektur,Teknik Arsitektur Dan Perencanaan,Teknik Arsitektur Lansekap,Teknik Arsitektur Perancangan Kota,Teknik Arsitektur Real Estate,Teknik Arsitektur Teknologi Bangunan,Teknik Arsitektur Teori Dan Perancanaan,Teknik Arsitektur Teori Dan Sejarah,Teknik Lingkungan,Teknik Pengairan,Teknik Perancangan Jalan dan Jembatan,Teknik Perencanaan Dan Konstruksi,Teknik Perencanaan Wilayah Dan Kota,Teknik Planologi,Teknik Sipil,Teknik Sipil Bangunan Gedung,Teknik Sipil Dan Lingkungan,Teknik Sipil Geoteknik,Teknik Sipil Manajemen Konstruksi,Teknik Sipil Manajemen Proyek,Teknik Sipil Manajemen Sda,Teknik Sipil SDA,Teknik Sipil Struktur,Teknik Sipil Transportasi,Teknik Perecanaan Wilayah Dan Kota,Teknik Perencanaan Wilayah Dan Kota Planologi,Teknik Perkeretaapian,Teknik Sipil Perancangan Jalan Dan Jembatan,Teknik Sipil Dan Perencanaan,Teknik Sipil Infrastruktur Perkotaan,Teknik Sipil Arsitektur,Perencanaan Wilayah Dan Kota,Teknologi Infrastruktur Dan Kewilayahan,Teknik Sipil,Teknik Lingkungan,Rancang Kota,Perencanaan Wilayah dan Kota,Teknik Pengairan,Teknik Arsitektur,Teknologi Alat Berat,Transportasi",,CE053266C87439100A2B783052BD45D0,"{""tenant_id"": ""82EB893934A51E531EA8876A4A0284F8"", ""vacancy_base_url"": ""https://web.archive.org/web/20240327194708/https://rekrutmenbersama2024.fhcibumn.id/"", ""jurusan_filter_type"": ""in"", ""total_job_available"": ""2000"", ""major_group_non_sma"": ""[\""18\"",\""74\""]"", ""major_group_sma"": ""null""}"
2024,Officer Pengelolaan Akuntansi,PT Perusahaan Listrik Negara (Persero) - PT Pelayanan Listrik Nasional Batam (PT PLN Batam),Fresh Graduate,Keuangan,0,0,1,0,,,30,,,,3.00,,0,"Accounting, Taxation,Komputer Akuntansi,Komputerisasi Akuntansi,Pajak dan Pabean,Perpajakan/Pajak,Accounting, Informasi System,Akuntansi dan Management,Akuntansi Manajemen,Ekonomi Akuntansi,Ilmu Akuntansi,Akuntansi,Akuntansi Keuangan,Akuntansi Perpajakan,Akuntansi Sektor Publik,Akuntansi Dan Keuangan Lembaga,Akuntansi Dan Manajemen,Akuntansi Keuangan Dan Perbankan,Akuntansi Lembaga Keuangan Syariah,Akuntansi Manajerial,Akuntansi Perbankan,Akuntansi Syariah,Akuntansi Terapan,Auditing Dan Pelaporan Keuangan",,B22EB2EA01C1605DD7DF74E1F32B1C7C,"{""tenant_id"": ""82EB893934A51E531EA8876A4A0284F8"", ""vacancy_base_url"": ""https://web.archive.org/web/20240327194708/https://rekrutmenbersama2024.fhcibumn.id/"", ""jurusan_filter_type"": ""in"", ""total_job_available"": ""1000"", ""major_group_non_sma"": ""[\""4\""]"", ""major_group_sma"": ""null""}"
2024,Officer Pengembangan Bisnis,PT Perusahaan Listrik Negara (Persero) - PT Pelayanan Listrik Nasional Batam (PT PLN Batam),Fresh Graduate,Pengembangan Usaha / R and D,0,0,1,0,,,30,,,,3.00,,0,"Keuangan dan Perbankan,Ekonomi,Ekonomi Terapan,Ekonomi Administrasi,Ekonomi Akuntansi Syariah,Ekonomi Bisnis,Ekonomi dan Administrasi,Ekonomi dan Bisnis,Ekonomi Dan Bisnis Internasional,Ekonomi dan bisnis islam,Ekonomi dan bisnis Islam perbankan syariah,Ekonomi dan bisnis syariah,Ekonomi dan hukum bisnis internasional,Ekonomi dan Keuangan Islam,Ekonomi dan Keuangan Syariah,Ekonomi dan Perbankan Islam,Ekonomi Geografi,Ekonomi Islam,Ekonomi Islam Konsentrasi Manajemen Keuangan Islam,Ekonomi Keuangan,Ekonomi Manajemen,Ekonomi Pemerintahan,Ekonomi Pendidikan,Ekonomi Sumber Daya Alam dan Lingkungan,Ekonomi Sumber Daya Manusia,Ekonomi Syariah,Ekonomi Umum,Perbankan,Keuangan,Ilmu Ekonomi Islam,Ilmu Ekonomi Syariah,Perbankan Syariah,Manajemen Keuangan Islam,Perbankan Syariah Kebijakan Makro Islam,Kewirausahaan Islam,Ekonomi Dan Studi Pembangunan,Ekonomi Industri,Ekonomi Internasional,Ekonomi Moneter,Ekonomi Pembangunan,Ekonomi Pembangunan Dan Perencanaan,Ekonomi Perbankan,Ekonomi Perusahaan,Ekonomi Politik,Ekonomi Publik,Ekonomi Regional,Ekonomi Sosial,Ekonomi Sumberdaya Dan Lingkungan,Ilmu Ekonomi Pertanian,Perencanaan Dan Kebijakan Publik,Ilmu Manajemen,Ilmu Manajemen Perbankan,Ilmu Manajemen Stratejik,Kebijakan dan Manajemen Publik,Kepegawaian,Manajemen,Manajemen Administrasi Niaga,Manajemen Agama,Manajemen Akuntansi,Manajemen Aset,Manajemen Asuransi,Manajemen Bisnis,Manajemen Bisnis Unggas,Manajemen dan Administrasi,Manajemen Dan Ekonomi Alam,Manajemen Divisi Kamar,Manajemen Ekonomi dan Bisnis,Manajemen Finansial,Manajemen Hutan,Manajemen Industri,Manajemen Industri Pangan,Manajemen Informasi,Manajemen Informasi Dan Dokumen,Manajemen Informatika,Manajemen Internasional,Manajemen Kesehatan,Manajemen Ketahanan Pangan,Manajemen Keuangan,Manajemen Keuangan dan Bank,Manajemen Keuangan Dan Investasi,Manajemen Kewirausahaan,Manajemen Komunikasi,Manajemen Konstruksi,Manajemen Logistik,Manajemen Material,Manajemen Operasional,Manajemen Pelayanan Rumah Sakit,Manajemen Pemasaran,Manajemen Pembangunan Daerah,Manajemen Pendidikan,Manajemen Pendidikan Islam,Manajemen Perkantoran,Manajemen Perusahaan,Manajemen Produksi Media,Manajemen Rekayasa Industri,Manajemen Resiko,Manajemen Risiko,Manajemen Rumah Sakit,Manajemen Sektor Publik,Manajemen Sistem Informasi,Manajemen Strategik Dan Perencanaan,Manajemen Stratejik,Manajemen Sumber Daya,Manajemen Sumber Daya Manusia,Manajemen Sumber daya Perairan,Manajemen Teknik,Manajemen Teknik Industri,Manajemen Teknologi,Manajemen Teknologi Informasi,Manajemen Tenaga Ekonomi,Manajemen Transpor Udara,Manajemen Transport Laut,Manajemen Transportasi,Manajemen Umum,Pasar Dan Prilaku Konsumen,Pemasaran,Pemasaran Dalam Negeri,Pemasaran dan Niaga,Pemasaran Internasional,Pengendalian Management,Manajemen Proyek,Sekretaris,Strategic Management,Manajemen Ekonomi,Permerekan,Perubahan dan Pengembangan Organisasi,Biomanajemen,Bisnis Manajemen,Desain Dan Manajemen Produk,Manajemen Bandar Udara,Manajemen Lalu Lintas Udara,Hospitality Manajemen Tata Hidangan,Hospitality Manajemen Pastry,Ilmu Manajemen Bisnis,Ilmu Manajemen Komunikasi,Manajemen Administrasi,Manajemen Administrasi Akuntansi,Manajemen Administrasi Perhotelan,Manajemen Agroindustri,Manajemen Bencana,Manajemen Berita,Manajemen Bisnis Industri,Manajemen Bisnis Internasional,Manajemen Bisnis Jasa Perjalanan Wisata,Manajemen Bisnis Konvensi Dan Event,Manajemen Bisnis Konvensi Dan Perhelatan,Manajemen Bisnis Pariwisata,Manajemen Bisnis Perjalanan,Manajemen Bisnis Perjalanan Wisata,Manajemen Bisnis Syariah,Manajemen Bisnis Telekomunikasi Dan Informatika,Manajemen Dakwah,Manajemen Dakwah Islam,Manajemen Dakwah Komunikasi,Manajemen Dan Bisnis,Manajemen Dan Kebijakan Publik,Manajemen Destinasi Pariwisata,Manajemen Isi Kamar,Manajemen Isi Kamar Perhotelan,Manajemen Event,Manajemen Haji Dan Umrah,Manajemen Hospitality,Manajemen Hotel,Manajemen Industri Jasa Makan Dan Gizi,Manajemen Industri Katering,Manajemen Informasi Dan Komunikasi,Manajemen Informasi Kesehatan,Manajemen Informatika Dan Teknik Komputer,Manajemen Islam,Manajemen Kebijakan Publik,Manajemen Kepariwisataan,Manajemen Kepelabuhan Dan Pelayaran,Manajemen Keselamatan Transportasi Jalan,Manajemen Keuangan Syariah,Manajemen Konvensi Dan Acara,Manajemen Konvensi Dan Perhelatan,Manajemen Kuliner,Manajemen Lembaga Keuangan Syariah,Manajemen Logistik Industri Agro,Manajemen Logistik Industri Elektronika,Manajemen Mice,Manajemen Obat Dan Farmasi,Manajemen Operasi Dan Produksi,Manajemen Pajak,Manajemen Pariwisata,Manajemen Patiseri,Manajemen Pelabuhan,Manajemen Pemasaran Industri Elektronika,Manajemen Pemasaran Pariwisata,Manajemen Pemerintahan,Manajemen Pendidikan Isiam,Manajemen Pendidikan Islam Bimbingan Dan Konseling Islam,Manajemen Pendidikan Kristen,Manajemen Penerbangan,Manajemen Pengaturan Perjalanan,Manajemen Pengelolaan Perhotelan,Manajemen Pengelolaan Sumberdaya Perairan,Manajemen Perbankan,Manajemen Perbankan Dan Keuangan Syariah,Manajemen Perbankan Syariah,Manajemen Perdagangan,Manajemen Perencanaan Dan Pemasaran Pariwisata,Manajemen Perhotelan Dan Pariwisata,Manajemen Perjalanan Wisata,Manajemen Perpajakan,Manajemen Pertanian Lahan Kering,Manajemen Produksi,Manajemen Produksi Siaran,Manajemen Produksi Siaran Radio Dan Televisi,Manajemen Rekayasa,Manajemen Rekayasa Perikanan Tangkap,Manajemen Rekod Dan Arsip,Manajemen Resort Dan Leisure,Manajemen Sumber Daya Air,Manajemen Sumber Daya Akuatik,Manajemen Sumber Daya Manusia Aparatur,Manajemen Sumber Daya Perikanan,Manajemen Sumber Daya Lahan,Manajemen Tata Boga,Manajemen Tata Hidangan,Manajemen Teknik Studio Produksi,Manajemen Teknologi Perikanan Tangkap,Manajemen Transportasi Logistik Material,Manajemen Transportasi Dan Logistik,Manajemen Transportasi Darat,Manajemen Transportasi Laut,Manajemen Transportasi Logistik,Manajemen Transportasi Perkeretaapian,Manajemen Usaha Perjalanan,Manajemen Usaha Perjalanan Wisata,Manajemen Usaha Peternakan,Manajemen Zakat Wakaf,Manajemen Transportasi Udara,Teknologi Manajemen Perikanan,Teknologi Dan Manajemen Budidaya Perairan,Teknologi Dan Manajemen Perikanan Budidaya,Teknologi Dan Manajemen Perikanan Budidaya Air Tawar,Teknologi Dan Manajemen Perikanan Tangkap,Teknologi Dan Manajemen Peternakan,Teknologi Dan Manajemen Produksi Perkebunan,Teknologi Produksi Dan Manajemen Perikanan Budidaya,Advertising,Advertising Periklanan,Culinary Management,Kesekretariatan,Kesekretariatan Konsentrasi Perpustakaan Dan Arsip,Kesekretariatan Perpustakaan Dan Arsip",,8C36B090DFDD7ED33D0C5E0F1A14AA65,"{""tenant_id"": ""82EB893934A51E531EA8876A4A0284F8"", ""vacancy_base_url"": ""https://web.archive.org/web/20240327194708/https://rekrutmenbersama2024.fhcibumn.id/"", ""jurusan_filter_type"": ""in"", ""total_job_available"": ""1000"", ""major_group_non_sma"": ""[\""13\"",\""45\""]"", ""major_group_sma"": ""null""}"
2024,"Technician Pengelolaan Operasi, Pemeliharaan dan Manajemen Aset",PT Perusahaan Listrik Negara (Persero) - PT Haleyora Power,Fresh Graduate,Engineering and Maintenance,0,0,1,0,,,30,,,,3.00,,0,"Instrumentasi Fisik,Teknik Biomedika,Teknik Elektro,Teknik Elektro Aplikasi Mikroprosesor,Teknik Elektro dan Informatika,Teknik Elektro Elektroniks Divais,Teknik Elektro Industri,Teknik Elektro Komunikasi,Teknik Elektro Manajemen Telekomunikasi,Teknik Elektro Multimedia Dan Jaringan,Teknik Elektro Perancangan Vlsi,Teknik Elektro Teknik Kontrol Industri,Teknik Elektro Telekomunikasi,Teknik Elektro Tenaga Listrik,Teknik Elektronika,Teknik Eletromedik,Teknik Instrumentasi,Teknik Mekanik,Teknik Mekatronika,Teknik Perangkat Lunak,Teknik Rekayasa Perangkat Lunak,Teknik Telekomunikasi,Teknik Komputer Dan Jaringan,Teknik Biomedik,Teknik Biomedis,Teknik Bioproses,Teknik Biosistem,Teknik Elektonika,Teknik Elektro Navigasi Dan Komunikasi Penerbangan,Teknik Elektro Otomasi,Teknik Elektromedis,Teknik Elektronika Industri,Teknik Elektronika Pesawat Udara,Teknik Elektronika Telekomunikasi,Teknik Informatika Dan Komputer,Teknik Informatika Konsentrasi Rekam Medis Dan Informasi Kesehatan,Teknik Informatika Multimedia,Teknik Komputer Dan Informatika,Teknik Komputer Jaringan,Teknik Komputer Dan Komunikasi,Teknik Komputer Kontrol,Teknik Komputer Multimedia,Biomedical Engineering,Teknologi Instrumentasi,Teknik Elektro,Teknik Tenaga Elektrik,Teknik Telekomunikasi,Teknik Elektronika,Teknik Kendali (Atau Instrumentasi dan Kontrol),Teknik Biomedika,Teknik Komputer,Teknik Informatika,Ilmu Komputer,Sistem Informasi,Teknologi Informasi,Teknik Perangkat Lunak,Teknik Mekatronika,Teknik Ketenagalistrikan,Teknik Listrik,Teknik Listrik Arus Kuat,Teknik Listrik Arus Lemah,Teknik Listrik Bandara,Teknik Listrik dan Elektronik,Teknik Tenaga Listrik,Teknik Instalasi Pemanfaatan Tenaga Listrik,Teknik Instalasi Tenaga Listrik",,F1B253D7D1AA540DB4B46D0AF446DA86,"{""tenant_id"": ""252DE67346592997854C752D36AD6867"", ""vacancy_base_url"": ""https://web.archive.org/web/20240327194708/https://rekrutmenbersama2024.fhcibumn.id/"", ""jurusan_filter_type"": ""in"", ""total_job_available"": ""2000"", ""major_group_non_sma"": ""[\""62\"",\""67\""]"", ""major_group_sma"": ""null""}"
2024,Officer Pengembangan Bisnis dan Perencanaan Korporat,PT Perusahaan Listrik Negara (Persero) - PT Haleyora Power,Fresh Graduate,Pengembangan Usaha / R and D,0,0,1,0,,,30,,,,3.00,,0,"Bisnis,Bisnis Daring Dan Pemasaran,Bisnis Digital,Bisnis Digital Ecommerce,Bisnis Hospitaliti,Bisnis Internasional,Bisnis Islam,Bisnis Jasa Makanan,Bisnis Keuangan,Bisnis Kewirausahaan,Bisnis Kontruksi Dan Properti,Bisnis Kuliner,Bisnis Niaga Pemasaran,Bisnis Pariwisata,Bisnis Pariwisata Dan Perhotelan,Bisnis Perhotelan Dan Pariwisata,Bisnis Perjalanan Wisata,Business Creation,Business Information Technology,Creativepreneurship,Culinary Business,Teknik Pengolahan Karet Dan Plastik,Teknologi Kimia Tekstil,Teknologi Produksi Tekstil,Teknologi Tekstil,Teknologi Rekayasa Perancangan Manufaktur,Teknik Mesin,Teknik Produksi,Teknik Kimia,Teknik Industri Farmasi,Teknik Industri,Penerbangan/Aeronotika dan Astronotika,Teknik Pertekstilan (Tekstil),Teknik Refrigerasi,Bioteknologi Dalam Industri,Teknik Nuklir,Teknik Fisika,Teknik Enerji,Penginderaan Jauh,Teknik Material (Ilmu Bahan),Teknologi Penerbangan,Teknik Aeronautika,Teknik Fisika,Teknik Industri,Teknik Industri dan Manajemen,Teknik Kimia,Teknik Kimia Katalisis Industri,Teknik Kimia Manajemen Gas,Teknik Kimia Perancangan Produk,Teknik Kimia Perlindungan Lingkunga,Teknik Kimia Teknologi Gas,Teknik Manufaktur,Teknik Material,Teknik Mesin,Teknik Mesin Dan Industri,Teknik Mesin Pertanian Dan Pangan,Teknik Mesin/Otomotif,Teknik Mesin/Produksi,Teknik Nuklir,Teknik Otomasi,Teknik Otomasi Manufaktur dan Mekatronika,Teknik Otomotif,Teknik Otomotif dan Robotika,Teknik Penerbangan,Teknik Pesawat Udara,Teknik Tekstil,Teknik Telekomunikasi dan Navigasi Udara,Teknik Aeronautica,Teknik Bandar Udara,Teknik Dirgantara,Teknik Industri Agro,Teknik Industri Otomotif,Teknik Industri Pertanian,Teknik Kedirgantaraan,Teknik Kimia Industri,Teknik Kimia Perlindungan Lingkungan,Teknik Kimia Tekstil,Teknik Komunikasi Dan Navigasi Udara,Teknik Listrik Bandar Udara,Teknik Mekanik Industri,Teknik Mekanika,Teknik Mekanikal Bandara,Teknik Mekanisasi Pertanian,Teknik Mesin Aeronutika,Teknik Mesin Alat Berat,Teknik Mesin Dan Biosistem,Teknik Mesin Dan Dirgantara,Teknik Mesin Kilang,Teknik Mesin Pesawat Udara,Teknik Motor Pesawat,Teknik Navigasi Dan Telekomunikasi Udara,Teknik Navigasi Penerbangan,Teknik Pendingin Dan Tata Udara,Teknik Penerbangan Mesin,Teknik Permesinan,Teknik Produksi Proses Manufaktur,Teknik Produksi Dan Proses Manufaktur,Teknik Rangka Pesawat,Teknik Produksi,Teknik Telekomunikasi Dan Navigasi Penerbangan,Teknik Telekomunikasi Dan Navigasi Pesawat,Ilmu Manajemen,Ilmu Manajemen Perbankan,Ilmu Manajemen Stratejik,Kebijakan dan Manajemen Publik,Kepegawaian,Manajemen,Manajemen Administrasi Niaga,Manajemen Agama,Manajemen Akuntansi,Manajemen Aset,Manajemen Asuransi,Manajemen Bisnis,Manajemen Bisnis Unggas,Manajemen dan Administrasi,Manajemen Dan Ekonomi Alam,Manajemen Divisi Kamar,Manajemen Ekonomi dan Bisnis,Manajemen Finansial,Manajemen Hutan,Manajemen Industri,Manajemen Industri Pangan,Manajemen Informasi,Manajemen Informasi Dan Dokumen,Manajemen Informatika,Manajemen Internasional,Manajemen Kesehatan,Manajemen Ketahanan Pangan,Manajemen Keuangan,Manajemen Keuangan dan Bank,Manajemen Keuangan Dan Investasi,Manajemen Kewirausahaan,Manajemen Komunikasi,Manajemen Konstruksi,Manajemen Logistik,Manajemen Material,Manajemen Operasional,Manajemen Pelayanan Rumah Sakit,Manajemen Pemasaran,Manajemen Pembangunan Daerah,Manajemen Pendidikan,Manajemen Pendidikan Islam,Manajemen Perkantoran,Manajemen Perusahaan,Manajemen Produksi Media,Manajemen Rekayasa Industri,Manajemen Resiko,Manajemen Risiko,Manajemen Rumah Sakit,Manajemen Sektor Publik,Manajemen Sistem Informasi,Manajemen Strategik Dan Perencanaan,Manajemen Stratejik,Manajemen Sumber Daya,Manajemen Sumber Daya Manusia,Manajemen Sumber daya Perairan,Manajemen Teknik,Manajemen Teknik Industri,Manajemen Teknologi,Manajemen Teknologi Informasi,Manajemen Tenaga Ekonomi,Manajemen Transpor Udara,Manajemen Transport Laut,Manajemen Transportasi,Manajemen Umum,Pasar Dan Prilaku Konsumen,Pemasaran,Pemasaran Dalam Negeri,Pemasaran dan Niaga,Pemasaran Internasional,Pengendalian Management,Manajemen Proyek,Sekretaris,Strategic Management,Manajemen Ekonomi,Permerekan,Perubahan dan Pengembangan Organisasi,Biomanajemen,Bisnis Manajemen,Desain Dan Manajemen Produk,Manajemen Bandar Udara,Manajemen Lalu Lintas Udara,Hospitality Manajemen Tata Hidangan,Hospitality Manajemen Pastry,Ilmu Manajemen Bisnis,Ilmu Manajemen Komunikasi,Manajemen Administrasi,Manajemen Administrasi Akuntansi,Manajemen Administrasi Perhotelan,Manajemen Agroindustri,Manajemen Bencana,Manajemen Berita,Manajemen Bisnis Industri,Manajemen Bisnis Internasional,Manajemen Bisnis Jasa Perjalanan Wisata,Manajemen Bisnis Konvensi Dan Event,Manajemen Bisnis Konvensi Dan Perhelatan,Manajemen Bisnis Pariwisata,Manajemen Bisnis Perjalanan,Manajemen Bisnis Perjalanan Wisata,Manajemen Bisnis Syariah,Manajemen Bisnis Telekomunikasi Dan Informatika,Manajemen Dakwah,Manajemen Dakwah Islam,Manajemen Dakwah Komunikasi,Manajemen Dan Bisnis,Manajemen Dan Kebijakan Publik,Manajemen Destinasi Pariwisata,Manajemen Isi Kamar,Manajemen Isi Kamar Perhotelan,Manajemen Event,Manajemen Haji Dan Umrah,Manajemen Hospitality,Manajemen Hotel,Manajemen Industri Jasa Makan Dan Gizi,Manajemen Industri Katering,Manajemen Informasi Dan Komunikasi,Manajemen Informasi Kesehatan,Manajemen Informatika Dan Teknik Komputer,Manajemen Islam,Manajemen Kebijakan Publik,Manajemen Kepariwisataan,Manajemen Kepelabuhan Dan Pelayaran,Manajemen Keselamatan Transportasi Jalan,Manajemen Keuangan Syariah,Manajemen Konvensi Dan Acara,Manajemen Konvensi Dan Perhelatan,Manajemen Kuliner,Manajemen Lembaga Keuangan Syariah,Manajemen Logistik Industri Agro,Manajemen Logistik Industri Elektronika,Manajemen Mice,Manajemen Obat Dan Farmasi,Manajemen Operasi Dan Produksi,Manajemen Pajak,Manajemen Pariwisata,Manajemen Patiseri,Manajemen Pelabuhan,Manajemen Pemasaran Industri Elektronika,Manajemen Pemasaran Pariwisata,Manajemen Pemerintahan,Manajemen Pendidikan Isiam,Manajemen Pendidikan Islam Bimbingan Dan Konseling Islam,Manajemen Pendidikan Kristen,Manajemen Penerbangan,Manajemen Pengaturan Perjalanan,Manajemen Pengelolaan Perhotelan,Manajemen Pengelolaan Sumberdaya Perairan,Manajemen Perbankan,Manajemen Perbankan Dan Keuangan Syariah,Manajemen Perbankan Syariah,Manajemen Perdagangan,Manajemen Perencanaan Dan Pemasaran Pariwisata,Manajemen Perhotelan Dan Pariwisata,Manajemen Perjalanan Wisata,Manajemen Perpajakan,Manajemen Pertanian Lahan Kering,Manajemen Produksi,Manajemen Produksi Siaran,Manajemen Produksi Siaran Radio Dan Televisi,Manajemen Rekayasa,Manajemen Rekayasa Perikanan Tangkap,Manajemen Rekod Dan Arsip,Manajemen Resort Dan Leisure,Manajemen Sumber Daya Air,Manajemen Sumber Daya Akuatik,Manajemen Sumber Daya Manusia Aparatur,Manajemen Sumber Daya Perikanan,Manajemen Sumber Daya Lahan,Manajemen Tata Boga,Manajemen Tata Hidangan,Manajemen Teknik Studio Produksi,Manajemen Teknologi Perikanan Tangkap,Manajemen Transportasi Logistik Material,Manajemen Transportasi Dan Logistik,Manajemen Transportasi Darat,Manajemen Transportasi Laut,Manajemen Transportasi Logistik,Manajemen Transportasi Perkeretaapian,Manajemen Usaha Perjalanan,Manajemen Usaha Perjalanan Wisata,Manajemen Usaha Peternakan,Manajemen Zakat Wakaf,Manajemen Transportasi Udara,Teknologi Manajemen Perikanan,Teknologi Dan Manajemen Budidaya Perairan,Teknologi Dan Manajemen Perikanan Budidaya,Teknologi Dan Manajemen Perikanan Budidaya Air Tawar,Teknologi Dan Manajemen Perikanan Tangkap,Teknologi Dan Manajemen Peternakan,Teknologi Dan Manajemen Produksi Perkebunan,Teknologi Produksi Dan Manajemen Perikanan Budidaya,Advertising,Advertising Periklanan,Culinary Management,Kesekretariatan,Kesekretariatan Konsentrasi Perpustakaan Dan Arsip,Kesekretariatan Perpustakaan Dan Arsip",,DCD26DE95CD458D59A96FBEC7E91CB99,"{""tenant_id"": ""252DE67346592997854C752D36AD6867"", ""vacancy_base_url"": ""https://web.archive.org/web/20240327194708/https://rekrutmenbersama2024.fhcibumn.id/"", ""jurusan_filter_type"": ""in"", ""total_job_available"": ""2000"", ""major_group_non_sma"": ""[\""6\"",\""18\"",\""45\""]"", ""major_group_sma"": ""null""}"
2024,Technician Perencanaan dan Implementasi Sistem Meter PLN,PT Perusahaan Listrik Negara (Persero) - PT PLN ICON Plus,Fresh Graduate,Digitalisasi and IT,0,0,1,0,,,30,,,,3.00,,0,"Instrumentasi Fisik,Teknik Biomedika,Teknik Elektro,Teknik Elektro Aplikasi Mikroprosesor,Teknik Elektro dan Informatika,Teknik Elektro Elektroniks Divais,Teknik Elektro Industri,Teknik Elektro Komunikasi,Teknik Elektro Manajemen Telekomunikasi,Teknik Elektro Multimedia Dan Jaringan,Teknik Elektro Perancangan Vlsi,Teknik Elektro Teknik Kontrol Industri,Teknik Elektro Telekomunikasi,Teknik Elektro Tenaga Listrik,Teknik Elektronika,Teknik Eletromedik,Teknik Instrumentasi,Teknik Mekanik,Teknik Mekatronika,Teknik Perangkat Lunak,Teknik Rekayasa Perangkat Lunak,Teknik Telekomunikasi,Teknik Komputer Dan Jaringan,Teknik Biomedik,Teknik Biomedis,Teknik Bioproses,Teknik Biosistem,Teknik Elektonika,Teknik Elektro Navigasi Dan Komunikasi Penerbangan,Teknik Elektro Otomasi,Teknik Elektromedis,Teknik Elektronika Industri,Teknik Elektronika Pesawat Udara,Teknik Elektronika Telekomunikasi,Teknik Informatika Dan Komputer,Teknik Informatika Konsentrasi Rekam Medis Dan Informasi Kesehatan,Teknik Informatika Multimedia,Teknik Komputer Dan Informatika,Teknik Komputer Jaringan,Teknik Komputer Dan Komunikasi,Teknik Komputer Kontrol,Teknik Komputer Multimedia,Biomedical Engineering,Teknologi Instrumentasi,Teknik Elektro,Teknik Tenaga Elektrik,Teknik Telekomunikasi,Teknik Elektronika,Teknik Kendali (Atau Instrumentasi dan Kontrol),Teknik Biomedika,Teknik Komputer,Teknik Informatika,Ilmu Komputer,Sistem Informasi,Teknologi Informasi,Teknik Perangkat Lunak,Teknik Mekatronika,Keamanan Siber,Teknik Synth Fiber,Teknik Informatika,Teknologi dan Aplikasi Mobile,Rekayasa Perangkat Lunak,Application Development Profesional,Art And Computer Science,Artificial Intelligence Business Analytics,Computer Aided Industrial Design,Computerized Accounting,test major pagi",,545C8272CD43E92AEC5AF4D94313CA43,"{""tenant_id"": ""F29E2AF2AEE888ADF556EAF2F83215DB"", ""vacancy_base_url"": ""https://web.archive.org/web/20240327194708/https://rekrutmenbersama2024.fhcibumn.id/"", ""jurusan_filter_type"": ""in"", ""total_job_available"": ""1000"", ""major_group_non_sma"": ""[\""65\"",\""62\""]"", ""major_group_sma"": ""null""}"
2024,Technician Evaluasi dan Kinerja Layanan,PT Perusahaan Listrik Negara (Persero) - PT PLN ICON Plus,Fresh Graduate,Digitalisasi and IT,0,0,1,0,,,30,,,,3.00,,0,"Instrumentasi Fisik,Teknik Biomedika,Teknik Elektro,Teknik Elektro Aplikasi Mikroprosesor,Teknik Elektro dan Informatika,Teknik Elektro Elektroniks Divais,Teknik Elektro Industri,Teknik Elektro Komunikasi,Teknik Elektro Manajemen Telekomunikasi,Teknik Elektro Multimedia Dan Jaringan,Teknik Elektro Perancangan Vlsi,Teknik Elektro Teknik Kontrol Industri,Teknik Elektro Telekomunikasi,Teknik Elektro Tenaga Listrik,Teknik Elektronika,Teknik Eletromedik,Teknik Instrumentasi,Teknik Mekanik,Teknik Mekatronika,Teknik Perangkat Lunak,Teknik Rekayasa Perangkat Lunak,Teknik Telekomunikasi,Teknik Komputer Dan Jaringan,Teknik Biomedik,Teknik Biomedis,Teknik Bioproses,Teknik Biosistem,Teknik Elektonika,Teknik Elektro Navigasi Dan Komunikasi Penerbangan,Teknik Elektro Otomasi,Teknik Elektromedis,Teknik Elektronika Industri,Teknik Elektronika Pesawat Udara,Teknik Elektronika Telekomunikasi,Teknik Informatika Dan Komputer,Teknik Informatika Konsentrasi Rekam Medis Dan Informasi Kesehatan,Teknik Informatika Multimedia,Teknik Komputer Dan Informatika,Teknik Komputer Jaringan,Teknik Komputer Dan Komunikasi,Teknik Komputer Kontrol,Teknik Komputer Multimedia,Biomedical Engineering,Teknologi Instrumentasi,Teknik Elektro,Teknik Tenaga Elektrik,Teknik Telekomunikasi,Teknik Elektronika,Teknik Kendali (Atau Instrumentasi dan Kontrol),Teknik Biomedika,Teknik Komputer,Teknik Informatika,Ilmu Komputer,Sistem Informasi,Teknologi Informasi,Teknik Perangkat Lunak,Teknik Mekatronika,Keamanan Siber,Teknik Synth Fiber,Teknik Informatika,Teknologi dan Aplikasi Mobile,Rekayasa Perangkat Lunak,Application Development Profesional,Art And Computer Science,Artificial Intelligence Business Analytics,Computer Aided Industrial Design,Computerized Accounting,test major pagi",,51617F27515AC12BB47116366DCB4A00,"{""tenant_id"": ""F29E2AF2AEE888ADF556EAF2F83215DB"", ""vacancy_base_url"": ""https://web.archive.org/web/20240327194708/https://rekrutmenbersama2024.fhcibumn.id/"", ""jurusan_filter_type"": ""in"", ""total_job_available"": ""1000"", ""major_group_non_sma"": ""[\""65\"",\""62\""]"", ""major_group_sma"": ""null""}"
2024,Technician Pengembangan Sistem,PT Perusahaan Listrik Negara (Persero) - PT PLN ICON Plus,Fresh Graduate,Digitalisasi and IT,0,0,1,0,,,30,,,,3.00,,0,"Instrumentasi Fisik,Teknik Biomedika,Teknik Elektro,Teknik Elektro Aplikasi Mikroprosesor,Teknik Elektro dan Informatika,Teknik Elektro Elektroniks Divais,Teknik Elektro Industri,Teknik Elektro Komunikasi,Teknik Elektro Manajemen Telekomunikasi,Teknik Elektro Multimedia Dan Jaringan,Teknik Elektro Perancangan Vlsi,Teknik Elektro Teknik Kontrol Industri,Teknik Elektro Telekomunikasi,Teknik Elektro Tenaga Listrik,Teknik Elektronika,Teknik Eletromedik,Teknik Instrumentasi,Teknik Mekanik,Teknik Mekatronika,Teknik Perangkat Lunak,Teknik Rekayasa Perangkat Lunak,Teknik Telekomunikasi,Teknik Komputer Dan Jaringan,Teknik Biomedik,Teknik Biomedis,Teknik Bioproses,Teknik Biosistem,Teknik Elektonika,Teknik Elektro Navigasi Dan Komunikasi Penerbangan,Teknik Elektro Otomasi,Teknik Elektromedis,Teknik Elektronika Industri,Teknik Elektronika Pesawat Udara,Teknik Elektronika Telekomunikasi,Teknik Informatika Dan Komputer,Teknik Informatika Konsentrasi Rekam Medis Dan Informasi Kesehatan,Teknik Informatika Multimedia,Teknik Komputer Dan Informatika,Teknik Komputer Jaringan,Teknik Komputer Dan Komunikasi,Teknik Komputer Kontrol,Teknik Komputer Multimedia,Biomedical Engineering,Teknologi Instrumentasi,Teknik Elektro,Teknik Tenaga Elektrik,Teknik Telekomunikasi,Teknik Elektronika,Teknik Kendali (Atau Instrumentasi dan Kontrol),Teknik Biomedika,Teknik Komputer,Teknik Informatika,Ilmu Komputer,Sistem Informasi,Teknologi Informasi,Teknik Perangkat Lunak,Teknik Mekatronika,Keamanan Siber,Teknik Synth Fiber,Teknik Informatika,Teknologi dan Aplikasi Mobile,Rekayasa Perangkat Lunak,Application Development Profesional,Art And Computer Science,Artificial Intelligence Business Analytics,Computer Aided Industrial Design,Computerized Accounting,test major pagi",,6AD0BD6572CB0C6043A0C12B5BA4E9C9,"{""tenant_id"": ""F29E2AF2AEE888ADF556EAF2F83215DB"", ""vacancy_base_url"": ""https://web.archive.org/web/20240327194708/https://rekrutmenbersama2024.fhcibumn.id/"", ""jurusan_filter_type"": ""in"", ""total_job_available"": ""1000"", ""major_group_non_sma"": ""[\""65\"",\""62\""]"", ""major_group_sma"": ""null""}"
2024,Technician Desain dan Lifecycle System,PT Perusahaan Listrik Negara (Persero) - PT PLN ICON Plus,Fresh Graduate,Digitalisasi and IT,0,0,1,0,,,30,,,,3.00,,0,"Instrumentasi Fisik,Teknik Biomedika,Teknik Elektro,Teknik Elektro Aplikasi Mikroprosesor,Teknik Elektro dan Informatika,Teknik Elektro Elektroniks Divais,Teknik Elektro Industri,Teknik Elektro Komunikasi,Teknik Elektro Manajemen Telekomunikasi,Teknik Elektro Multimedia Dan Jaringan,Teknik Elektro Perancangan Vlsi,Teknik Elektro Teknik Kontrol Industri,Teknik Elektro Telekomunikasi,Teknik Elektro Tenaga Listrik,Teknik Elektronika,Teknik Eletromedik,Teknik Instrumentasi,Teknik Mekanik,Teknik Mekatronika,Teknik Perangkat Lunak,Teknik Rekayasa Perangkat Lunak,Teknik Telekomunikasi,Teknik Komputer Dan Jaringan,Teknik Biomedik,Teknik Biomedis,Teknik Bioproses,Teknik Biosistem,Teknik Elektonika,Teknik Elektro Navigasi Dan Komunikasi Penerbangan,Teknik Elektro Otomasi,Teknik Elektromedis,Teknik Elektronika Industri,Teknik Elektronika Pesawat Udara,Teknik Elektronika Telekomunikasi,Teknik Informatika Dan Komputer,Teknik Informatika Konsentrasi Rekam Medis Dan Informasi Kesehatan,Teknik Informatika Multimedia,Teknik Komputer Dan Informatika,Teknik Komputer Jaringan,Teknik Komputer Dan Komunikasi,Teknik Komputer Kontrol,Teknik Komputer Multimedia,Biomedical Engineering,Teknologi Instrumentasi,Teknik Elektro,Teknik Tenaga Elektrik,Teknik Telekomunikasi,Teknik Elektronika,Teknik Kendali (Atau Instrumentasi dan Kontrol),Teknik Biomedika,Teknik Komputer,Teknik Informatika,Ilmu Komputer,Sistem Informasi,Teknologi Informasi,Teknik Perangkat Lunak,Teknik Mekatronika,Keamanan Siber,Teknik Synth Fiber,Teknik Informatika,Teknologi dan Aplikasi Mobile,Rekayasa Perangkat Lunak,Application Development Profesional,Art And Computer Science,Artificial Intelligence Business Analytics,Computer Aided Industrial Design,Computerized Accounting,test major pagi",,C756F902E152156FE8957C2AE8E7D31C,"{""tenant_id"": ""F29E2AF2AEE888ADF556EAF2F83215DB"", ""vacancy_base_url"": ""https://web.archive.org/web/20240327194708/https://rekrutmenbersama2024.fhcibumn.id/"", ""jurusan_filter_type"": ""in"", ""total_job_available"": ""1000"", ""major_group_non_sma"": ""[\""65\"",\""62\""]"", ""major_group_sma"": ""null""}"
2024,Technician Testing Acceptance dan Service Transition,PT Perusahaan Listrik Negara (Persero) - PT PLN ICON Plus,Fresh Graduate,Digitalisasi and IT,0,0,1,0,,,30,,,,3.00,,0,"Instrumentasi Fisik,Teknik Biomedika,Teknik Elektro,Teknik Elektro Aplikasi Mikroprosesor,Teknik Elektro dan Informatika,Teknik Elektro Elektroniks Divais,Teknik Elektro Industri,Teknik Elektro Komunikasi,Teknik Elektro Manajemen Telekomunikasi,Teknik Elektro Multimedia Dan Jaringan,Teknik Elektro Perancangan Vlsi,Teknik Elektro Teknik Kontrol Industri,Teknik Elektro Telekomunikasi,Teknik Elektro Tenaga Listrik,Teknik Elektronika,Teknik Eletromedik,Teknik Instrumentasi,Teknik Mekanik,Teknik Mekatronika,Teknik Perangkat Lunak,Teknik Rekayasa Perangkat Lunak,Teknik Telekomunikasi,Teknik Komputer Dan Jaringan,Teknik Biomedik,Teknik Biomedis,Teknik Bioproses,Teknik Biosistem,Teknik Elektonika,Teknik Elektro Navigasi Dan Komunikasi Penerbangan,Teknik Elektro Otomasi,Teknik Elektromedis,Teknik Elektronika Industri,Teknik Elektronika Pesawat Udara,Teknik Elektronika Telekomunikasi,Teknik Informatika Dan Komputer,Teknik Informatika Konsentrasi Rekam Medis Dan Informasi Kesehatan,Teknik Informatika Multimedia,Teknik Komputer Dan Informatika,Teknik Komputer Jaringan,Teknik Komputer Dan Komunikasi,Teknik Komputer Kontrol,Teknik Komputer Multimedia,Biomedical Engineering,Teknologi Instrumentasi,Teknik Elektro,Teknik Tenaga Elektrik,Teknik Telekomunikasi,Teknik Elektronika,Teknik Kendali (Atau Instrumentasi dan Kontrol),Teknik Biomedika,Teknik Komputer,Teknik Informatika,Ilmu Komputer,Sistem Informasi,Teknologi Informasi,Teknik Perangkat Lunak,Teknik Mekatronika,Keamanan Siber,Teknik Synth Fiber,Teknik Informatika,Teknologi dan Aplikasi Mobile,Rekayasa Perangkat Lunak,Application Development Profesional,Art And Computer Science,Artificial Intelligence Business Analytics,Computer Aided Industrial Design,Computerized Accounting,test major pagi",,A7D26C6099A07613E3EAB2E6BD9960B6,"{""tenant_id"": ""F29E2AF2AEE888ADF556EAF2F83215DB"", ""vacancy_base_url"": ""https://web.archive.org/web/20240327194708/https://rekrutmenbersama2024.fhcibumn.id/"", ""jurusan_filter_type"": ""in"", ""total_job_available"": ""1000"", ""major_group_non_sma"": ""[\""65\"",\""62\""]"", ""major_group_sma"": ""null""}"
2024,Technician Desain dan Pengembangan Aplikasi,PT Perusahaan Listrik Negara (Persero) - PT PLN ICON Plus,Fresh Graduate,Digitalisasi and IT,0,0,1,0,,,30,,,,3.00,,0,"Instrumentasi Fisik,Teknik Biomedika,Teknik Elektro,Teknik Elektro Aplikasi Mikroprosesor,Teknik Elektro dan Informatika,Teknik Elektro Elektroniks Divais,Teknik Elektro Industri,Teknik Elektro Komunikasi,Teknik Elektro Manajemen Telekomunikasi,Teknik Elektro Multimedia Dan Jaringan,Teknik Elektro Perancangan Vlsi,Teknik Elektro Teknik Kontrol Industri,Teknik Elektro Telekomunikasi,Teknik Elektro Tenaga Listrik,Teknik Elektronika,Teknik Eletromedik,Teknik Instrumentasi,Teknik Mekanik,Teknik Mekatronika,Teknik Perangkat Lunak,Teknik Rekayasa Perangkat Lunak,Teknik Telekomunikasi,Teknik Komputer Dan Jaringan,Teknik Biomedik,Teknik Biomedis,Teknik Bioproses,Teknik Biosistem,Teknik Elektonika,Teknik Elektro Navigasi Dan Komunikasi Penerbangan,Teknik Elektro Otomasi,Teknik Elektromedis,Teknik Elektronika Industri,Teknik Elektronika Pesawat Udara,Teknik Elektronika Telekomunikasi,Teknik Informatika Dan Komputer,Teknik Informatika Konsentrasi Rekam Medis Dan Informasi Kesehatan,Teknik Informatika Multimedia,Teknik Komputer Dan Informatika,Teknik Komputer Jaringan,Teknik Komputer Dan Komunikasi,Teknik Komputer Kontrol,Teknik Komputer Multimedia,Biomedical Engineering,Teknologi Instrumentasi,Teknik Elektro,Teknik Tenaga Elektrik,Teknik Telekomunikasi,Teknik Elektronika,Teknik Kendali (Atau Instrumentasi dan Kontrol),Teknik Biomedika,Teknik Komputer,Teknik Informatika,Ilmu Komputer,Sistem Informasi,Teknologi Informasi,Teknik Perangkat Lunak,Teknik Mekatronika,Keamanan Siber,Teknik Synth Fiber,Teknik Informatika,Teknologi dan Aplikasi Mobile,Rekayasa Perangkat Lunak,Application Development Profesional,Art And Computer Science,Artificial Intelligence Business Analytics,Computer Aided Industrial Design,Computerized Accounting,test major pagi",,61858EC767D932356E94A5B68A90174C,"{""tenant_id"": ""F29E2AF2AEE888ADF556EAF2F83215DB"", ""vacancy_base_url"": ""https://web.archive.org/web/20240327194708/https://rekrutmenbersama2024.fhcibumn.id/"", ""jurusan_filter_type"": ""in"", ""total_job_available"": ""1000"", ""major_group_non_sma"": ""[\""65\"",\""62\""]"", ""major_group_sma"": ""null""}"
2024,Technician Operasi dan Pemeliharaan Sistem Meter PLN,PT Perusahaan Listrik Negara (Persero) - PT PLN ICON Plus,Fresh Graduate,Digitalisasi and IT,0,0,1,0,,,30,,,,3.00,,0,"Instrumentasi Fisik,Teknik Biomedika,Teknik Elektro,Teknik Elektro Aplikasi Mikroprosesor,Teknik Elektro dan Informatika,Teknik Elektro Elektroniks Divais,Teknik Elektro Industri,Teknik Elektro Komunikasi,Teknik Elektro Manajemen Telekomunikasi,Teknik Elektro Multimedia Dan Jaringan,Teknik Elektro Perancangan Vlsi,Teknik Elektro Teknik Kontrol Industri,Teknik Elektro Telekomunikasi,Teknik Elektro Tenaga Listrik,Teknik Elektronika,Teknik Eletromedik,Teknik Instrumentasi,Teknik Mekanik,Teknik Mekatronika,Teknik Perangkat Lunak,Teknik Rekayasa Perangkat Lunak,Teknik Telekomunikasi,Teknik Komputer Dan Jaringan,Teknik Biomedik,Teknik Biomedis,Teknik Bioproses,Teknik Biosistem,Teknik Elektonika,Teknik Elektro Navigasi Dan Komunikasi Penerbangan,Teknik Elektro Otomasi,Teknik Elektromedis,Teknik Elektronika Industri,Teknik Elektronika Pesawat Udara,Teknik Elektronika Telekomunikasi,Teknik Informatika Dan Komputer,Teknik Informatika Konsentrasi Rekam Medis Dan Informasi Kesehatan,Teknik Informatika Multimedia,Teknik Komputer Dan Informatika,Teknik Komputer Jaringan,Teknik Komputer Dan Komunikasi,Teknik Komputer Kontrol,Teknik Komputer Multimedia,Biomedical Engineering,Teknologi Instrumentasi,Teknik Elektro,Teknik Tenaga Elektrik,Teknik Telekomunikasi,Teknik Elektronika,Teknik Kendali (Atau Instrumentasi dan Kontrol),Teknik Biomedika,Teknik Komputer,Teknik Informatika,Ilmu Komputer,Sistem Informasi,Teknologi Informasi,Teknik Perangkat Lunak,Teknik Mekatronika,Keamanan Siber,Teknik Synth Fiber,Teknik Informatika,Teknologi dan Aplikasi Mobile,Rekayasa Perangkat Lunak,Application Development Profesional,Art And Computer Science,Artificial Intelligence Business Analytics,Computer Aided Industrial Design,Computerized Accounting,test major pagi",,FAB98E53F4FE016D0838B5710F075DF6,"{""tenant_id"": ""F29E2AF2AEE888ADF556EAF2F83215DB"", ""vacancy_base_url"": ""https://web.archive.org/web/20240327194708/https://rekrutmenbersama2024.fhcibumn.id/"", ""jurusan_filter_type"": ""in"", ""total_job_available"": ""1000"", ""major_group_non_sma"": ""[\""65\"",\""62\""]"", ""major_group_sma"": ""null""}"
